Participant Id,Time Gameplayed Utc,Time Sent Utc,Detail,Condition,Trial Number,FPS Mean,FPS Variance,Finish Status,Session Type,OS Version,Screen Height,Screen Width,Build,Client Time Zone,Device DPI,Device Model,Device Type,Graphics Device Name,I18n,Processor Count,Processor Frequency,Runtime Platform,System Memory Size,Times Finished Game,Correct Button,Object Count,Point 0 RT,Point 1 RT,Point 10 RT,Point 11 RT,Point 12 RT,Point 13 RT,Point 14 RT,Point 2 RT,Point 3 RT,Point 4 RT,Point 5 RT,Point 6 RT,Point 7 RT,Point 8 RT,Point 9 RT,Response Time,Response Window,Stimulus Array Time,Tap 0 RT,Tap 1 RT,Tap 10 RT,Tap 11 RT,Tap 12 RT,Tap 13 RT,Tap 14 RT,Tap 2 RT,Tap 3 RT,Tap 4 RT,Tap 5 RT,Tap 6 RT,Tap 7 RT,Tap 8 RT,Tap 9 RT,Total Taps
ucsfww0005,2019-09-12T16:46:18.554Z,2019-09-12T16:46:18.554Z,,default,0,57.8228836,61.83894,Successful,StartingWindow,iOS 12.4.1,1536,2048,1.11.23,PST,326,"iPad4,4",Handheld,Apple A7 GPU,English,2,0,IPhonePlayer,972,0,1,3,"{99, 293}","{230, 224}",N/A,N/A,N/A,N/A,N/A,"{446, 61}",N/A,N/A,N/A,N/A,N/A,N/A,N/A,2167,-1,4000,1283,400,N/A,N/A,N/A,N/A,N/A,484,N/A,N/A,N/A,N/A,N/A,N/A,N/A,3
ucsfww0005,2019-09-12T16:46:18.554Z,2019-09-12T16:46:18.554Z,,default,1,57.8228836,61.83894,Successful,StartingWindow,iOS 12.4.1,1536,2048,1.11.23,PST,326,"iPad4,4",Handheld,Apple A7 GPU,English,2,0,IPhonePlayer,972,0,1,3,"{456, 183}","{230, 224}",N/A,N/A,N/A,N/A,N/A,"{591, 244}",N/A,N/A,N/A,N/A,N/A,N/A,N/A,1500,-1,4000,683,400,N/A,N/A,N/A,N/A,N/A,417,N/A,N/A,N/A,N/A,N/A,N/A,N/A,3
ucsfww0005,2019-09-12T16:46:18.554Z,2019-09-12T16:46:18.554Z,,default,2,57.8228836,61.83894,Successful,StartingWindow,iOS 12.4.1,1536,2048,1.11.23,PST,326,"iPad4,4",Handheld,Apple A7 GPU,English,2,0,IPhonePlayer,972,0,0,4,"{456, 183}","{99, 293}",N/A,N/A,N/A,N/A,N/A,"{640, 122}","{230, 224}",N/A,N/A,N/A,N/A,N/A,N/A,5267,-1,5000,417,467,N/A,N/A,N/A,N/A,N/A,1133,3250,N/A,N/A,N/A,N/A,N/A,N/A,4
ucsfww0005,2019-09-12T16:46:51.535Z,2019-09-12T16:46:51.535Z,,default,0,57.26412,74.90265,Successful,Real,iOS 12.4.1,1536,2048,1.11.23,PST,326,"iPad4,4",Handheld,Apple A7 GPU,English,2,0,IPhonePlayer,972,0,1,3,"{99, 293}","{230, 224}",N/A,N/A,N/A,N/A,N/A,"{446, 61}",N/A,N/A,N/A,N/A,N/A,N/A,N/A,2016,-1,4000,950,516,N/A,N/A,N/A,N/A,N/A,550,N/A,N/A,N/A,N/A,N/A,N/A,N/A,3
ucsfww0005,2019-09-12T16:46:51.535Z,2019-09-12T16:46:51.535Z,,default,1,57.26412,74.90265,Successful,Real,iOS 12.4.1,1536,2048,1.11.23,PST,326,"iPad4,4",Handheld,Apple A7 GPU,English,2,0,IPhonePlayer,972,0,1,3,"{456, 183}","{230, 224}",N/A,N/A,N/A,N/A,N/A,"{591, 244}",N/A,N/A,N/A,N/A,N/A,N/A,N/A,1767,-1,4000,734,467,N/A,N/A,N/A,N/A,N/A,566,N/A,N/A,N/A,N/A,N/A,N/A,N/A,3
ucsfww0005,2019-09-12T16:46:51.535Z,2019-09-12T16:46:51.535Z,,default,2,57.26412,74.90265,Successful,Real,iOS 12.4.1,1536,2048,1.11.23,PST,326,"iPad4,4",Handheld,Apple A7 GPU,English,2,0,IPhonePlayer,972,0,1,4,"{456, 183}","{99, 293}",N/A,N/A,N/A,N/A,N/A,"{640, 122}","{230, 224}",N/A,N/A,N/A,N/A,N/A,N/A,2850,-1,5000,866,617,N/A,N/A,N/A,N/A,N/A,800,567,N/A,N/A,N/A,N/A,N/A,N/A,4
ucsfww0005,2019-09-12T16:46:51.535Z,2019-09-12T16:46:51.535Z,,default,3,57.26412,74.90265,Successful,Real,iOS 12.4.1,1536,2048,1.11.23,PST,326,"iPad4,4",Handheld,Apple A7 GPU,English,2,0,IPhonePlayer,972,0,0,4,"{249, 41}","{640, 122}",N/A,N/A,N/A,N/A,N/A,"{99, 293}","{49, 102}",N/A,N/A,N/A,N/A,N/A,N/A,1451,-1,5000,484,617,N/A,N/A,N/A,N/A,N/A,350,N/A,N/A,N/A,N/A,N/A,N/A,N/A,3
ucsfww0005,2019-09-12T16:46:51.535Z,2019-09-12T16:46:51.535Z,,default,4,57.26412,74.90265,Successful,Real,iOS 12.4.1,1536,2048,1.11.23,PST,326,"iPad4,4",Handheld,Apple A7 GPU,English,2,0,IPhonePlayer,972,0,0,4,"{99, 293}","{446, 61}",N/A,N/A,N/A,N/A,N/A,"{230, 224}","{249, 41}",N/A,N/A,N/A,N/A,N/A,N/A,2366,-1,5000,750,766,N/A,N/A,N/A,N/A,N/A,400,450,N/A,N/A,N/A,N/A,N/A,N/A,4
ucsfww0005,2019-09-12T16:46:51.535Z,2019-09-12T16:46:51.535Z,,default,5,57.26412,74.90265,Successful,Real,iOS 12.4.1,1536,2048,1.11.23,PST,326,"iPad4,4",Handheld,Apple A7 GPU,English,2,0,IPhonePlayer,972,0,1,4,"{230, 224}","{99, 293}",N/A,N/A,N/A,N/A,N/A,"{446, 61}","{249, 41}",N/A,N/A,N/A,N/A,N/A,N/A,2584,-1,5000,850,450,N/A,N/A,N/A,N/A,N/A,717,567,N/A,N/A,N/A,N/A,N/A,N/A,4
ucsfww0005,2019-09-12T16:46:51.535Z,2019-09-12T16:46:51.535Z,,default,6,57.26412,74.90265,Successful,Real,iOS 12.4.1,1536,2048,1.11.23,PST,326,"iPad4,4",Handheld,Apple A7 GPU,English,2,0,IPhonePlayer,972,0,1,4,"{230, 224}","{427, 315}",N/A,N/A,N/A,N/A,N/A,"{446, 61}","{49, 102}",N/A,N/A,N/A,N/A,N/A,N/A,1900,-1,5000,184,633,N/A,N/A,N/A,N/A,N/A,550,533,N/A,N/A,N/A,N/A,N/A,N/A,4
ucsfww0005,2019-09-12T16:46:51.535Z,2019-09-12T16:46:51.535Z,,default,7,57.26412,74.90265,Successful,Real,iOS 12.4.1,1536,2048,1.11.23,PST,326,"iPad4,4",Handheld,Apple A7 GPU,English,2,0,IPhonePlayer,972,0,0,5,"{99, 293}","{427, 315}",N/A,N/A,N/A,N/A,N/A,"{591, 244}","{230, 224}","{249, 41}",N/A,N/A,N/A,N/A,N/A,1200,-1,6000,566,634,N/A,N/A,N/A,N/A,N/A,N/A,N/A,N/A,N/A,N/A,N/A,N/A,N/A,2
ucsfww0005,2019-09-12T16:46:51.535Z,2019-09-12T16:46:51.535Z,,default,8,57.26412,74.90265,Successful,Real,iOS 12.4.1,1536,2048,1.11.23,PST,326,"iPad4,4",Handheld,Apple A7 GPU,English,2,0,IPhonePlayer,972,0,0,5,"{640, 122}","{230, 224}",N/A,N/A,N/A,N/A,N/A,"{99, 293}","{456, 183}","{446, 61}",N/A,N/A,N/A,N/A,N/A,2417,-1,6000,717,700,N/A,N/A,N/A,N/A,N/A,1000,N/A,N/A,N/A,N/A,N/A,N/A,N/A,3
ucsfww0005,2019-09-12T16:46:51.535Z,2019-09-12T16:46:51.535Z,,default,9,57.26412,74.90265,Successful,Real,iOS 12.4.1,1536,2048,1.11.23,PST,326,"iPad4,4",Handheld,Apple A7 GPU,English,2,0,IPhonePlayer,972,0,0,5,"{249, 41}","{446, 61}",N/A,N/A,N/A,N/A,N/A,"{640, 122}","{427, 315}","{230, 224}",N/A,N/A,N/A,N/A,N/A,4000,-1,6000,850,416,N/A,N/A,N/A,N/A,N/A,1267,650,817,N/A,N/A,N/A,N/A,N/A,5
ucsfww0007,2019-09-12T16:49:27.604Z,2019-09-12T16:49:27.604Z,,default,0,57.71987,67.11246,Successful,StartingWindow,iOS 12.4.1,1536,2048,1.11.23,PST,326,"iPad4,4",Handheld,Apple A7 GPU,English,2,0,IPhonePlayer,972,0,1,3,"{99, 293}","{230, 224}",N/A,N/A,N/A,N/A,N/A,"{446, 61}",N/A,N/A,N/A,N/A,N/A,N/A,N/A,2817,-1,4000,1283,817,N/A,N/A,N/A,N/A,N/A,717,N/A,N/A,N/A,N/A,N/A,N/A,N/A,3
ucsfww0007,2019-09-12T16:49:27.604Z,2019-09-12T16:49:27.604Z,,default,1,57.71987,67.11246,Successful,StartingWindow,iOS 12.4.1,1536,2048,1.11.23,PST,326,"iPad4,4",Handheld,Apple A7 GPU,English,2,0,IPhonePlayer,972,0,1,3,"{456, 183}","{230, 224}",N/A,N/A,N/A,N/A,N/A,"{591, 244}",N/A,N/A,N/A,N/A,N/A,N/A,N/A,2600,-1,4000,1217,800,N/A,N/A,N/A,N/A,N/A,583,N/A,N/A,N/A,N/A,N/A,N/A,N/A,3
ucsfww0007,2019-09-12T16:49:27.604Z,2019-09-12T16:49:27.604Z,,default,2,57.71987,67.11246,Successful,StartingWindow,iOS 12.4.1,1536,2048,1.11.23,PST,326,"iPad4,4",Handheld,Apple A7 GPU,English,2,0,IPhonePlayer,972,0,1,4,"{456, 183}","{99, 293}",N/A,N/A,N/A,N/A,N/A,"{640, 122}","{230, 224}",N/A,N/A,N/A,N/A,N/A,N/A,2967,-1,5000,967,667,N/A,N/A,N/A,N/A,N/A,666,667,N/A,N/A,N/A,N/A,N/A,N/A,4
ucsfww0007,2019-09-12T16:49:59.191Z,2019-09-12T16:49:59.191Z,,default,0,56.52876,93.6634,Successful,Real,iOS 12.4.1,1536,2048,1.11.23,PST,326,"iPad4,4",Handheld,Apple A7 GPU,English,2,0,IPhonePlayer,972,0,1,3,"{99, 293}","{230, 224}",N/A,N/A,N/A,N/A,N/A,"{446, 61}",N/A,N/A,N/A,N/A,N/A,N/A,N/A,2650,-1,4000,1300,500,N/A,N/A,N/A,N/A,N/A,850,N/A,N/A,N/A,N/A,N/A,N/A,N/A,3
ucsfww0007,2019-09-12T16:49:59.191Z,2019-09-12T16:49:59.191Z,,default,1,56.52876,93.6634,Successful,Real,iOS 12.4.1,1536,2048,1.11.23,PST,326,"iPad4,4",Handheld,Apple A7 GPU,English,2,0,IPhonePlayer,972,0,0,3,"{456, 183}","{230, 224}",N/A,N/A,N/A,N/A,N/A,"{591, 244}",N/A,N/A,N/A,N/A,N/A,N/A,N/A,2267,-1,4000,1417,850,N/A,N/A,N/A,N/A,N/A,N/A,N/A,N/A,N/A,N/A,N/A,N/A,N/A,2
ucsfww0007,2019-09-12T16:49:59.191Z,2019-09-12T16:49:59.191Z,,default,2,56.52876,93.6634,Successful,Real,iOS 12.4.1,1536,2048,1.11.23,PST,326,"iPad4,4",Handheld,Apple A7 GPU,English,2,0,IPhonePlayer,972,0,1,3,"{427, 315}","{249, 41}",N/A,N/A,N/A,N/A,N/A,"{49, 102}",N/A,N/A,N/A,N/A,N/A,N/A,N/A,2517,-1,4000,1083,684,N/A,N/A,N/A,N/A,N/A,750,N/A,N/A,N/A,N/A,N/A,N/A,N/A,3
ucsfww0007,2019-09-12T16:49:59.191Z,2019-09-12T16:49:59.191Z,,default,3,56.52876,93.6634,Successful,Real,iOS 12.4.1,1536,2048,1.11.23,PST,326,"iPad4,4",Handheld,Apple A7 GPU,English,2,0,IPhonePlayer,972,0,1,3,"{49, 102}","{591, 244}",N/A,N/A,N/A,N/A,N/A,"{427, 315}",N/A,N/A,N/A,N/A,N/A,N/A,N/A,2150,-1,4000,733,750,N/A,N/A,N/A,N/A,N/A,667,N/A,N/A,N/A,N/A,N/A,N/A,N/A,3
ucsfww0007,2019-09-12T16:49:59.191Z,2019-09-12T16:49:59.191Z,,default,4,56.52876,93.6634,Successful,Real,iOS 12.4.1,1536,2048,1.11.23,PST,326,"iPad4,4",Handheld,Apple A7 GPU,English,2,0,IPhonePlayer,972,0,1,4,"{456, 183}","{99, 293}",N/A,N/A,N/A,N/A,N/A,"{640, 122}","{230, 224}",N/A,N/A,N/A,N/A,N/A,N/A,3234,-1,5000,617,883,N/A,N/A,N/A,N/A,N/A,1117,617,N/A,N/A,N/A,N/A,N/A,N/A,4
ucsfww0007,2019-09-12T16:49:59.191Z,2019-09-12T16:49:59.191Z,,default,5,56.52876,93.6634,Successful,Real,iOS 12.4.1,1536,2048,1.11.23,PST,326,"iPad4,4",Handheld,Apple A7 GPU,English,2,0,IPhonePlayer,972,0,0,4,"{249, 41}","{640, 122}",N/A,N/A,N/A,N/A,N/A,"{99, 293}","{49, 102}",N/A,N/A,N/A,N/A,N/A,N/A,3167,-1,5000,2350,817,N/A,N/A,N/A,N/A,N/A,N/A,N/A,N/A,N/A,N/A,N/A,N/A,N/A,2
ucsfww0007,2019-09-12T16:49:59.191Z,2019-09-12T16:49:59.191Z,,default,6,56.52876,93.6634,Successful,Real,iOS 12.4.1,1536,2048,1.11.23,PST,326,"iPad4,4",Handheld,Apple A7 GPU,English,2,0,IPhonePlayer,972,0,0,4,"{99, 293}","{446, 61}",N/A,N/A,N/A,N/A,N/A,"{230, 224}","{249, 41}",N/A,N/A,N/A,N/A,N/A,N/A,2950,-1,5000,1784,1166,N/A,N/A,N/A,N/A,N/A,N/A,N/A,N/A,N/A,N/A,N/A,N/A,N/A,2
ucsfww0007,2019-09-12T16:49:59.191Z,2019-09-12T16:49:59.191Z,,default,7,56.52876,93.6634,Successful,Real,iOS 12.4.1,1536,2048,1.11.23,PST,326,"iPad4,4",Handheld,Apple A7 GPU,English,2,0,IPhonePlayer,972,0,1,4,"{230, 224}","{99, 293}",N/A,N/A,N/A,N/A,N/A,"{446, 61}","{249, 41}",N/A,N/A,N/A,N/A,N/A,N/A,3300,-1,5000,1083,917,N/A,N/A,N/A,N/A,N/A,783,517,N/A,N/A,N/A,N/A,N/A,N/A,4
ucsfww0007,2019-09-12T16:49:59.191Z,2019-09-12T16:49:59.191Z,,default,8,56.52876,93.6634,Successful,Real,iOS 12.4.1,1536,2048,1.11.23,PST,326,"iPad4,4",Handheld,Apple A7 GPU,English,2,0,IPhonePlayer,972,0,1,4,"{230, 224}","{427, 315}",N/A,N/A,N/A,N/A,N/A,"{446, 61}","{49, 102}",N/A,N/A,N/A,N/A,N/A,N/A,2600,-1,5000,200,933,N/A,N/A,N/A,N/A,N/A,733,734,N/A,N/A,N/A,N/A,N/A,N/A,4
ucsfww0007,2019-09-12T16:49:59.191Z,2019-09-12T16:49:59.191Z,,default,9,56.52876,93.6634,Successful,Real,iOS 12.4.1,1536,2048,1.11.23,PST,326,"iPad4,4",Handheld,Apple A7 GPU,English,2,0,IPhonePlayer,972,0,0,5,"{99, 293}","{427, 315}",N/A,N/A,N/A,N/A,N/A,"{591, 244}","{230, 224}","{249, 41}",N/A,N/A,N/A,N/A,N/A,2666,-1,6000,883,800,N/A,N/A,N/A,N/A,N/A,983,N/A,N/A,N/A,N/A,N/A,N/A,N/A,3
ucsfww0007,2019-09-12T16:49:59.191Z,2019-09-12T16:49:59.191Z,,default,10,56.52876,93.6634,Successful,Real,iOS 12.4.1,1536,2048,1.11.23,PST,326,"iPad4,4",Handheld,Apple A7 GPU,English,2,0,IPhonePlayer,972,0,0,5,"{640, 122}","{230, 224}",N/A,N/A,N/A,N/A,N/A,"{99, 293}","{456, 183}","{446, 61}",N/A,N/A,N/A,N/A,N/A,2083,-1,6000,516,667,N/A,N/A,N/A,N/A,N/A,900,N/A,N/A,N/A,N/A,N/A,N/A,N/A,3
ucsfww0007,2019-09-12T16:49:59.191Z,2019-09-12T16:49:59.191Z,,default,11,56.52876,93.6634,Successful,Real,iOS 12.4.1,1536,2048,1.11.23,PST,326,"iPad4,4",Handheld,Apple A7 GPU,English,2,0,IPhonePlayer,972,0,1,5,"{249, 41}","{446, 61}",N/A,N/A,N/A,N/A,N/A,"{640, 122}","{427, 315}","{230, 224}",N/A,N/A,N/A,N/A,N/A,4517,-1,6000,1084,783,N/A,N/A,N/A,N/A,N/A,817,983,850,N/A,N/A,N/A,N/A,N/A,5
ucsfww0007,2019-09-12T16:49:59.191Z,2019-09-12T16:49:59.191Z,,default,12,56.52876,93.6634,Successful,Real,iOS 12.4.1,1536,2048,1.11.23,PST,326,"iPad4,4",Handheld,Apple A7 GPU,English,2,0,IPhonePlayer,972,0,0,5,"{230, 224}","{640, 122}",N/A,N/A,N/A,N/A,N/A,"{456, 183}","{591, 244}","{249, 41}",N/A,N/A,N/A,N/A,N/A,1833,-1,6000,1133,700,N/A,N/A,N/A,N/A,N/A,N/A,N/A,N/A,N/A,N/A,N/A,N/A,N/A,2
ucsfww0007,2019-09-12T16:49:59.191Z,2019-09-12T16:49:59.191Z,,default,13,56.52876,93.6634,Successful,Real,iOS 12.4.1,1536,2048,1.11.23,PST,326,"iPad4,4",Handheld,Apple A7 GPU,English,2,0,IPhonePlayer,972,0,0,5,"{99, 293}","{249, 41}",N/A,N/A,N/A,N/A,N/A,"{230, 224}","{591, 244}","{49, 102}",N/A,N/A,N/A,N/A,N/A,2366,-1,6000,650,766,N/A,N/A,N/A,N/A,N/A,950,N/A,N/A,N/A,N/A,N/A,N/A,N/A,3
ucsfww0007,2019-09-12T16:49:59.191Z,2019-09-12T16:49:59.191Z,,default,14,56.52876,93.6634,Successful,Real,iOS 12.4.1,1536,2048,1.11.23,PST,326,"iPad4,4",Handheld,Apple A7 GPU,English,2,0,IPhonePlayer,972,0,0,5,"{591, 244}","{640, 122}",N/A,N/A,N/A,N/A,N/A,"{446, 61}","{49, 102}","{249, 41}",N/A,N/A,N/A,N/A,N/A,3917,-1,6000,1483,800,N/A,N/A,N/A,N/A,N/A,850,784,N/A,N/A,N/A,N/A,N/A,N/A,4
ucsfww0008,2019-09-12T16:41:29.035Z,2019-09-12T16:41:29.035Z,,default,0,59.72178,22.8912,Successful,StartingWindow,iOS 12.4.1,1536,2048,1.11.23,PST,326,"iPad4,4",Handheld,Apple A7 GPU,English,2,0,IPhonePlayer,972,0,0,3,"{99, 293}","{230, 224}",N/A,N/A,N/A,N/A,N/A,"{446, 61}",N/A,N/A,N/A,N/A,N/A,N/A,N/A,917,-1,4000,917,N/A,N/A,N/A,N/A,N/A,N/A,N/A,N/A,N/A,N/A,N/A,N/A,N/A,N/A,1
ucsfww0008,2019-09-12T16:41:29.035Z,2019-09-12T16:41:29.035Z,,default,1,59.72178,22.8912,Successful,StartingWindow,iOS 12.4.1,1536,2048,1.11.23,PST,326,"iPad4,4",Handheld,Apple A7 GPU,English,2,0,IPhonePlayer,972,0,0,3,"{456, 183}","{230, 224}",N/A,N/A,N/A,N/A,N/A,"{591, 244}",N/A,N/A,N/A,N/A,N/A,N/A,N/A,3250,-1,4000,1033,2217,N/A,N/A,N/A,N/A,N/A,N/A,N/A,N/A,N/A,N/A,N/A,N/A,N/A,2
ucsfww0008,2019-09-12T16:41:29.035Z,2019-09-12T16:41:29.035Z,,default,2,59.72178,22.8912,Successful,StartingWindow,iOS 12.4.1,1536,2048,1.11.23,PST,326,"iPad4,4",Handheld,Apple A7 GPU,English,2,0,IPhonePlayer,972,0,1,3,"{427, 315}","{249, 41}",N/A,N/A,N/A,N/A,N/A,"{49, 102}",N/A,N/A,N/A,N/A,N/A,N/A,N/A,2300,-1,4000,900,750,N/A,N/A,N/A,N/A,N/A,650,N/A,N/A,N/A,N/A,N/A,N/A,N/A,3
ucsfww0008,2019-09-12T16:41:58.593Z,2019-09-12T16:41:58.593Z,,default,0,59.69645,20.0965652,Successful,StartingWindow,iOS 12.4.1,1536,2048,1.11.23,PST,326,"iPad4,4",Handheld,Apple A7 GPU,English,2,0,IPhonePlayer,972,0,1,3,"{99, 293}","{230, 224}",N/A,N/A,N/A,N/A,N/A,"{446, 61}",N/A,N/A,N/A,N/A,N/A,N/A,N/A,1816,-1,4000,750,550,N/A,N/A,N/A,N/A,N/A,516,N/A,N/A,N/A,N/A,N/A,N/A,N/A,3
ucsfww0008,2019-09-12T16:41:58.593Z,2019-09-12T16:41:58.593Z,,default,1,59.69645,20.0965652,Successful,StartingWindow,iOS 12.4.1,1536,2048,1.11.23,PST,326,"iPad4,4",Handheld,Apple A7 GPU,English,2,0,IPhonePlayer,972,0,1,3,"{456, 183}","{230, 224}",N/A,N/A,N/A,N/A,N/A,"{591, 244}",N/A,N/A,N/A,N/A,N/A,N/A,N/A,2600,-1,4000,1000,566,N/A,N/A,N/A,N/A,N/A,1034,N/A,N/A,N/A,N/A,N/A,N/A,N/A,3
ucsfww0008,2019-09-12T16:41:58.593Z,2019-09-12T16:41:58.593Z,,default,2,59.69645,20.0965652,Successful,StartingWindow,iOS 12.4.1,1536,2048,1.11.23,PST,326,"iPad4,4",Handheld,Apple A7 GPU,English,2,0,IPhonePlayer,972,0,0,4,"{456, 183}","{99, 293}",N/A,N/A,N/A,N/A,N/A,"{640, 122}","{230, 224}",N/A,N/A,N/A,N/A,N/A,N/A,1434,-1,5000,934,500,N/A,N/A,N/A,N/A,N/A,N/A,N/A,N/A,N/A,N/A,N/A,N/A,N/A,2
ucsfww0008,2019-09-12T16:42:28.516Z,2019-09-12T16:42:28.516Z,,default,0,59.63558,20.3024025,Successful,Real,iOS 12.4.1,1536,2048,1.11.23,PST,326,"iPad4,4",Handheld,Apple A7 GPU,English,2,0,IPhonePlayer,972,0,0,3,"{99, 293}","{230, 224}",N/A,N/A,N/A,N/A,N/A,"{446, 61}",N/A,N/A,N/A,N/A,N/A,N/A,N/A,1100,-1,4000,1100,N/A,N/A,N/A,N/A,N/A,N/A,N/A,N/A,N/A,N/A,N/A,N/A,N/A,N/A,1
ucsfww0008,2019-09-12T16:42:28.516Z,2019-09-12T16:42:28.516Z,,default,1,59.63558,20.3024025,Successful,Real,iOS 12.4.1,1536,2048,1.11.23,PST,326,"iPad4,4",Handheld,Apple A7 GPU,English,2,0,IPhonePlayer,972,0,0,3,"{456, 183}","{230, 224}",N/A,N/A,N/A,N/A,N/A,"{591, 244}",N/A,N/A,N/A,N/A,N/A,N/A,N/A,817,-1,4000,817,N/A,N/A,N/A,N/A,N/A,N/A,N/A,N/A,N/A,N/A,N/A,N/A,N/A,N/A,1
ucsfww0008,2019-09-12T16:42:28.516Z,2019-09-12T16:42:28.516Z,,default,2,59.63558,20.3024025,Successful,Real,iOS 12.4.1,1536,2048,1.11.23,PST,326,"iPad4,4",Handheld,Apple A7 GPU,English,2,0,IPhonePlayer,972,0,0,3,"{427, 315}","{249, 41}",N/A,N/A,N/A,N/A,N/A,"{49, 102}",N/A,N/A,N/A,N/A,N/A,N/A,N/A,1666,-1,4000,983,683,N/A,N/A,N/A,N/A,N/A,N/A,N/A,N/A,N/A,N/A,N/A,N/A,N/A,2
ucsfww0011,2019-09-12T16:25:42.085Z,2019-09-12T16:25:42.085Z,,default,0,59.153923,29.37424,Successful,StartingWindow,iOS 12.4.1,1536,2048,1.11.23,PST,326,"iPad4,4",Handheld,Apple A7 GPU,English,2,0,IPhonePlayer,972,0,1,3,"{99, 293}","{230, 224}",N/A,N/A,N/A,N/A,N/A,"{446, 61}",N/A,N/A,N/A,N/A,N/A,N/A,N/A,1584,-1,4000,617,450,N/A,N/A,N/A,N/A,N/A,517,N/A,N/A,N/A,N/A,N/A,N/A,N/A,3
ucsfww0011,2019-09-12T16:25:42.085Z,2019-09-12T16:25:42.085Z,,default,1,59.153923,29.37424,Successful,StartingWindow,iOS 12.4.1,1536,2048,1.11.23,PST,326,"iPad4,4",Handheld,Apple A7 GPU,English,2,0,IPhonePlayer,972,0,1,3,"{456, 183}","{230, 224}",N/A,N/A,N/A,N/A,N/A,"{591, 244}",N/A,N/A,N/A,N/A,N/A,N/A,N/A,1350,-1,4000,300,517,N/A,N/A,N/A,N/A,N/A,533,N/A,N/A,N/A,N/A,N/A,N/A,N/A,3
ucsfww0011,2019-09-12T16:25:42.085Z,2019-09-12T16:25:42.085Z,,default,2,59.153923,29.37424,Successful,StartingWindow,iOS 12.4.1,1536,2048,1.11.23,PST,326,"iPad4,4",Handheld,Apple A7 GPU,English,2,0,IPhonePlayer,972,0,1,4,"{456, 183}","{99, 293}",N/A,N/A,N/A,N/A,N/A,"{640, 122}","{230, 224}",N/A,N/A,N/A,N/A,N/A,N/A,2500,-1,5000,650,650,N/A,N/A,N/A,N/A,N/A,616,584,N/A,N/A,N/A,N/A,N/A,N/A,4
ucsfww0011,2019-09-12T16:26:10.564Z,2019-09-12T16:26:10.564Z,,default,0,58.30088,49.2519341,Successful,Real,iOS 12.4.1,1536,2048,1.11.23,PST,326,"iPad4,4",Handheld,Apple A7 GPU,English,2,0,IPhonePlayer,972,0,1,3,"{99, 293}","{230, 224}",N/A,N/A,N/A,N/A,N/A,"{446, 61}",N/A,N/A,N/A,N/A,N/A,N/A,N/A,1634,-1,4000,550,500,N/A,N/A,N/A,N/A,N/A,584,N/A,N/A,N/A,N/A,N/A,N/A,N/A,3
ucsfww0011,2019-09-12T16:26:10.564Z,2019-09-12T16:26:10.564Z,,default,1,58.30088,49.2519341,Successful,Real,iOS 12.4.1,1536,2048,1.11.23,PST,326,"iPad4,4",Handheld,Apple A7 GPU,English,2,0,IPhonePlayer,972,0,1,3,"{456, 183}","{230, 224}",N/A,N/A,N/A,N/A,N/A,"{591, 244}",N/A,N/A,N/A,N/A,N/A,N/A,N/A,1550,-1,4000,450,567,N/A,N/A,N/A,N/A,N/A,533,N/A,N/A,N/A,N/A,N/A,N/A,N/A,3
ucsfww0011,2019-09-12T16:26:10.564Z,2019-09-12T16:26:10.564Z,,default,2,58.30088,49.2519341,Successful,Real,iOS 12.4.1,1536,2048,1.11.23,PST,326,"iPad4,4",Handheld,Apple A7 GPU,English,2,0,IPhonePlayer,972,0,1,4,"{456, 183}","{99, 293}",N/A,N/A,N/A,N/A,N/A,"{640, 122}","{230, 224}",N/A,N/A,N/A,N/A,N/A,N/A,2833,-1,5000,416,784,N/A,N/A,N/A,N/A,N/A,916,717,N/A,N/A,N/A,N/A,N/A,N/A,4
ucsfww0011,2019-09-12T16:26:10.564Z,2019-09-12T16:26:10.564Z,,default,3,58.30088,49.2519341,Successful,Real,iOS 12.4.1,1536,2048,1.11.23,PST,326,"iPad4,4",Handheld,Apple A7 GPU,English,2,0,IPhonePlayer,972,0,1,4,"{249, 41}","{640, 122}",N/A,N/A,N/A,N/A,N/A,"{99, 293}","{49, 102}",N/A,N/A,N/A,N/A,N/A,N/A,3016,-1,5000,1016,817,N/A,N/A,N/A,N/A,N/A,717,466,N/A,N/A,N/A,N/A,N/A,N/A,4
ucsfww0011,2019-09-12T16:26:10.564Z,2019-09-12T16:26:10.564Z,,default,4,58.30088,49.2519341,Successful,Real,iOS 12.4.1,1536,2048,1.11.23,PST,326,"iPad4,4",Handheld,Apple A7 GPU,English,2,0,IPhonePlayer,972,0,1,5,"{99, 293}","{427, 315}",N/A,N/A,N/A,N/A,N/A,"{591, 244}","{230, 224}","{249, 41}",N/A,N/A,N/A,N/A,N/A,2417,-1,6000,500,550,N/A,N/A,N/A,N/A,N/A,417,550,400,N/A,N/A,N/A,N/A,N/A,5
ucsfww0011,2019-09-12T16:26:10.564Z,2019-09-12T16:26:10.564Z,,default,5,58.30088,49.2519341,Successful,Real,iOS 12.4.1,1536,2048,1.11.23,PST,326,"iPad4,4",Handheld,Apple A7 GPU,English,2,0,IPhonePlayer,972,0,0,5,"{640, 122}","{230, 224}",N/A,N/A,N/A,N/A,N/A,"{99, 293}","{456, 183}","{446, 61}",N/A,N/A,N/A,N/A,N/A,1534,-1,6000,817,717,N/A,N/A,N/A,N/A,N/A,N/A,N/A,N/A,N/A,N/A,N/A,N/A,N/A,2
ucsfww0011,2019-09-12T16:26:10.564Z,2019-09-12T16:26:10.564Z,,default,6,58.30088,49.2519341,Successful,Real,iOS 12.4.1,1536,2048,1.11.23,PST,326,"iPad4,4",Handheld,Apple A7 GPU,English,2,0,IPhonePlayer,972,0,1,5,"{249, 41}","{446, 61}",N/A,N/A,N/A,N/A,N/A,"{640, 122}","{427, 315}","{230, 224}",N/A,N/A,N/A,N/A,N/A,3400,-1,6000,717,550,N/A,N/A,N/A,N/A,N/A,583,584,966,N/A,N/A,N/A,N/A,N/A,5
ucsfww0011,2019-09-12T16:26:10.564Z,2019-09-12T16:26:10.564Z,,default,7,58.30088,49.2519341,Successful,Real,iOS 12.4.1,1536,2048,1.11.23,PST,326,"iPad4,4",Handheld,Apple A7 GPU,English,2,0,IPhonePlayer,972,0,0,5,"{230, 224}","{640, 122}",N/A,N/A,N/A,N/A,N/A,"{456, 183}","{591, 244}","{249, 41}",N/A,N/A,N/A,N/A,N/A,3033,-1,6000,1100,617,N/A,N/A,N/A,N/A,N/A,1316,N/A,N/A,N/A,N/A,N/A,N/A,N/A,3
ucsfww0011,2019-09-12T16:26:10.564Z,2019-09-12T16:26:10.564Z,,default,8,58.30088,49.2519341,Successful,Real,iOS 12.4.1,1536,2048,1.11.23,PST,326,"iPad4,4",Handheld,Apple A7 GPU,English,2,0,IPhonePlayer,972,0,0,5,"{99, 293}","{249, 41}",N/A,N/A,N/A,N/A,N/A,"{230, 224}","{591, 244}","{49, 102}",N/A,N/A,N/A,N/A,N/A,1700,-1,6000,1150,550,N/A,N/A,N/A,N/A,N/A,N/A,N/A,N/A,N/A,N/A,N/A,N/A,N/A,2
ucsfww0011,2019-09-12T16:26:10.564Z,2019-09-12T16:26:10.564Z,,default,9,58.30088,49.2519341,Successful,Real,iOS 12.4.1,1536,2048,1.11.23,PST,326,"iPad4,4",Handheld,Apple A7 GPU,English,2,0,IPhonePlayer,972,0,1,5,"{591, 244}","{640, 122}",N/A,N/A,N/A,N/A,N/A,"{446, 61}","{49, 102}","{249, 41}",N/A,N/A,N/A,N/A,N/A,3083,-1,6000,817,466,N/A,N/A,N/A,N/A,N/A,534,916,350,N/A,N/A,N/A,N/A,N/A,5
ucsfww0011,2019-09-12T16:26:10.564Z,2019-09-12T16:26:10.564Z,,default,10,58.30088,49.2519341,Successful,Real,iOS 12.4.1,1536,2048,1.11.23,PST,326,"iPad4,4",Handheld,Apple A7 GPU,English,2,0,IPhonePlayer,972,0,1,5,"{456, 183}","{99, 293}",N/A,N/A,N/A,N/A,N/A,"{446, 61}","{640, 122}","{49, 102}",N/A,N/A,N/A,N/A,N/A,2750,-1,6000,584,466,N/A,N/A,N/A,N/A,N/A,584,500,616,N/A,N/A,N/A,N/A,N/A,5
ucsfww0011,2019-09-12T16:26:10.564Z,2019-09-12T16:26:10.564Z,,default,11,58.30088,49.2519341,Successful,Real,iOS 12.4.1,1536,2048,1.11.23,PST,326,"iPad4,4",Handheld,Apple A7 GPU,English,2,0,IPhonePlayer,972,0,0,6,"{446, 61}","{49, 102}",N/A,N/A,N/A,N/A,N/A,"{456, 183}","{230, 224}","{427, 315}","{249, 41}",N/A,N/A,N/A,N/A,2850,-1,7000,783,534,N/A,N/A,N/A,N/A,N/A,867,666,N/A,N/A,N/A,N/A,N/A,N/A,4
ucsfww0011,2019-09-12T16:26:10.564Z,2019-09-12T16:26:10.564Z,,default,12,58.30088,49.2519341,Successful,Real,iOS 12.4.1,1536,2048,1.11.23,PST,326,"iPad4,4",Handheld,Apple A7 GPU,English,2,0,IPhonePlayer,972,0,0,6,"{249, 41}","{446, 61}",N/A,N/A,N/A,N/A,N/A,"{640, 122}","{49, 102}","{99, 293}","{427, 315}",N/A,N/A,N/A,N/A,1266,-1,7000,1266,N/A,N/A,N/A,N/A,N/A,N/A,N/A,N/A,N/A,N/A,N/A,N/A,N/A,N/A,1
ucsfww0011,2019-09-12T16:26:10.564Z,2019-09-12T16:26:10.564Z,,default,13,58.30088,49.2519341,Successful,Real,iOS 12.4.1,1536,2048,1.11.23,PST,326,"iPad4,4",Handheld,Apple A7 GPU,English,2,0,IPhonePlayer,972,0,0,6,"{249, 41}","{99, 293}",N/A,N/A,N/A,N/A,N/A,"{49, 102}","{591, 244}","{230, 224}","{640, 122}",N/A,N/A,N/A,N/A,2367,-1,7000,767,633,N/A,N/A,N/A,N/A,N/A,433,534,N/A,N/A,N/A,N/A,N/A,N/A,4