,participantID,SessionID,age,handedness,build,languageI18n,clientTimeZone,deviceModel,deviceType,osVersion,fpsMean,fpsVariance,screenHeight,screenWidth,deviceDPI,graphicsDeviceName,processorCount,processorFrequency,runtimePlatform,systemMemorySize,moduleName,moduleStartDateTime,moduleEndDateTime,moduleDataSentTime,moduleFinishStatus,timesFinishedModule,fingerReported,sessionStage,trialNumber,trialStartDateTime,trialCondition,cueDisplayed,stimulusDisplayed,probeDisplayed,stimulusProbeDelay,interTrialInterval,responseWindow,maxResponseTime,responseWindowStartDateTime,responseDateTime,responseTime,correctAnswer,participantAnswer,feedbackResult,wasResponseRecorded,wasAnswerCorrect,wasResponseOnTime,trialResultType,interTrialResponseDateTime,interTrialResponseTime,interTrialTapCount,wasResponseUnallowed
0,aceTest_Trip_08292023,6776252b-6657-4cd5-852f-44ab8411d96f,24,right,1.22.28,English,"Hora est. Pac?fico, Sudam?rica",System Product Name (System manufacturer),Desktop,Windows 10  (10.0.0) 64bit,119.368248,25.8592148,1080,1920,96,NVIDIA GeForce RTX 3060 Ti,12,3500,WindowsEditor,32676,STROOP,2023-08-29T22:56:24.0392993Z,2023-08-29T22:57:09.4621155Z,2023-08-29T22:57:10.346655Z,Complete,0,N/A,Initial,0,2023-08-29T22:56:27.496454Z,OnlyColor,Pink,Pink,N/A,N/A,800,-1,999,2023-08-29T22:56:27.496454Z,2023-08-29T22:56:28.391205Z,894,Pink,Pink,green,True,True,True,valid,0001-01-01T00:00:00.000000Z,0,0,False
1,aceTest_Trip_08292023,6776252b-6657-4cd5-852f-44ab8411d96f,24,right,1.22.28,English,"Hora est. Pac?fico, Sudam?rica",System Product Name (System manufacturer),Desktop,Windows 10  (10.0.0) 64bit,119.312279,46.8496323,1080,1920,96,NVIDIA GeForce RTX 3060 Ti,12,3500,WindowsEditor,32676,STROOP,2023-08-29T22:56:24.0392993Z,2023-08-29T22:57:09.4621155Z,2023-08-29T22:57:10.346655Z,Complete,0,N/A,Initial,1,2023-08-29T22:56:29.394209Z,OnlyColor,Orange,Orange,N/A,N/A,1100,-1,999,2023-08-29T22:56:29.394209Z,2023-08-29T22:56:30.237031Z,842,Orange,Orange,green,True,True,True,valid,0001-01-01T00:00:00.000000Z,0,0,False
2,aceTest_Trip_08292023,6776252b-6657-4cd5-852f-44ab8411d96f,24,right,1.22.28,English,"Hora est. Pac?fico, Sudam?rica",System Product Name (System manufacturer),Desktop,Windows 10  (10.0.0) 64bit,119.310074,22.72543,1080,1920,96,NVIDIA GeForce RTX 3060 Ti,12,3500,WindowsEditor,32676,STROOP,2023-08-29T22:56:24.0392993Z,2023-08-29T22:57:09.4621155Z,2023-08-29T22:57:10.346655Z,Complete,0,N/A,Initial,2,2023-08-29T22:56:31.538582Z,OnlyColor,Green,Green,N/A,N/A,1200,-1,999,2023-08-29T22:56:31.538582Z,2023-08-29T22:56:31.934827Z,396,Green,Green,green,True,True,True,valid,0001-01-01T00:00:00.000000Z,0,0,False
3,aceTest_Trip_08292023,6776252b-6657-4cd5-852f-44ab8411d96f,24,right,1.22.28,English,"Hora est. Pac?fico, Sudam?rica",System Product Name (System manufacturer),Desktop,Windows 10  (10.0.0) 64bit,119.260437,21.47526,1080,1920,96,NVIDIA GeForce RTX 3060 Ti,12,3500,WindowsEditor,32676,STROOP,2023-08-29T22:56:24.0392993Z,2023-08-29T22:57:09.4621155Z,2023-08-29T22:57:10.346655Z,Complete,0,N/A,Initial,3,2023-08-29T22:56:33.343140Z,OnlyColor,White,White,N/A,N/A,1000,-1,999,2023-08-29T22:56:33.343140Z,2023-08-29T22:56:33.873092Z,529,White,White,green,True,True,True,valid,0001-01-01T00:00:00.000000Z,0,0,False
4,aceTest_Trip_08292023,6776252b-6657-4cd5-852f-44ab8411d96f,24,right,1.22.28,English,"Hora est. Pac?fico, Sudam?rica",System Product Name (System manufacturer),Desktop,Windows 10  (10.0.0) 64bit,119.515587,21.4534073,1080,1920,96,NVIDIA GeForce RTX 3060 Ti,12,3500,WindowsEditor,32676,STROOP,2023-08-29T22:56:24.0392993Z,2023-08-29T22:57:09.4621155Z,2023-08-29T22:57:10.346655Z,Complete,0,N/A,Initial,4,2023-08-29T22:56:35.073364Z,OnlyColor,White,White,N/A,N/A,900,-1,999,2023-08-29T22:56:35.073364Z,2023-08-29T22:56:35.540832Z,467,White,White,green,True,True,True,valid,0001-01-01T00:00:00.000000Z,0,0,False
5,aceTest_Trip_08292023,6776252b-6657-4cd5-852f-44ab8411d96f,24,right,1.22.28,English,"Hora est. Pac?fico, Sudam?rica",System Product Name (System manufacturer),Desktop,Windows 10  (10.0.0) 64bit,119.650536,19.757637,1080,1920,96,NVIDIA GeForce RTX 3060 Ti,12,3500,WindowsEditor,32676,STROOP,2023-08-29T22:56:24.0392993Z,2023-08-29T22:57:09.4621155Z,2023-08-29T22:57:10.346655Z,Complete,0,N/A,Initial,5,2023-08-29T22:56:36.649282Z,OnlyColor,Pink,Pink,N/A,N/A,1100,-1,999,2023-08-29T22:56:36.649282Z,2023-08-29T22:56:37.359900Z,710,Pink,Pink,green,True,True,True,valid,0001-01-01T00:00:00.000000Z,0,0,False
6,aceTest_Trip_08292023,6776252b-6657-4cd5-852f-44ab8411d96f,24,right,1.22.28,English,"Hora est. Pac?fico, Sudam?rica",System Product Name (System manufacturer),Desktop,Windows 10  (10.0.0) 64bit,118.654839,60.28443,1080,1920,96,NVIDIA GeForce RTX 3060 Ti,12,3500,WindowsEditor,32676,STROOP,2023-08-29T22:56:24.0392993Z,2023-08-29T22:57:09.4621155Z,2023-08-29T22:57:10.346655Z,Complete,0,N/A,Initial,6,2023-08-29T22:56:38.665877Z,OnlyColor,Green,Green,N/A,N/A,1000,-1,999,2023-08-29T22:56:38.665877Z,2023-08-29T22:56:39.188877Z,523,Green,Green,green,True,True,True,valid,0001-01-01T00:00:00.000000Z,0,0,False
7,aceTest_Trip_08292023,6776252b-6657-4cd5-852f-44ab8411d96f,24,right,1.22.28,English,"Hora est. Pac?fico, Sudam?rica",System Product Name (System manufacturer),Desktop,Windows 10  (10.0.0) 64bit,117.750183,29.2329826,1080,1920,96,NVIDIA GeForce RTX 3060 Ti,12,3500,WindowsEditor,32676,STROOP,2023-08-29T22:56:24.0392993Z,2023-08-29T22:57:09.4621155Z,2023-08-29T22:57:10.346655Z,Complete,0,N/A,Initial,7,2023-08-29T22:56:40.393837Z,OnlyColor,Orange,Orange,N/A,N/A,900,-1,999,2023-08-29T22:56:40.393837Z,2023-08-29T22:56:40.842349Z,448,Orange,Orange,green,True,True,True,valid,0001-01-01T00:00:00.000000Z,0,0,False
8,aceTest_Trip_08292023,6776252b-6657-4cd5-852f-44ab8411d96f,24,right,1.22.28,English,"Hora est. Pac?fico, Sudam?rica",System Product Name (System manufacturer),Desktop,Windows 10  (10.0.0) 64bit,118.25827,24.3794289,1080,1920,96,NVIDIA GeForce RTX 3060 Ti,12,3500,WindowsEditor,32676,STROOP,2023-08-29T22:56:24.0392993Z,2023-08-29T22:57:09.4621155Z,2023-08-29T22:57:10.346655Z,Complete,0,N/A,Initial,8,2023-08-29T22:56:41.950033Z,OnlyColor,Orange,Orange,N/A,N/A,800,-1,999,2023-08-29T22:56:41.950033Z,2023-08-29T22:56:42.399161Z,449,Orange,Orange,green,True,True,True,valid,0001-01-01T00:00:00.000000Z,0,0,False
9,aceTest_Trip_08292023,6776252b-6657-4cd5-852f-44ab8411d96f,24,right,1.22.28,English,"Hora est. Pac?fico, Sudam?rica",System Product Name (System manufacturer),Desktop,Windows 10  (10.0.0) 64bit,117.300438,34.3180923,1080,1920,96,NVIDIA GeForce RTX 3060 Ti,12,3500,WindowsEditor,32676,STROOP,2023-08-29T22:56:24.0392993Z,2023-08-29T22:57:09.4621155Z,2023-08-29T22:57:10.346655Z,Complete,0,N/A,Initial,9,2023-08-29T22:56:43.406839Z,OnlyColor,Green,Green,N/A,N/A,1200,-1,999,2023-08-29T22:56:43.406839Z,2023-08-29T22:56:44.037699Z,630,Green,Green,green,True,True,True,valid,0001-01-01T00:00:00.000000Z,0,0,False
10,aceTest_Trip_08292023,6776252b-6657-4cd5-852f-44ab8411d96f,24,right,1.22.28,English,"Hora est. Pac?fico, Sudam?rica",System Product Name (System manufacturer),Desktop,Windows 10  (10.0.0) 64bit,118.50341,27.959053,1080,1920,96,NVIDIA GeForce RTX 3060 Ti,12,3500,WindowsEditor,32676,STROOP,2023-08-29T22:56:24.0392993Z,2023-08-29T22:57:09.4621155Z,2023-08-29T22:57:10.346655Z,Complete,0,N/A,Initial,10,2023-08-29T22:56:45.441758Z,OnlyColor,Pink,Pink,N/A,N/A,1100,-1,999,2023-08-29T22:56:45.441758Z,2023-08-29T22:56:46.057352Z,615,Pink,Pink,green,True,True,True,valid,0001-01-01T00:00:00.000000Z,0,0,False
11,aceTest_Trip_08292023,6776252b-6657-4cd5-852f-44ab8411d96f,24,right,1.22.28,English,"Hora est. Pac?fico, Sudam?rica",System Product Name (System manufacturer),Desktop,Windows 10  (10.0.0) 64bit,117.747513,62.6983337,1080,1920,96,NVIDIA GeForce RTX 3060 Ti,12,3500,WindowsEditor,32676,STROOP,2023-08-29T22:56:24.0392993Z,2023-08-29T22:57:09.4621155Z,2023-08-29T22:57:10.346655Z,Complete,0,N/A,Initial,11,2023-08-29T22:56:47.361287Z,OnlyColor,White,White,N/A,N/A,1200,-1,999,2023-08-29T22:56:47.361287Z,2023-08-29T22:56:48.023923Z,662,White,White,green,True,True,True,valid,0001-01-01T00:00:00.000000Z,0,0,False
12,aceTest_Trip_08292023,6776252b-6657-4cd5-852f-44ab8411d96f,24,right,1.22.28,English,"Hora est. Pac?fico, Sudam?rica",System Product Name (System manufacturer),Desktop,Windows 10  (10.0.0) 64bit,118.318222,24.0296574,1080,1920,96,NVIDIA GeForce RTX 3060 Ti,12,3500,WindowsEditor,32676,STROOP,2023-08-29T22:56:24.0392993Z,2023-08-29T22:57:09.4621155Z,2023-08-29T22:57:10.346655Z,Complete,0,N/A,Initial,12,2023-08-29T22:56:49.426916Z,OnlyColor,White,White,N/A,N/A,1000,-1,999,2023-08-29T22:56:49.426916Z,2023-08-29T22:56:49.867490Z,440,White,White,green,True,True,True,valid,0001-01-01T00:00:00.000000Z,0,0,False
13,aceTest_Trip_08292023,6776252b-6657-4cd5-852f-44ab8411d96f,24,right,1.22.28,English,"Hora est. Pac?fico, Sudam?rica",System Product Name (System manufacturer),Desktop,Windows 10  (10.0.0) 64bit,118.223991,26.7529545,1080,1920,96,NVIDIA GeForce RTX 3060 Ti,12,3500,WindowsEditor,32676,STROOP,2023-08-29T22:56:24.0392993Z,2023-08-29T22:57:09.4621155Z,2023-08-29T22:57:10.346655Z,Complete,0,N/A,Initial,13,2023-08-29T22:56:51.069775Z,OnlyColor,Orange,Orange,N/A,N/A,900,-1,999,2023-08-29T22:56:51.069775Z,2023-08-29T22:56:51.654907Z,585,Orange,Orange,green,True,True,True,valid,0001-01-01T00:00:00.000000Z,0,0,False
14,aceTest_Trip_08292023,6776252b-6657-4cd5-852f-44ab8411d96f,24,right,1.22.28,English,"Hora est. Pac?fico, Sudam?rica",System Product Name (System manufacturer),Desktop,Windows 10  (10.0.0) 64bit,117.667053,26.402813,1080,1920,96,NVIDIA GeForce RTX 3060 Ti,12,3500,WindowsEditor,32676,STROOP,2023-08-29T22:56:24.0392993Z,2023-08-29T22:57:09.4621155Z,2023-08-29T22:57:10.346655Z,Complete,0,N/A,Initial,14,2023-08-29T22:56:52.756392Z,OnlyColor,Pink,Pink,N/A,N/A,800,-1,999,2023-08-29T22:56:52.756392Z,2023-08-29T22:56:53.453689Z,697,Pink,Pink,green,True,True,True,valid,0001-01-01T00:00:00.000000Z,0,0,False
15,aceTest_Trip_08292023,6776252b-6657-4cd5-852f-44ab8411d96f,24,right,1.22.28,English,"Hora est. Pac?fico, Sudam?rica",System Product Name (System manufacturer),Desktop,Windows 10  (10.0.0) 64bit,117.8833,59.34913,1080,1920,96,NVIDIA GeForce RTX 3060 Ti,12,3500,WindowsEditor,32676,STROOP,2023-08-29T22:56:24.0392993Z,2023-08-29T22:57:09.4621155Z,2023-08-29T22:57:10.346655Z,Complete,0,N/A,Initial,15,2023-08-29T22:56:54.459931Z,OnlyColor,Green,Green,N/A,N/A,1000,-1,999,2023-08-29T22:56:54.459931Z,2023-08-29T22:56:54.977597Z,517,Green,Green,green,True,True,True,valid,0001-01-01T00:00:00.000000Z,0,0,False
16,aceTest_Trip_08292023,6776252b-6657-4cd5-852f-44ab8411d96f,24,right,1.22.28,English,"Hora est. Pac?fico, Sudam?rica",System Product Name (System manufacturer),Desktop,Windows 10  (10.0.0) 64bit,118.16861,23.7844772,1080,1920,96,NVIDIA GeForce RTX 3060 Ti,12,3500,WindowsEditor,32676,STROOP,2023-08-29T22:56:24.0392993Z,2023-08-29T22:57:09.4621155Z,2023-08-29T22:57:10.346655Z,Complete,0,N/A,Initial,16,2023-08-29T22:56:57.811859Z,Congruent,Pink,Pink,N/A,N/A,1200,-1,999,2023-08-29T22:56:57.811859Z,2023-08-29T22:56:58.438320Z,626,Pink,Pink,green,True,True,True,valid,0001-01-01T00:00:00.000000Z,0,0,False
17,aceTest_Trip_08292023,6776252b-6657-4cd5-852f-44ab8411d96f,24,right,1.22.28,English,"Hora est. Pac?fico, Sudam?rica",System Product Name (System manufacturer),Desktop,Windows 10  (10.0.0) 64bit,117.868614,30.99129,1080,1920,96,NVIDIA GeForce RTX 3060 Ti,12,3500,WindowsEditor,32676,STROOP,2023-08-29T22:56:24.0392993Z,2023-08-29T22:57:09.4621155Z,2023-08-29T22:57:10.346655Z,Complete,0,N/A,Initial,17,2023-08-29T22:56:59.847056Z,Incongruent,White,Green,N/A,N/A,900,-1,999,2023-08-29T22:56:59.847056Z,2023-08-29T22:57:00.577404Z,730,Green,Green,green,True,True,True,valid,0001-01-01T00:00:00.000000Z,0,0,False
18,aceTest_Trip_08292023,6776252b-6657-4cd5-852f-44ab8411d96f,24,right,1.22.28,English,"Hora est. Pac?fico, Sudam?rica",System Product Name (System manufacturer),Desktop,Windows 10  (10.0.0) 64bit,117.482468,36.22321,1080,1920,96,NVIDIA GeForce RTX 3060 Ti,12,3500,WindowsEditor,32676,STROOP,2023-08-29T22:56:24.0392993Z,2023-08-29T22:57:09.4621155Z,2023-08-29T22:57:10.346655Z,Complete,0,N/A,Initial,18,2023-08-29T22:57:01.684138Z,Congruent,Orange,Orange,N/A,N/A,800,-1,999,2023-08-29T22:57:01.684138Z,2023-08-29T22:57:02.203308Z,519,Orange,Orange,green,True,True,True,valid,0001-01-01T00:00:00.000000Z,0,0,False
19,aceTest_Trip_08292023,6776252b-6657-4cd5-852f-44ab8411d96f,24,right,1.22.28,English,"Hora est. Pac?fico, Sudam?rica",System Product Name (System manufacturer),Desktop,Windows 10  (10.0.0) 64bit,117.791359,56.3662338,1080,1920,96,NVIDIA GeForce RTX 3060 Ti,12,3500,WindowsEditor,32676,STROOP,2023-08-29T22:56:24.0392993Z,2023-08-29T22:57:09.4621155Z,2023-08-29T22:57:10.346655Z,Complete,0,N/A,Initial,19,2023-08-29T22:57:03.211718Z,Congruent,White,White,N/A,N/A,1100,-1,999,2023-08-29T22:57:03.211718Z,2023-08-29T22:57:03.823835Z,612,White,White,green,True,True,True,valid,0001-01-01T00:00:00.000000Z,0,0,False
20,aceTest_Trip_08292023,6776252b-6657-4cd5-852f-44ab8411d96f,24,right,1.22.28,English,"Hora est. Pac?fico, Sudam?rica",System Product Name (System manufacturer),Desktop,Windows 10  (10.0.0) 64bit,118.260216,28.339874299999998,1080,1920,96,NVIDIA GeForce RTX 3060 Ti,12,3500,WindowsEditor,32676,STROOP,2023-08-29T22:56:24.0392993Z,2023-08-29T22:57:09.4621155Z,2023-08-29T22:57:10.346655Z,Complete,0,N/A,Initial,20,2023-08-29T22:57:05.130771Z,Incongruent,Pink,Green,N/A,N/A,1000,-1,999,2023-08-29T22:57:05.129774Z,2023-08-29T22:57:06.158299Z,1028,Green,Green,green,True,True,True,valid,0001-01-01T00:00:00.000000Z,0,0,False
21,aceTest_Trip_08292023,6776252b-6657-4cd5-852f-44ab8411d96f,24,right,1.22.28,English,"Hora est. Pac?fico, Sudam?rica",System Product Name (System manufacturer),Desktop,Windows 10  (10.0.0) 64bit,118.177277,25.561079,1080,1920,96,NVIDIA GeForce RTX 3060 Ti,12,3500,WindowsEditor,32676,STROOP,2023-08-29T22:56:24.0392993Z,2023-08-29T22:57:09.4621155Z,2023-08-29T22:57:10.346655Z,Complete,0,N/A,Initial,21,2023-08-29T22:57:07.366886Z,Incongruent,White,Orange,N/A,N/A,1200,-1,999,2023-08-29T22:57:07.366886Z,2023-08-29T22:57:08.060214Z,693,Orange,Orange,green,True,True,True,valid,0001-01-01T00:00:00.000000Z,0,0,False
22,aceTest_Trip_08292023,420b354c-58e8-4b3a-9455-33852c7ddbfb,24,right,1.22.28,English,"Hora est. Pac?fico, Sudam?rica",System Product Name (System manufacturer),Desktop,Windows 10  (10.0.0) 64bit,117.97905,46.9049,1080,1920,96,NVIDIA GeForce RTX 3060 Ti,12,3500,WindowsEditor,32676,STROOP,2023-08-29T22:57:10.4024443Z,2023-08-29T22:57:22.3701756Z,2023-08-29T22:57:22.682616Z,Complete,0,N/A,StartingWindow,0,2023-08-29T22:57:10.281642Z,Congruent,Pink,Pink,N/A,N/A,800,-1,999,2023-08-29T22:57:10.281642Z,2023-08-29T22:57:11.681310Z,1399,Pink,Pink,green,True,True,True,valid,0001-01-01T00:00:00.000000Z,0,0,False
23,aceTest_Trip_08292023,420b354c-58e8-4b3a-9455-33852c7ddbfb,24,right,1.22.28,English,"Hora est. Pac?fico, Sudam?rica",System Product Name (System manufacturer),Desktop,Windows 10  (10.0.0) 64bit,117.44165,75.19872,1080,1920,96,NVIDIA GeForce RTX 3060 Ti,12,3500,WindowsEditor,32676,STROOP,2023-08-29T22:57:10.4024443Z,2023-08-29T22:57:22.3701756Z,2023-08-29T22:57:22.682616Z,Complete,0,N/A,StartingWindow,1,2023-08-29T22:57:12.684034Z,Congruent,Green,Green,N/A,N/A,1100,-1,999,2023-08-29T22:57:12.684034Z,2023-08-29T22:57:13.291246Z,607,Green,Green,green,True,True,True,valid,0001-01-01T00:00:00.000000Z,0,0,False
24,aceTest_Trip_08292023,420b354c-58e8-4b3a-9455-33852c7ddbfb,24,right,1.22.28,English,"Hora est. Pac?fico, Sudam?rica",System Product Name (System manufacturer),Desktop,Windows 10  (10.0.0) 64bit,117.712875,41.06081,1080,1920,96,NVIDIA GeForce RTX 3060 Ti,12,3500,WindowsEditor,32676,STROOP,2023-08-29T22:57:10.4024443Z,2023-08-29T22:57:22.3701756Z,2023-08-29T22:57:22.682616Z,Complete,0,N/A,StartingWindow,2,2023-08-29T22:57:14.595041Z,Congruent,Orange,Orange,N/A,N/A,1200,-1,999,2023-08-29T22:57:14.595041Z,2023-08-29T22:57:15.063506Z,468,Orange,Orange,green,True,True,True,valid,0001-01-01T00:00:00.000000Z,0,0,False
25,aceTest_Trip_08292023,420b354c-58e8-4b3a-9455-33852c7ddbfb,24,right,1.22.28,English,"Hora est. Pac?fico, Sudam?rica",System Product Name (System manufacturer),Desktop,Windows 10  (10.0.0) 64bit,117.568405,39.26202,1080,1920,96,NVIDIA GeForce RTX 3060 Ti,12,3500,WindowsEditor,32676,STROOP,2023-08-29T22:57:10.4024443Z,2023-08-29T22:57:22.3701756Z,2023-08-29T22:57:22.682616Z,Complete,0,N/A,StartingWindow,3,2023-08-29T22:57:16.471040Z,Incongruent,Orange,White,N/A,N/A,1000,-1,999,2023-08-29T22:57:16.471040Z,2023-08-29T22:57:17.345996Z,874,White,White,green,True,True,True,valid,0001-01-01T00:00:00.000000Z,0,0,False
26,aceTest_Trip_08292023,420b354c-58e8-4b3a-9455-33852c7ddbfb,24,right,1.22.28,English,"Hora est. Pac?fico, Sudam?rica",System Product Name (System manufacturer),Desktop,Windows 10  (10.0.0) 64bit,118.419716,22.9939766,1080,1920,96,NVIDIA GeForce RTX 3060 Ti,12,3500,WindowsEditor,32676,STROOP,2023-08-29T22:57:10.4024443Z,2023-08-29T22:57:22.3701756Z,2023-08-29T22:57:22.682616Z,Complete,0,N/A,StartingWindow,4,2023-08-29T22:57:18.552827Z,Incongruent,Pink,White,N/A,N/A,900,-1,999,2023-08-29T22:57:18.552827Z,2023-08-29T22:57:19.077487Z,524,White,Pink,red,True,False,True,valid,0001-01-01T00:00:00.000000Z,0,0,False
27,aceTest_Trip_08292023,420b354c-58e8-4b3a-9455-33852c7ddbfb,24,right,1.22.28,English,"Hora est. Pac?fico, Sudam?rica",System Product Name (System manufacturer),Desktop,Windows 10  (10.0.0) 64bit,117.823357,52.901432,1080,1920,96,NVIDIA GeForce RTX 3060 Ti,12,3500,WindowsEditor,32676,STROOP,2023-08-29T22:57:10.4024443Z,2023-08-29T22:57:22.3701756Z,2023-08-29T22:57:22.682616Z,Complete,0,N/A,StartingWindow,5,2023-08-29T22:57:20.185517Z,Incongruent,Pink,Orange,N/A,N/A,1200,-1,999,2023-08-29T22:57:20.185517Z,2023-08-29T22:57:20.966429Z,780,Orange,Orange,green,True,True,True,valid,0001-01-01T00:00:00.000000Z,0,0,False
28,aceTest_Trip_08292023,273aa78b-269b-419b-a222-8f0a2052a977,24,right,1.22.28,English,"Hora est. Pac?fico, Sudam?rica",System Product Name (System manufacturer),Desktop,Windows 10  (10.0.0) 64bit,118.316994,27.0793419,1080,1920,96,NVIDIA GeForce RTX 3060 Ti,12,3500,WindowsEditor,32676,STROOP,2023-08-29T22:57:23.2172653Z,2023-08-29T22:58:43.6567595Z,2023-08-29T22:58:44.311596Z,Complete,0,N/A,Real,0,2023-08-29T22:57:25.125203Z,Congruent,Pink,Pink,N/A,N/A,1000,793,1793,2023-08-29T22:57:25.125203Z,2023-08-29T22:57:25.675165Z,549,Pink,Unallowed,red,True,False,True,invalid,0001-01-01T00:00:00.000000Z,0,0,True
29,aceTest_Trip_08292023,273aa78b-269b-419b-a222-8f0a2052a977,24,right,1.22.28,English,"Hora est. Pac?fico, Sudam?rica",System Product Name (System manufacturer),Desktop,Windows 10  (10.0.0) 64bit,118.17057,26.5762787,1080,1920,96,NVIDIA GeForce RTX 3060 Ti,12,3500,WindowsEditor,32676,STROOP,2023-08-29T22:57:23.2172653Z,2023-08-29T22:58:43.6567595Z,2023-08-29T22:58:44.311596Z,Complete,0,N/A,Real,1,2023-08-29T22:57:27.618784Z,Incongruent,Pink,Green,N/A,N/A,1100,793,1793,2023-08-29T22:57:27.618784Z,2023-08-29T22:57:28.099043Z,480,Green,Unallowed,red,True,False,True,invalid,0001-01-01T00:00:00.000000Z,0,0,True
30,aceTest_Trip_08292023,273aa78b-269b-419b-a222-8f0a2052a977,24,right,1.22.28,English,"Hora est. Pac?fico, Sudam?rica",System Product Name (System manufacturer),Desktop,Windows 10  (10.0.0) 64bit,118.044579,25.8158875,1080,1920,96,NVIDIA GeForce RTX 3060 Ti,12,3500,WindowsEditor,32676,STROOP,2023-08-29T22:57:23.2172653Z,2023-08-29T22:58:43.6567595Z,2023-08-29T22:58:44.311596Z,Complete,0,N/A,Real,2,2023-08-29T22:57:30.159889Z,Congruent,White,White,N/A,N/A,900,833,1833,2023-08-29T22:57:30.159889Z,2023-08-29T22:57:30.719568Z,559,White,Unallowed,red,True,False,True,invalid,0001-01-01T00:00:00.000000Z,0,0,True
31,aceTest_Trip_08292023,273aa78b-269b-419b-a222-8f0a2052a977,24,right,1.22.28,English,"Hora est. Pac?fico, Sudam?rica",System Product Name (System manufacturer),Desktop,Windows 10  (10.0.0) 64bit,118.040535,27.4154053,1080,1920,96,NVIDIA GeForce RTX 3060 Ti,12,3500,WindowsEditor,32676,STROOP,2023-08-29T22:57:23.2172653Z,2023-08-29T22:58:43.6567595Z,2023-08-29T22:58:44.311596Z,Complete,0,N/A,Real,3,2023-08-29T22:57:32.525414Z,Congruent,Orange,Orange,N/A,N/A,800,913,1913,2023-08-29T22:57:32.525414Z,2023-08-29T22:57:32.643723Z,118,Orange,Pink,red,True,False,True,invalid,0001-01-01T00:00:00.000000Z,0,0,False
32,aceTest_Trip_08292023,273aa78b-269b-419b-a222-8f0a2052a977,24,right,1.22.28,English,"Hora est. Pac?fico, Sudam?rica",System Product Name (System manufacturer),Desktop,Windows 10  (10.0.0) 64bit,118.069954,22.9373837,1080,1920,96,NVIDIA GeForce RTX 3060 Ti,12,3500,WindowsEditor,32676,STROOP,2023-08-29T22:57:23.2172653Z,2023-08-29T22:58:43.6567595Z,2023-08-29T22:58:44.311596Z,Complete,0,N/A,Real,4,2023-08-29T22:57:33.653483Z,Incongruent,White,Green,N/A,N/A,1200,833,1833,2023-08-29T22:57:33.653483Z,2023-08-29T22:57:33.798978Z,145,Green,Pink,red,True,False,True,invalid,0001-01-01T00:00:00.000000Z,0,0,False
33,aceTest_Trip_08292023,273aa78b-269b-419b-a222-8f0a2052a977,24,right,1.22.28,English,"Hora est. Pac?fico, Sudam?rica",System Product Name (System manufacturer),Desktop,Windows 10  (10.0.0) 64bit,118.123154,31.7099762,1080,1920,96,NVIDIA GeForce RTX 3060 Ti,12,3500,WindowsEditor,32676,STROOP,2023-08-29T22:57:23.2172653Z,2023-08-29T22:58:43.6567595Z,2023-08-29T22:58:44.311596Z,Complete,0,N/A,Real,5,2023-08-29T22:57:35.214423Z,Incongruent,Pink,Orange,N/A,N/A,1200,913,1913,2023-08-29T22:57:35.214423Z,2023-08-29T22:57:35.350318Z,135,Orange,Pink,red,True,False,True,invalid,0001-01-01T00:00:00.000000Z,0,0,False
34,aceTest_Trip_08292023,273aa78b-269b-419b-a222-8f0a2052a977,24,right,1.22.28,English,"Hora est. Pac?fico, Sudam?rica",System Product Name (System manufacturer),Desktop,Windows 10  (10.0.0) 64bit,118.424507,25.9639473,1080,1920,96,NVIDIA GeForce RTX 3060 Ti,12,3500,WindowsEditor,32676,STROOP,2023-08-29T22:57:23.2172653Z,2023-08-29T22:58:43.6567595Z,2023-08-29T22:58:44.311596Z,Complete,0,N/A,Real,6,2023-08-29T22:57:36.767007Z,Congruent,White,White,N/A,N/A,1100,1033,2033,2023-08-29T22:57:36.767007Z,2023-08-29T22:57:37.891941Z,1124,White,Pink,red,True,False,False,valid,0001-01-01T00:00:00.000000Z,0,0,False
35,aceTest_Trip_08292023,273aa78b-269b-419b-a222-8f0a2052a977,24,right,1.22.28,English,"Hora est. Pac?fico, Sudam?rica",System Product Name (System manufacturer),Desktop,Windows 10  (10.0.0) 64bit,117.735916,47.6562653,1080,1920,96,NVIDIA GeForce RTX 3060 Ti,12,3500,WindowsEditor,32676,STROOP,2023-08-29T22:57:23.2172653Z,2023-08-29T22:58:43.6567595Z,2023-08-29T22:58:44.311596Z,Complete,0,N/A,Real,7,2023-08-29T22:57:39.203664Z,Congruent,Pink,Pink,N/A,N/A,900,1193,2193,2023-08-29T22:57:39.203664Z,2023-08-29T22:57:40.498143Z,1294,Pink,Pink,yellow,True,True,False,valid,0001-01-01T00:00:00.000000Z,0,0,False
36,aceTest_Trip_08292023,273aa78b-269b-419b-a222-8f0a2052a977,24,right,1.22.28,English,"Hora est. Pac?fico, Sudam?rica",System Product Name (System manufacturer),Desktop,Windows 10  (10.0.0) 64bit,118.137627,22.3360653,1080,1920,96,NVIDIA GeForce RTX 3060 Ti,12,3500,WindowsEditor,32676,STROOP,2023-08-29T22:57:23.2172653Z,2023-08-29T22:58:43.6567595Z,2023-08-29T22:58:44.311596Z,Complete,0,N/A,Real,8,2023-08-29T22:57:41.607885Z,Incongruent,Orange,Green,N/A,N/A,800,1033,2033,2023-08-29T22:57:41.607885Z,2023-08-29T22:57:42.745121Z,1137,Green,Pink,red,True,False,False,valid,0001-01-01T00:00:00.000000Z,0,0,False
37,aceTest_Trip_08292023,273aa78b-269b-419b-a222-8f0a2052a977,24,right,1.22.28,English,"Hora est. Pac?fico, Sudam?rica",System Product Name (System manufacturer),Desktop,Windows 10  (10.0.0) 64bit,118.362663,26.2410278,1080,1920,96,NVIDIA GeForce RTX 3060 Ti,12,3500,WindowsEditor,32676,STROOP,2023-08-29T22:57:23.2172653Z,2023-08-29T22:58:43.6567595Z,2023-08-29T22:58:44.311596Z,Complete,0,N/A,Real,9,2023-08-29T22:57:43.761360Z,Congruent,Pink,Pink,N/A,N/A,1000,1393,2393,2023-08-29T22:57:43.761360Z,Unanswered,0,Pink,Unanswered,red,False,False,False,valid,0001-01-01T00:00:00.000000Z,0,0,False
38,aceTest_Trip_08292023,273aa78b-269b-419b-a222-8f0a2052a977,24,right,1.22.28,English,"Hora est. Pac?fico, Sudam?rica",System Product Name (System manufacturer),Desktop,Windows 10  (10.0.0) 64bit,117.996132,41.1000061,1080,1920,96,NVIDIA GeForce RTX 3060 Ti,12,3500,WindowsEditor,32676,STROOP,2023-08-29T22:57:23.2172653Z,2023-08-29T22:58:43.6567595Z,2023-08-29T22:58:44.311596Z,Complete,0,N/A,Real,10,2023-08-29T22:57:47.358951Z,Congruent,Orange,Orange,N/A,N/A,900,1633,2633,2023-08-29T22:57:47.358951Z,Unanswered,0,Orange,Unanswered,red,False,False,False,valid,0001-01-01T00:00:00.000000Z,0,0,False
39,aceTest_Trip_08292023,273aa78b-269b-419b-a222-8f0a2052a977,24,right,1.22.28,English,"Hora est. Pac?fico, Sudam?rica",System Product Name (System manufacturer),Desktop,Windows 10  (10.0.0) 64bit,118.154663,24.8855076,1080,1920,96,NVIDIA GeForce RTX 3060 Ti,12,3500,WindowsEditor,32676,STROOP,2023-08-29T22:57:23.2172653Z,2023-08-29T22:58:43.6567595Z,2023-08-29T22:58:44.311596Z,Complete,0,N/A,Real,11,2023-08-29T22:57:51.091194Z,Incongruent,Pink,White,N/A,N/A,1200,1193,2193,2023-08-29T22:57:51.091194Z,Unanswered,0,White,Unanswered,red,False,False,False,valid,0001-01-01T00:00:00.000000Z,0,0,False
40,aceTest_Trip_08292023,273aa78b-269b-419b-a222-8f0a2052a977,24,right,1.22.28,English,"Hora est. Pac?fico, Sudam?rica",System Product Name (System manufacturer),Desktop,Windows 10  (10.0.0) 64bit,118.202072,27.4912834,1080,1920,96,NVIDIA GeForce RTX 3060 Ti,12,3500,WindowsEditor,32676,STROOP,2023-08-29T22:57:23.2172653Z,2023-08-29T22:58:43.6567595Z,2023-08-29T22:58:44.311596Z,Complete,0,N/A,Real,12,2023-08-29T22:57:54.703247Z,Incongruent,Orange,Green,N/A,N/A,1000,1393,2393,2023-08-29T22:57:54.703247Z,2023-08-29T22:57:54.966616Z,263,Green,Pink,red,True,False,True,valid,0001-01-01T00:00:00.000000Z,0,0,False
41,aceTest_Trip_08292023,273aa78b-269b-419b-a222-8f0a2052a977,24,right,1.22.28,English,"Hora est. Pac?fico, Sudam?rica",System Product Name (System manufacturer),Desktop,Windows 10  (10.0.0) 64bit,117.827087,66.35979,1080,1920,96,NVIDIA GeForce RTX 3060 Ti,12,3500,WindowsEditor,32676,STROOP,2023-08-29T22:57:23.2172653Z,2023-08-29T22:58:43.6567595Z,2023-08-29T22:58:44.311596Z,Complete,0,N/A,Real,13,2023-08-29T22:57:56.178868Z,Congruent,White,White,N/A,N/A,1100,1913,2913,2023-08-29T22:57:56.178868Z,2023-08-29T22:57:56.440054Z,261,White,Pink,red,True,False,True,valid,0001-01-01T00:00:00.000000Z,0,0,False
42,aceTest_Trip_08292023,273aa78b-269b-419b-a222-8f0a2052a977,24,right,1.22.28,English,"Hora est. Pac?fico, Sudam?rica",System Product Name (System manufacturer),Desktop,Windows 10  (10.0.0) 64bit,118.351128,29.4659729,1080,1920,96,NVIDIA GeForce RTX 3060 Ti,12,3500,WindowsEditor,32676,STROOP,2023-08-29T22:57:23.2172653Z,2023-08-29T22:58:43.6567595Z,2023-08-29T22:58:44.311596Z,Complete,0,N/A,Real,14,2023-08-29T22:57:57.748968Z,Incongruent,Green,Pink,N/A,N/A,800,1633,2633,2023-08-29T22:57:57.748968Z,2023-08-29T22:57:57.979150Z,230,Pink,Pink,green,True,True,True,valid,0001-01-01T00:00:00.000000Z,0,0,False
43,aceTest_Trip_08292023,273aa78b-269b-419b-a222-8f0a2052a977,24,right,1.22.28,English,"Hora est. Pac?fico, Sudam?rica",System Product Name (System manufacturer),Desktop,Windows 10  (10.0.0) 64bit,117.861221,29.30302,1080,1920,96,NVIDIA GeForce RTX 3060 Ti,12,3500,WindowsEditor,32676,STROOP,2023-08-29T22:57:23.2172653Z,2023-08-29T22:58:43.6567595Z,2023-08-29T22:58:44.311596Z,Complete,0,N/A,Real,15,2023-08-29T22:57:58.994899Z,Congruent,Orange,Orange,N/A,N/A,1000,2233,3233,2023-08-29T22:57:58.994899Z,2023-08-29T22:57:59.216630Z,221,Orange,Pink,red,True,False,True,valid,0001-01-01T00:00:00.000000Z,0,0,False
44,aceTest_Trip_08292023,273aa78b-269b-419b-a222-8f0a2052a977,24,right,1.22.28,English,"Hora est. Pac?fico, Sudam?rica",System Product Name (System manufacturer),Desktop,Windows 10  (10.0.0) 64bit,117.117279,32.072998,1080,1920,96,NVIDIA GeForce RTX 3060 Ti,12,3500,WindowsEditor,32676,STROOP,2023-08-29T22:57:23.2172653Z,2023-08-29T22:58:43.6567595Z,2023-08-29T22:58:44.311596Z,Complete,0,N/A,Real,16,2023-08-29T22:58:00.432020Z,Incongruent,Orange,White,N/A,N/A,800,1623,2623,2023-08-29T22:58:00.432020Z,2023-08-29T22:58:00.654175Z,222,White,Pink,red,True,False,True,valid,0001-01-01T00:00:00.000000Z,0,0,False
45,aceTest_Trip_08292023,273aa78b-269b-419b-a222-8f0a2052a977,24,right,1.22.28,English,"Hora est. Pac?fico, Sudam?rica",System Product Name (System manufacturer),Desktop,Windows 10  (10.0.0) 64bit,118.446854,25.6471272,1080,1920,96,NVIDIA GeForce RTX 3060 Ti,12,3500,WindowsEditor,32676,STROOP,2023-08-29T22:57:23.2172653Z,2023-08-29T22:58:43.6567595Z,2023-08-29T22:58:44.311596Z,Complete,0,N/A,Real,17,2023-08-29T22:58:01.664337Z,Congruent,Pink,Pink,N/A,N/A,1100,2593,3593,2023-08-29T22:58:01.664337Z,2023-08-29T22:58:01.874708Z,210,Pink,Pink,green,True,True,True,valid,0001-01-01T00:00:00.000000Z,0,0,False
46,aceTest_Trip_08292023,273aa78b-269b-419b-a222-8f0a2052a977,24,right,1.22.28,English,"Hora est. Pac?fico, Sudam?rica",System Product Name (System manufacturer),Desktop,Windows 10  (10.0.0) 64bit,118.589676,26.2719784,1080,1920,96,NVIDIA GeForce RTX 3060 Ti,12,3500,WindowsEditor,32676,STROOP,2023-08-29T22:57:23.2172653Z,2023-08-29T22:58:43.6567595Z,2023-08-29T22:58:44.311596Z,Complete,0,N/A,Real,18,2023-08-29T22:58:03.185893Z,Congruent,Orange,Orange,N/A,N/A,900,2583,3583,2023-08-29T22:58:03.185893Z,2023-08-29T22:58:03.464303Z,278,Orange,Pink,red,True,False,True,valid,0001-01-01T00:00:00.000000Z,0,0,False
47,aceTest_Trip_08292023,273aa78b-269b-419b-a222-8f0a2052a977,24,right,1.22.28,English,"Hora est. Pac?fico, Sudam?rica",System Product Name (System manufacturer),Desktop,Windows 10  (10.0.0) 64bit,117.238884,71.65993,1080,1920,96,NVIDIA GeForce RTX 3060 Ti,12,3500,WindowsEditor,32676,STROOP,2023-08-29T22:57:23.2172653Z,2023-08-29T22:58:43.6567595Z,2023-08-29T22:58:44.311596Z,Complete,0,N/A,Real,19,2023-08-29T22:58:04.581177Z,Incongruent,White,Green,N/A,N/A,1200,1663,2663,2023-08-29T22:58:04.580180Z,2023-08-29T22:58:04.808343Z,228,Green,Pink,red,True,False,True,valid,0001-01-01T00:00:00.000000Z,0,0,False
48,aceTest_Trip_08292023,273aa78b-269b-419b-a222-8f0a2052a977,24,right,1.22.28,English,"Hora est. Pac?fico, Sudam?rica",System Product Name (System manufacturer),Desktop,Windows 10  (10.0.0) 64bit,118.163734,25.3882923,1080,1920,96,NVIDIA GeForce RTX 3060 Ti,12,3500,WindowsEditor,32676,STROOP,2023-08-29T22:57:23.2172653Z,2023-08-29T22:58:43.6567595Z,2023-08-29T22:58:44.311596Z,Complete,0,N/A,Real,20,2023-08-29T22:58:06.219076Z,Congruent,Green,Green,N/A,N/A,900,2623,3623,2023-08-29T22:58:06.219076Z,2023-08-29T22:58:06.490296Z,271,Green,Pink,red,True,False,True,valid,0001-01-01T00:00:00.000000Z,0,0,False
49,aceTest_Trip_08292023,273aa78b-269b-419b-a222-8f0a2052a977,24,right,1.22.28,English,"Hora est. Pac?fico, Sudam?rica",System Product Name (System manufacturer),Desktop,Windows 10  (10.0.0) 64bit,118.060669,28.89033,1080,1920,96,NVIDIA GeForce RTX 3060 Ti,12,3500,WindowsEditor,32676,STROOP,2023-08-29T22:57:23.2172653Z,2023-08-29T22:58:43.6567595Z,2023-08-29T22:58:44.311596Z,Complete,0,N/A,Real,21,2023-08-29T22:58:07.601049Z,Incongruent,Green,Pink,N/A,N/A,1000,1743,2743,2023-08-29T22:58:07.601049Z,2023-08-29T22:58:07.814032Z,212,Pink,Pink,green,True,True,True,valid,0001-01-01T00:00:00.000000Z,0,0,False
50,aceTest_Trip_08292023,273aa78b-269b-419b-a222-8f0a2052a977,24,right,1.22.28,English,"Hora est. Pac?fico, Sudam?rica",System Product Name (System manufacturer),Desktop,Windows 10  (10.0.0) 64bit,118.1805,26.3711338,1080,1920,96,NVIDIA GeForce RTX 3060 Ti,12,3500,WindowsEditor,32676,STROOP,2023-08-29T22:57:23.2172653Z,2023-08-29T22:58:43.6567595Z,2023-08-29T22:58:44.311596Z,Complete,0,N/A,Real,22,2023-08-29T22:58:09.027479Z,Congruent,Orange,Orange,N/A,N/A,1100,2703,3703,2023-08-29T22:58:09.027479Z,2023-08-29T22:58:09.238626Z,211,Orange,Pink,red,True,False,True,valid,0001-01-01T00:00:00.000000Z,0,0,False
51,aceTest_Trip_08292023,273aa78b-269b-419b-a222-8f0a2052a977,24,right,1.22.28,English,"Hora est. Pac?fico, Sudam?rica",System Product Name (System manufacturer),Desktop,Windows 10  (10.0.0) 64bit,118.312737,24.57314,1080,1920,96,NVIDIA GeForce RTX 3060 Ti,12,3500,WindowsEditor,32676,STROOP,2023-08-29T22:57:23.2172653Z,2023-08-29T22:58:43.6567595Z,2023-08-29T22:58:44.311596Z,Complete,0,N/A,Real,23,2023-08-29T22:58:10.553209Z,Incongruent,Green,White,N/A,N/A,800,1733,2733,2023-08-29T22:58:10.553209Z,2023-08-29T22:58:10.823841Z,270,White,Pink,red,True,False,True,valid,0001-01-01T00:00:00.000000Z,0,0,False
52,aceTest_Trip_08292023,273aa78b-269b-419b-a222-8f0a2052a977,24,right,1.22.28,English,"Hora est. Pac?fico, Sudam?rica",System Product Name (System manufacturer),Desktop,Windows 10  (10.0.0) 64bit,117.924767,23.7977829,1080,1920,96,NVIDIA GeForce RTX 3060 Ti,12,3500,WindowsEditor,32676,STROOP,2023-08-29T22:57:23.2172653Z,2023-08-29T22:58:43.6567595Z,2023-08-29T22:58:44.311596Z,Complete,0,N/A,Real,24,2023-08-29T22:58:11.840958Z,Incongruent,White,Pink,N/A,N/A,1200,1773,2773,2023-08-29T22:58:11.840958Z,2023-08-29T22:58:12.053301Z,212,Pink,Pink,green,True,True,True,valid,0001-01-01T00:00:00.000000Z,0,0,False
53,aceTest_Trip_08292023,273aa78b-269b-419b-a222-8f0a2052a977,24,right,1.22.28,English,"Hora est. Pac?fico, Sudam?rica",System Product Name (System manufacturer),Desktop,Windows 10  (10.0.0) 64bit,118.181732,62.1278419,1080,1920,96,NVIDIA GeForce RTX 3060 Ti,12,3500,WindowsEditor,32676,STROOP,2023-08-29T22:57:23.2172653Z,2023-08-29T22:58:43.6567595Z,2023-08-29T22:58:44.311596Z,Complete,0,N/A,Real,25,2023-08-29T22:58:13.463735Z,Congruent,Green,Green,N/A,N/A,1100,2823,3823,2023-08-29T22:58:13.462734Z,2023-08-29T22:58:13.741081Z,278,Green,Pink,red,True,False,True,valid,0001-01-01T00:00:00.000000Z,0,0,False
54,aceTest_Trip_08292023,273aa78b-269b-419b-a222-8f0a2052a977,24,right,1.22.28,English,"Hora est. Pac?fico, Sudam?rica",System Product Name (System manufacturer),Desktop,Windows 10  (10.0.0) 64bit,118.134842,26.6542816,1080,1920,96,NVIDIA GeForce RTX 3060 Ti,12,3500,WindowsEditor,32676,STROOP,2023-08-29T22:57:23.2172653Z,2023-08-29T22:58:43.6567595Z,2023-08-29T22:58:44.311596Z,Complete,0,N/A,Real,26,2023-08-29T22:58:15.053440Z,Incongruent,Green,White,N/A,N/A,900,1763,2763,2023-08-29T22:58:15.053440Z,2023-08-29T22:58:15.299195Z,245,White,Pink,red,True,False,True,valid,0001-01-01T00:00:00.000000Z,0,0,False
55,aceTest_Trip_08292023,273aa78b-269b-419b-a222-8f0a2052a977,24,right,1.22.28,English,"Hora est. Pac?fico, Sudam?rica",System Product Name (System manufacturer),Desktop,Windows 10  (10.0.0) 64bit,117.940269,32.66545,1080,1920,96,NVIDIA GeForce RTX 3060 Ti,12,3500,WindowsEditor,32676,STROOP,2023-08-29T22:57:23.2172653Z,2023-08-29T22:58:43.6567595Z,2023-08-29T22:58:44.311596Z,Complete,0,N/A,Real,27,2023-08-29T22:58:16.410106Z,Incongruent,Pink,Orange,N/A,N/A,800,1803,2803,2023-08-29T22:58:16.410106Z,2023-08-29T22:58:16.613051Z,202,Orange,Pink,red,True,False,True,valid,0001-01-01T00:00:00.000000Z,0,0,False
56,aceTest_Trip_08292023,273aa78b-269b-419b-a222-8f0a2052a977,24,right,1.22.28,English,"Hora est. Pac?fico, Sudam?rica",System Product Name (System manufacturer),Desktop,Windows 10  (10.0.0) 64bit,117.981537,26.251936,1080,1920,96,NVIDIA GeForce RTX 3060 Ti,12,3500,WindowsEditor,32676,STROOP,2023-08-29T22:57:23.2172653Z,2023-08-29T22:58:43.6567595Z,2023-08-29T22:58:44.311596Z,Complete,0,N/A,Real,28,2023-08-29T22:58:17.626195Z,Congruent,White,White,N/A,N/A,1200,2983,3983,2023-08-29T22:58:17.626195Z,2023-08-29T22:58:17.820195Z,194,White,Pink,red,True,False,True,valid,0001-01-01T00:00:00.000000Z,0,0,False
57,aceTest_Trip_08292023,273aa78b-269b-419b-a222-8f0a2052a977,24,right,1.22.28,English,"Hora est. Pac?fico, Sudam?rica",System Product Name (System manufacturer),Desktop,Windows 10  (10.0.0) 64bit,117.647331,28.8956833,1080,1920,96,NVIDIA GeForce RTX 3060 Ti,12,3500,WindowsEditor,32676,STROOP,2023-08-29T22:57:23.2172653Z,2023-08-29T22:58:43.6567595Z,2023-08-29T22:58:44.311596Z,Complete,0,N/A,Real,29,2023-08-29T22:58:19.230348Z,Incongruent,White,Green,N/A,N/A,1000,1883,2883,2023-08-29T22:58:19.230348Z,2023-08-29T22:58:19.441120Z,210,Green,Pink,red,True,False,True,valid,0001-01-01T00:00:00.000000Z,0,0,False
58,aceTest_Trip_08292023,273aa78b-269b-419b-a222-8f0a2052a977,24,right,1.22.28,English,"Hora est. Pac?fico, Sudam?rica",System Product Name (System manufacturer),Desktop,Windows 10  (10.0.0) 64bit,118.019875,30.112318,1080,1920,96,NVIDIA GeForce RTX 3060 Ti,12,3500,WindowsEditor,32676,STROOP,2023-08-29T22:57:23.2172653Z,2023-08-29T22:58:43.6567595Z,2023-08-29T22:58:44.311596Z,Complete,0,N/A,Real,30,2023-08-29T22:58:20.652395Z,Incongruent,White,Pink,N/A,N/A,1100,2003,3003,2023-08-29T22:58:20.652395Z,2023-08-29T22:58:20.881204Z,228,Pink,Pink,green,True,True,True,valid,0001-01-01T00:00:00.000000Z,0,0,False
59,aceTest_Trip_08292023,273aa78b-269b-419b-a222-8f0a2052a977,24,right,1.22.28,English,"Hora est. Pac?fico, Sudam?rica",System Product Name (System manufacturer),Desktop,Windows 10  (10.0.0) 64bit,117.575317,63.93071,1080,1920,96,NVIDIA GeForce RTX 3060 Ti,12,3500,WindowsEditor,32676,STROOP,2023-08-29T22:57:23.2172653Z,2023-08-29T22:58:43.6567595Z,2023-08-29T22:58:44.311596Z,Complete,0,N/A,Real,31,2023-08-29T22:58:22.198857Z,Congruent,Orange,Orange,N/A,N/A,1200,3183,4183,2023-08-29T22:58:22.198857Z,2023-08-29T22:58:22.408164Z,209,Orange,Pink,red,True,False,True,valid,0001-01-01T00:00:00.000000Z,0,0,False
60,aceTest_Trip_08292023,273aa78b-269b-419b-a222-8f0a2052a977,24,right,1.22.28,English,"Hora est. Pac?fico, Sudam?rica",System Product Name (System manufacturer),Desktop,Windows 10  (10.0.0) 64bit,118.386185,20.5601749,1080,1920,96,NVIDIA GeForce RTX 3060 Ti,12,3500,WindowsEditor,32676,STROOP,2023-08-29T22:57:23.2172653Z,2023-08-29T22:58:43.6567595Z,2023-08-29T22:58:44.311596Z,Complete,0,N/A,Real,32,2023-08-29T22:58:23.822416Z,Congruent,White,White,N/A,N/A,1000,3423,4423,2023-08-29T22:58:23.822416Z,2023-08-29T22:58:24.082876Z,260,White,Pink,red,True,False,True,valid,0001-01-01T00:00:00.000000Z,0,0,False
61,aceTest_Trip_08292023,273aa78b-269b-419b-a222-8f0a2052a977,24,right,1.22.28,English,"Hora est. Pac?fico, Sudam?rica",System Product Name (System manufacturer),Desktop,Windows 10  (10.0.0) 64bit,118.503365,20.4285145,1080,1920,96,NVIDIA GeForce RTX 3060 Ti,12,3500,WindowsEditor,32676,STROOP,2023-08-29T22:57:23.2172653Z,2023-08-29T22:58:43.6567595Z,2023-08-29T22:58:44.311596Z,Complete,0,N/A,Real,33,2023-08-29T22:58:25.294994Z,Congruent,Green,Green,N/A,N/A,900,3703,4703,2023-08-29T22:58:25.294994Z,2023-08-29T22:58:25.556711Z,261,Green,Pink,red,True,False,True,valid,0001-01-01T00:00:00.000000Z,0,0,False
62,aceTest_Trip_08292023,273aa78b-269b-419b-a222-8f0a2052a977,24,right,1.22.28,English,"Hora est. Pac?fico, Sudam?rica",System Product Name (System manufacturer),Desktop,Windows 10  (10.0.0) 64bit,118.025551,48.3001633,1080,1920,96,NVIDIA GeForce RTX 3060 Ti,12,3500,WindowsEditor,32676,STROOP,2023-08-29T22:57:23.2172653Z,2023-08-29T22:58:43.6567595Z,2023-08-29T22:58:44.311596Z,Complete,0,N/A,Real,34,2023-08-29T22:58:26.671932Z,Incongruent,White,Orange,N/A,N/A,800,1993,2993,2023-08-29T22:58:26.671932Z,2023-08-29T22:58:26.882089Z,210,Orange,Pink,red,True,False,True,valid,0001-01-01T00:00:00.000000Z,0,0,False
63,aceTest_Trip_08292023,273aa78b-269b-419b-a222-8f0a2052a977,24,right,1.22.28,English,"Hora est. Pac?fico, Sudam?rica",System Product Name (System manufacturer),Desktop,Windows 10  (10.0.0) 64bit,118.343765,27.4890785,1080,1920,96,NVIDIA GeForce RTX 3060 Ti,12,3500,WindowsEditor,32676,STROOP,2023-08-29T22:57:23.2172653Z,2023-08-29T22:58:43.6567595Z,2023-08-29T22:58:44.311596Z,Complete,0,N/A,Real,35,2023-08-29T22:58:27.898504Z,Congruent,Pink,Pink,N/A,N/A,1000,4023,5023,2023-08-29T22:58:27.898504Z,2023-08-29T22:58:28.102220Z,203,Pink,Pink,green,True,True,True,valid,0001-01-01T00:00:00.000000Z,0,0,False
64,aceTest_Trip_08292023,273aa78b-269b-419b-a222-8f0a2052a977,24,right,1.22.28,English,"Hora est. Pac?fico, Sudam?rica",System Product Name (System manufacturer),Desktop,Windows 10  (10.0.0) 64bit,118.241844,29.0890846,1080,1920,96,NVIDIA GeForce RTX 3060 Ti,12,3500,WindowsEditor,32676,STROOP,2023-08-29T22:57:23.2172653Z,2023-08-29T22:58:43.6567595Z,2023-08-29T22:58:44.311596Z,Complete,0,N/A,Real,36,2023-08-29T22:58:29.312158Z,Congruent,White,White,N/A,N/A,900,4013,5013,2023-08-29T22:58:29.312158Z,2023-08-29T22:58:29.566922Z,254,White,Pink,red,True,False,True,valid,0001-01-01T00:00:00.000000Z,0,0,False
65,aceTest_Trip_08292023,273aa78b-269b-419b-a222-8f0a2052a977,24,right,1.22.28,English,"Hora est. Pac?fico, Sudam?rica",System Product Name (System manufacturer),Desktop,Windows 10  (10.0.0) 64bit,117.939545,62.08789,1080,1920,96,NVIDIA GeForce RTX 3060 Ti,12,3500,WindowsEditor,32676,STROOP,2023-08-29T22:57:23.2172653Z,2023-08-29T22:58:43.6567595Z,2023-08-29T22:58:44.311596Z,Complete,0,N/A,Real,37,2023-08-29T22:58:30.676356Z,Incongruent,White,Green,N/A,N/A,1100,2033,3033,2023-08-29T22:58:30.676356Z,2023-08-29T22:58:30.897812Z,221,Green,Pink,red,True,False,True,valid,0001-01-01T00:00:00.000000Z,0,0,False
66,aceTest_Trip_08292023,273aa78b-269b-419b-a222-8f0a2052a977,24,right,1.22.28,English,"Hora est. Pac?fico, Sudam?rica",System Product Name (System manufacturer),Desktop,Windows 10  (10.0.0) 64bit,118.3507,28.7849941,1080,1920,96,NVIDIA GeForce RTX 3060 Ti,12,3500,WindowsEditor,32676,STROOP,2023-08-29T22:57:23.2172653Z,2023-08-29T22:58:43.6567595Z,2023-08-29T22:58:44.311596Z,Complete,0,N/A,Real,38,2023-08-29T22:58:32.211401Z,Incongruent,Green,Pink,N/A,N/A,800,2113,3113,2023-08-29T22:58:32.211401Z,2023-08-29T22:58:32.490199Z,278,Pink,Pink,green,True,True,True,valid,0001-01-01T00:00:00.000000Z,0,0,False
67,aceTest_Trip_08292023,273aa78b-269b-419b-a222-8f0a2052a977,24,right,1.22.28,English,"Hora est. Pac?fico, Sudam?rica",System Product Name (System manufacturer),Desktop,Windows 10  (10.0.0) 64bit,118.261345,25.3067913,1080,1920,96,NVIDIA GeForce RTX 3060 Ti,12,3500,WindowsEditor,32676,STROOP,2023-08-29T22:57:23.2172653Z,2023-08-29T22:58:43.6567595Z,2023-08-29T22:58:44.311596Z,Complete,0,N/A,Real,39,2023-08-29T22:58:33.506523Z,Incongruent,Pink,Orange,N/A,N/A,1200,2103,3103,2023-08-29T22:58:33.506523Z,2023-08-29T22:58:33.718070Z,211,Orange,Pink,red,True,False,True,valid,0001-01-01T00:00:00.000000Z,0,0,False
68,aceTest_Trip_08292023,273aa78b-269b-419b-a222-8f0a2052a977,24,right,1.22.28,English,"Hora est. Pac?fico, Sudam?rica",System Product Name (System manufacturer),Desktop,Windows 10  (10.0.0) 64bit,117.942421,29.3934174,1080,1920,96,NVIDIA GeForce RTX 3060 Ti,12,3500,WindowsEditor,32676,STROOP,2023-08-29T22:57:23.2172653Z,2023-08-29T22:58:43.6567595Z,2023-08-29T22:58:44.311596Z,Complete,0,N/A,Real,40,2023-08-29T22:58:35.133158Z,Congruent,Pink,Pink,N/A,N/A,1000,4053,5053,2023-08-29T22:58:35.133158Z,2023-08-29T22:58:35.344117Z,210,Pink,Pink,green,True,True,True,valid,0001-01-01T00:00:00.000000Z,0,0,False
69,aceTest_Trip_08292023,273aa78b-269b-419b-a222-8f0a2052a977,24,right,1.22.28,English,"Hora est. Pac?fico, Sudam?rica",System Product Name (System manufacturer),Desktop,Windows 10  (10.0.0) 64bit,118.551926,25.86765,1080,1920,96,NVIDIA GeForce RTX 3060 Ti,12,3500,WindowsEditor,32676,STROOP,2023-08-29T22:57:23.2172653Z,2023-08-29T22:58:43.6567595Z,2023-08-29T22:58:44.311596Z,Complete,0,N/A,Real,41,2023-08-29T22:58:36.559473Z,Incongruent,Pink,Green,N/A,N/A,1100,2143,3143,2023-08-29T22:58:36.559473Z,2023-08-29T22:58:36.794925Z,235,Green,Pink,red,True,False,True,valid,0001-01-01T00:00:00.000000Z,0,0,False
70,aceTest_Trip_08292023,273aa78b-269b-419b-a222-8f0a2052a977,24,right,1.22.28,English,"Hora est. Pac?fico, Sudam?rica",System Product Name (System manufacturer),Desktop,Windows 10  (10.0.0) 64bit,118.484161,28.82181,1080,1920,96,NVIDIA GeForce RTX 3060 Ti,12,3500,WindowsEditor,32676,STROOP,2023-08-29T22:57:23.2172653Z,2023-08-29T22:58:43.6567595Z,2023-08-29T22:58:44.311596Z,Complete,0,N/A,Real,42,2023-08-29T22:58:38.106569Z,Congruent,White,White,N/A,N/A,900,4043,5043,2023-08-29T22:58:38.106569Z,2023-08-29T22:58:38.301279Z,194,White,Pink,red,True,False,True,valid,0001-01-01T00:00:00.000000Z,0,0,False
71,aceTest_Trip_08292023,273aa78b-269b-419b-a222-8f0a2052a977,24,right,1.22.28,English,"Hora est. Pac?fico, Sudam?rica",System Product Name (System manufacturer),Desktop,Windows 10  (10.0.0) 64bit,117.628845,60.77582,1080,1920,96,NVIDIA GeForce RTX 3060 Ti,12,3500,WindowsEditor,32676,STROOP,2023-08-29T22:57:23.2172653Z,2023-08-29T22:58:43.6567595Z,2023-08-29T22:58:44.311596Z,Complete,0,N/A,Real,43,2023-08-29T22:58:39.417670Z,Congruent,Orange,Orange,N/A,N/A,1200,4083,5083,2023-08-29T22:58:39.417670Z,2023-08-29T22:58:39.654790Z,237,Orange,Pink,red,True,False,True,valid,0001-01-01T00:00:00.000000Z,0,0,False
72,aceTest_Trip_08292023,273aa78b-269b-419b-a222-8f0a2052a977,24,right,1.22.28,English,"Hora est. Pac?fico, Sudam?rica",System Product Name (System manufacturer),Desktop,Windows 10  (10.0.0) 64bit,117.625267,32.2891045,1080,1920,96,NVIDIA GeForce RTX 3060 Ti,12,3500,WindowsEditor,32676,STROOP,2023-08-29T22:57:23.2172653Z,2023-08-29T22:58:43.6567595Z,2023-08-29T22:58:44.311596Z,Complete,0,N/A,Real,44,2023-08-29T22:58:41.066467Z,Incongruent,White,Green,N/A,N/A,800,2223,3223,2023-08-29T22:58:41.066467Z,2023-08-29T22:58:41.312596Z,246,Green,Pink,red,True,False,True,valid,0001-01-01T00:00:00.000000Z,0,0,False
73,aceTest_Trip_08292023,273aa78b-269b-419b-a222-8f0a2052a977,24,right,1.22.28,English,"Hora est. Pac?fico, Sudam?rica",System Product Name (System manufacturer),Desktop,Windows 10  (10.0.0) 64bit,118.380287,28.4715214,1080,1920,96,NVIDIA GeForce RTX 3060 Ti,12,3500,WindowsEditor,32676,STROOP,2023-08-29T22:57:23.2172653Z,2023-08-29T22:58:43.6567595Z,2023-08-29T22:58:44.311596Z,Complete,0,N/A,Real,45,2023-08-29T22:58:42.327936Z,Incongruent,Pink,Orange,N/A,N/A,900,2343,3343,2023-08-29T22:58:42.327936Z,2023-08-29T22:58:42.545983Z,218,Orange,Pink,red,True,False,True,valid,0001-01-01T00:00:00.000000Z,0,0,False
