"","TIME:","2017-09-08T09:42:05-0700","",""
"","USER ID:","ADMIN-UCSF-bo034","",""
"","User Name:","bo034","",""
"","User Age:","9","",""
"","User Grade:","4","",""
"","User Gender:","FEMALE","",""
"","User Handedness:","RIGHT","",""
"","iPad Number:","38","",""
"","Test Type:","Real","",""
"","Build Number:","17","",""
"","OS Version:","10.2.1","",""
"","Device Type:","iPad Mini 3rd Gen", "",""
"","ADAPTIVITY:","NO","",""
"Game Settings:","{
    ITI = 1000;
    PracticeCount = 3;
    TRI = 500;
}","",""
"Stimulus Array Time","Tap 11 RT","Point 10 RT","Point 14 RT","Object Count","Tap 1 RT","Tap 14 RT","Point 1 RT","Tap 2 RT","Point 2 RT","Correct Button","Response Time","Point 6 RT","Point 7 RT","Point 8 RT","Point 3 RT","Point 9 RT","Point 4 RT","Point 5 RT","Tap 12 RT","Tap 3 RT","Tap 4 RT","Point 11 RT","Point 15 RT","Total Taps","Tap 5 RT","Tap 15 RT","Tap 6 RT","Tap 10 RT","Point 12 RT","Tap 7 RT","Tap 8 RT","Tap 13 RT","Tap 9 RT","Point 13 RT",
"3019.942998886108","N/A","N/A","N/A","3","1222.927987575531","N/A","{356, 128}","1767.503023147583","{862, 467}","1","2842.22799539566","N/A","N/A","N/A","{73, 147}","N/A","N/A","N/A","N/A","2340.128004550934","N/A","N/A","N/A","3","N/A","N/A","N/A","N/A","N/A","N/A","N/A","N/A","N/A","N/A",
"3019.956052303314","N/A","N/A","N/A","3","1094.579994678497","N/A","{694, 641}","1777.620017528534","{944, 274}","0","2279.89399433136","N/A","N/A","N/A","{692, 437}","N/A","N/A","N/A","N/A","N/A","N/A","N/A","N/A","2","N/A","N/A","N/A","N/A","N/A","N/A","N/A","N/A","N/A","N/A",
"3018.997967243195","N/A","N/A","N/A","3","801.9089698791504","N/A","{397, 264}","1184.44299697876","{201, 183}","1","2230.736970901489","N/A","N/A","N/A","{491, 643}","N/A","N/A","N/A","N/A","1728.608965873718","N/A","N/A","N/A","3","N/A","N/A","N/A","N/A","N/A","N/A","N/A","N/A","N/A","N/A",
"4024.100959300995","N/A","N/A","N/A","4","890.6629681587219","N/A","{491, 643}","1223.119974136353","{315, 465}","1","2509.693026542664","N/A","N/A","N/A","{124, 631}","N/A","{692, 437}","N/A","N/A","1551.618993282318","2007.372975349426","N/A","N/A","4","N/A","N/A","N/A","N/A","N/A","N/A","N/A","N/A","N/A","N/A",
"4026.651978492737","N/A","N/A","N/A","4","1191.892027854919","N/A","{491, 643}","1466.01802110672","{692, 437}","1","2638.83900642395","N/A","N/A","N/A","{694, 641}","N/A","{315, 465}","N/A","N/A","1715.436995029449","2136.780023574829","N/A","N/A","4","N/A","N/A","N/A","N/A","N/A","N/A","N/A","N/A","N/A","N/A",
"5033.537030220032","N/A","N/A","N/A","5","710.1899981498718","N/A","{186, 477}","993.9090013504028","{124, 631}","1","2795.848965644836","N/A","N/A","N/A","{692, 437}","N/A","{159, 315}","{669, 146}","N/A","1401.901006698608","1772.051990032196","N/A","N/A","5","2293.758988380432","N/A","N/A","N/A","N/A","N/A","N/A","N/A","N/A","N/A",
"5033.580958843231","N/A","N/A","N/A","5","681.0160279273987","N/A","{317, 607}","1096.900999546051","{862, 467}","1","3416.170001029968","N/A","N/A","N/A","{124, 631}","N/A","{397, 264}","{692, 437}","N/A","2030.734002590179","2407.501995563507","N/A","N/A","5","2913.838982582092","N/A","N/A","N/A","N/A","N/A","N/A","N/A","N/A","N/A",
"6041.227996349335","N/A","N/A","N/A","6","1268.302977085114","N/A","{201, 183}","1901.050984859467","{317, 607}","0","6586.36599779129","{692, 437}","N/A","N/A","{73, 147}","N/A","{862, 467}","{491, 643}","N/A","2428.220987319946","4785.35795211792","N/A","N/A","5","6084.279000759125","N/A","N/A","N/A","N/A","N/A","N/A","N/A","N/A","N/A",
"6040.170967578888","N/A","N/A","N/A","6","1465.07602930069","N/A","{669, 146}","1926.378011703491","{682, 300}","1","4612.421035766602","{692, 437}","N/A","N/A","{315, 465}","N/A","{862, 467}","{482, 512}","N/A","2426.398038864136","2932.348012924194","N/A","N/A","6","3866.13404750824","N/A","4110.30900478363","N/A","N/A","N/A","N/A","N/A","N/A","N/A",
"6040.00198841095","N/A","N/A","N/A","6","623.7850189208984","N/A","{356, 128}","1088.881015777588","{682, 300}","0","1591.710984706879","{317, 607}","N/A","N/A","{315, 465}","N/A","{862, 467}","{944, 274}","N/A","N/A","N/A","N/A","N/A","2","N/A","N/A","N/A","N/A","N/A","N/A","N/A","N/A","N/A","N/A",
"6040.988981723785","N/A","N/A","N/A","6","565.0500059127808","N/A","{491, 643}","1231.823980808258","{397, 264}","1","3733.541011810303","{692, 437}","N/A","N/A","{538, 251}","N/A","{356, 128}","{669, 146}","N/A","1626.730978488922","2148.138999938965","N/A","N/A","6","2626.393020153046","N/A","3231.453001499176","N/A","N/A","N/A","N/A","N/A","N/A","N/A",
"7047.765016555786","N/A","N/A","N/A","7","1343.328952789307","N/A","{482, 512}","2893.148958683014","{862, 467}","0","5356.337010860443","{159, 315}","{201, 183}","N/A","{356, 128}","N/A","{73, 147}","{317, 607}","N/A","3586.838960647583","4209.641993045807","N/A","N/A","5","4853.551983833313","N/A","N/A","N/A","N/A","N/A","N/A","N/A","N/A","N/A",
"7046.884000301361","N/A","N/A","N/A","7","817.4949884414673","N/A","{317, 607}","1311.296999454498","{947, 619}","0","2378.32099199295","{73, 147}","{356, 128}","N/A","{201, 183}","N/A","{899, 141}","{186, 477}","N/A","1876.10399723053","N/A","N/A","N/A","3","N/A","N/A","N/A","N/A","N/A","N/A","N/A","N/A","N/A","N/A",






"","TIME:","2017-10-02T12:30:19-0700","",""
"","USER ID:","ADMIN-UCSF-pe456","",""
"","User Name:","pe456","",""
"","User Age:","11","",""
"","User Grade:","6","",""
"","User Gender:","MALE","",""
"","User Handedness:","RIGHT","",""
"","iPad Number:","38","",""
"","Test Type:","Real","",""
"","Build Number:","17","",""
"","OS Version:","10.2.1","",""
"","Device Type:","iPad Mini 3rd Gen", "",""
"","ADAPTIVITY:","NO","",""
"Game Settings:","{
    ITI = 1000;
    PracticeCount = 3;
    TRI = 500;
}","",""
"Stimulus Array Time","Tap 11 RT","Point 10 RT","Point 14 RT","Object Count","Tap 1 RT","Tap 14 RT","Point 1 RT","Tap 2 RT","Point 2 RT","Correct Button","Response Time","Point 6 RT","Point 7 RT","Point 8 RT","Point 3 RT","Point 9 RT","Point 4 RT","Point 5 RT","Tap 12 RT","Tap 3 RT","Tap 4 RT","Point 11 RT","Point 15 RT","Total Taps","Tap 5 RT","Tap 15 RT","Tap 6 RT","Tap 10 RT","Point 12 RT","Tap 7 RT","Tap 8 RT","Tap 13 RT","Tap 9 RT","Point 13 RT",
"3021.596968173981","N/A","N/A","N/A","3","447.2989439964294","N/A","{607, 190}","613.3259534835815","{653, 537}","1","1245.400965213776","N/A","N/A","N/A","{84, 696}","N/A","N/A","N/A","N/A","742.6649928092957","N/A","N/A","N/A","3","N/A","N/A","N/A","N/A","N/A","N/A","N/A","N/A","N/A","N/A",
"3020.65896987915","N/A","N/A","N/A","3","425.2060055732727","N/A","{455, 168}","514.2170190811157","{853, 598}","1","1129.801034927368","N/A","N/A","N/A","{264, 305}","N/A","N/A","N/A","N/A","628.1200051307678","N/A","N/A","N/A","3","N/A","N/A","N/A","N/A","N/A","N/A","N/A","N/A","N/A","N/A",
"4028.900027275085","N/A","N/A","N/A","4","584.8299860954285","N/A","{348, 638}","685.0129961967468","{604, 396}","1","1464.456975460052","N/A","N/A","N/A","{607, 190}","N/A","{281, 145}","N/A","N/A","850.8619666099548","962.1790051460266","N/A","N/A","4","N/A","N/A","N/A","N/A","N/A","N/A","N/A","N/A","N/A","N/A",
"4029.248952865601","N/A","N/A","N/A","4","940.106987953186","N/A","{495, 604}","1084.564983844757","{661, 683}","1","2192.699015140533","N/A","N/A","N/A","{348, 638}","N/A","{451, 401}","N/A","N/A","1334.24699306488","1689.800024032593","N/A","N/A","4","N/A","N/A","N/A","N/A","N/A","N/A","N/A","N/A","N/A","N/A",
"5031.723022460938","N/A","N/A","N/A","5","345.8269834518433","N/A","{87, 354}","441.2369728088379","{607, 190}","1","1443.566977977753","N/A","N/A","N/A","{80, 527}","N/A","{264, 305}","{281, 145}","N/A","607.7749729156494","774.1429805755615","N/A","N/A","5","940.7910108566284","N/A","N/A","N/A","N/A","N/A","N/A","N/A","N/A","N/A",
"5033.073008060455","N/A","N/A","N/A","5","830.9620022773743","N/A","{607, 190}","978.863000869751","{80, 527}","1","2059.433996677399","N/A","N/A","N/A","{604, 396}","N/A","{248, 469}","{87, 354}","N/A","1178.694009780884","1340.418994426727","N/A","N/A","5","1556.532979011536","N/A","N/A","N/A","N/A","N/A","N/A","N/A","N/A","N/A",
"6039.723992347717","N/A","N/A","N/A","6","646.3950276374817","N/A","{80, 527}","956.7430019378662","{954, 167}","0","2308.486998081207","{495, 604}","N/A","N/A","{264, 305}","N/A","{607, 190}","{348, 638}","N/A","1278.267979621887","1561.538994312286","N/A","N/A","5","1806.448996067047","N/A","N/A","N/A","N/A","N/A","N/A","N/A","N/A","N/A",
"6038.518965244293","N/A","N/A","N/A","6","425.1570105552673","N/A","{348, 638}","825.7090449333191","{653, 537}","0","1327.777028083801","{607, 190}","N/A","N/A","{853, 598}","N/A","{954, 167}","{451, 401}","N/A","N/A","N/A","N/A","N/A","2","N/A","N/A","N/A","N/A","N/A","N/A","N/A","N/A","N/A","N/A",






"","TIME:","2017-10-03T09:36:35-0700","",""
"","USER ID:","ADMIN-UCSF-pe590","",""
"","User Name:","pe590","",""
"","User Age:","11","",""
"","User Grade:","6","",""
"","User Gender:","FEMALE","",""
"","User Handedness:","RIGHT","",""
"","iPad Number:","38","",""
"","Test Type:","Real","",""
"","Build Number:","17","",""
"","OS Version:","10.2.1","",""
"","Device Type:","iPad Mini 3rd Gen", "",""
"","ADAPTIVITY:","NO","",""
"Game Settings:","{
    ITI = 1000;
    PracticeCount = 3;
    TRI = 500;
}","",""
"Stimulus Array Time","Tap 11 RT","Point 10 RT","Point 14 RT","Object Count","Tap 1 RT","Tap 14 RT","Point 1 RT","Tap 2 RT","Point 2 RT","Correct Button","Response Time","Point 6 RT","Point 7 RT","Point 8 RT","Point 3 RT","Point 9 RT","Point 4 RT","Point 5 RT","Tap 12 RT","Tap 3 RT","Tap 4 RT","Point 11 RT","Point 15 RT","Total Taps","Tap 5 RT","Tap 15 RT","Tap 6 RT","Tap 10 RT","Point 12 RT","Tap 7 RT","Tap 8 RT","Tap 13 RT","Tap 9 RT","Point 13 RT",
"3020.810961723328","N/A","N/A","N/A","3","389.1110420227051","N/A","{288, 238}","767.6680088043213","{941, 362}","1","1668.466031551361","N/A","N/A","N/A","{481, 530}","N/A","N/A","N/A","N/A","1166.40704870224","N/A","N/A","N/A","3","N/A","N/A","N/A","N/A","N/A","N/A","N/A","N/A","N/A","N/A",
"3018.602013587952","N/A","N/A","N/A","3","302.3170232772827","N/A","{728, 693}","514.9100422859192","{411, 681}","1","1232.08099603653","N/A","N/A","N/A","{314, 432}","N/A","N/A","N/A","N/A","730.0260066986084","N/A","N/A","N/A","3","N/A","N/A","N/A","N/A","N/A","N/A","N/A","N/A","N/A","N/A",
"4026.724994182587","N/A","N/A","N/A","4","907.8250527381897","N/A","{288, 238}","1317.371010780334","{941, 362}","1","2559.319019317627","N/A","N/A","N/A","{752, 339}","N/A","{167, 530}","N/A","N/A","1651.344001293182","2057.279050350189","N/A","N/A","4","N/A","N/A","N/A","N/A","N/A","N/A","N/A","N/A","N/A","N/A",
"4028.405010700226","N/A","N/A","N/A","4","1284.251034259796","N/A","{728, 693}","1476.879000663757","{587, 675}","1","2426.80299282074","N/A","N/A","N/A","{604, 385}","N/A","{952, 510}","N/A","N/A","1694.258034229279","1924.65204000473","N/A","N/A","4","N/A","N/A","N/A","N/A","N/A","N/A","N/A","N/A","N/A","N/A",
"5034.080982208252","N/A","N/A","N/A","5","905.4790139198303","N/A","{952, 510}","1165.808022022247","{604, 385}","1","3050.360023975372","N/A","N/A","N/A","{146, 144}","N/A","{288, 238}","{314, 432}","N/A","1988.193988800049","2349.439978599548","N/A","N/A","5","2548.945009708405","N/A","N/A","N/A","N/A","N/A","N/A","N/A","N/A","N/A",
"5034.069001674652","N/A","N/A","N/A","5","1134.84799861908","N/A","{752, 339}","1387.388050556183","{728, 693}","1","2748.338997364044","N/A","N/A","N/A","{947, 651}","N/A","{718, 536}","{288, 238}","N/A","1577.145040035248","1796.434998512268","N/A","N/A","5","2246.197998523712","N/A","N/A","N/A","N/A","N/A","N/A","N/A","N/A","N/A",
"6039.192020893097","N/A","N/A","N/A","6","1046.061038970947","N/A","{702, 194}","3028.719007968903","{718, 536}","1","5547.375023365021","{314, 432}","N/A","N/A","{947, 651}","N/A","{288, 238}","{941, 362}","N/A","3292.883038520813","3874.519050121307","N/A","N/A","6","4411.660015583038","N/A","5045.355021953583","N/A","N/A","N/A","N/A","N/A","N/A","N/A",
"6040.872037410736","N/A","N/A","N/A","6","1504.890978336334","N/A","{411, 681}","1750.135958194733","{167, 530}","0","2569.417953491211","{702, 194}","N/A","N/A","{459, 365}","N/A","{587, 675}","{288, 238}","N/A","2065.780997276306","N/A","N/A","N/A","3","N/A","N/A","N/A","N/A","N/A","N/A","N/A","N/A","N/A","N/A",
"6043.12402009964","N/A","N/A","N/A","6","721.7379808425903","N/A","{314, 432}","N/A","{752, 339}","0","1223.793029785156","{702, 194}","N/A","N/A","{947, 651}","N/A","{411, 681}","{124, 323}","N/A","N/A","N/A","N/A","N/A","1","N/A","N/A","N/A","N/A","N/A","N/A","N/A","N/A","N/A","N/A",






"","TIME:","2017-09-13T11:23:08-0700","",""
"","USER ID:","ADMIN-UCSF-cp024","",""
"","User Name:","cp024","",""
"","User Age:","9","",""
"","User Grade:","4","",""
"","User Gender:","FEMALE","",""
"","User Handedness:","RIGHT","",""
"","iPad Number:","38","",""
"","Test Type:","Real","",""
"","Build Number:","17","",""
"","OS Version:","10.2.1","",""
"","Device Type:","iPad Mini 3rd Gen", "",""
"","ADAPTIVITY:","NO","",""
"Game Settings:","{
    ITI = 1000;
    PracticeCount = 3;
    TRI = 500;
}","",""
"Stimulus Array Time","Tap 11 RT","Point 10 RT","Point 14 RT","Object Count","Tap 1 RT","Tap 14 RT","Point 1 RT","Tap 2 RT","Point 2 RT","Correct Button","Response Time","Point 6 RT","Point 7 RT","Point 8 RT","Point 3 RT","Point 9 RT","Point 4 RT","Point 5 RT","Tap 12 RT","Tap 3 RT","Tap 4 RT","Point 11 RT","Point 15 RT","Total Taps","Tap 5 RT","Tap 15 RT","Tap 6 RT","Tap 10 RT","Point 12 RT","Tap 7 RT","Tap 8 RT","Tap 13 RT","Tap 9 RT","Point 13 RT",
"3019.001007080078","N/A","N/A","N/A","3","859.5600128173828","N/A","{316, 153}","1285.498023033142","{397, 610}","1","2159.869015216827","N/A","N/A","N/A","{179, 662}","N/A","N/A","N/A","N/A","1657.948017120361","N/A","N/A","N/A","3","N/A","N/A","N/A","N/A","N/A","N/A","N/A","N/A","N/A","N/A",
"3020.253956317902","N/A","N/A","N/A","3","1046.122014522552","N/A","{179, 662}","1323.61501455307","{114, 517}","1","2232.783019542694","N/A","N/A","N/A","{809, 308}","N/A","N/A","N/A","N/A","1730.698049068451","N/A","N/A","N/A","3","N/A","N/A","N/A","N/A","N/A","N/A","N/A","N/A","N/A","N/A",
"4027.15003490448","N/A","N/A","N/A","4","834.0280055999756","N/A","{397, 610}","1194.618999958038","{427, 417}","1","2430.624008178711","N/A","N/A","N/A","{474, 193}","N/A","{632, 649}","N/A","N/A","1551.03200674057","1928.582012653351","N/A","N/A","4","N/A","N/A","N/A","N/A","N/A","N/A","N/A","N/A","N/A","N/A",
"4027.099013328552","N/A","N/A","N/A","4","1108.319997787476","N/A","{98, 314}","N/A","{98, 183}","0","1609.432995319366","N/A","N/A","N/A","{235, 370}","N/A","{179, 662}","N/A","N/A","N/A","N/A","N/A","N/A","1","N/A","N/A","N/A","N/A","N/A","N/A","N/A","N/A","N/A","N/A",
"4027.365028858185","N/A","N/A","N/A","4","868.7450289726257","N/A","{235, 370}","N/A","{617, 336}","0","1370.795011520386","N/A","N/A","N/A","{98, 314}","N/A","{809, 308}","N/A","N/A","N/A","N/A","N/A","N/A","1","N/A","N/A","N/A","N/A","N/A","N/A","N/A","N/A","N/A","N/A",






"","TIME:","2017-09-14T10:41:43-0700","",""
"","USER ID:","ADMIN-UCSF-se084","",""
"","User Name:","se084","",""
"","User Age:","13","",""
"","User Grade:","8","",""
"","User Gender:","FEMALE","",""
"","User Handedness:","RIGHT","",""
"","iPad Number:","38","",""
"","Test Type:","Real","",""
"","Build Number:","17","",""
"","OS Version:","10.2.1","",""
"","Device Type:","iPad Mini 3rd Gen", "",""
"","ADAPTIVITY:","NO","",""
"Game Settings:","{
    ITI = 1000;
    PracticeCount = 3;
    TRI = 500;
}","",""
"Stimulus Array Time","Tap 11 RT","Point 10 RT","Point 14 RT","Object Count","Tap 1 RT","Tap 14 RT","Point 1 RT","Tap 2 RT","Point 2 RT","Correct Button","Response Time","Point 6 RT","Point 7 RT","Point 8 RT","Point 3 RT","Point 9 RT","Point 4 RT","Point 5 RT","Tap 12 RT","Tap 3 RT","Tap 4 RT","Point 11 RT","Point 15 RT","Total Taps","Tap 5 RT","Tap 15 RT","Tap 6 RT","Tap 10 RT","Point 12 RT","Tap 7 RT","Tap 8 RT","Tap 13 RT","Tap 9 RT","Point 13 RT",
"3020.713984966278","N/A","N/A","N/A","3","623.0559945106506","N/A","{757, 129}","971.6419577598572","{417, 529}","1","1819.37301158905","N/A","N/A","N/A","{673, 448}","N/A","N/A","N/A","N/A","1317.483007907867","N/A","N/A","N/A","3","N/A","N/A","N/A","N/A","N/A","N/A","N/A","N/A","N/A","N/A",
"3020.321011543274","N/A","N/A","N/A","3","453.8030028343201","N/A","{874, 668}","614.5470142364502","{727, 666}","1","1250.84000825882","N/A","N/A","N/A","{808, 463}","N/A","N/A","N/A","N/A","747.8960156440735","N/A","N/A","N/A","3","N/A","N/A","N/A","N/A","N/A","N/A","N/A","N/A","N/A","N/A",
"4027.942001819611","N/A","N/A","N/A","4","457.6200246810913","N/A","{939, 149}","867.4039840698242","{134, 664}","1","2203.312993049622","N/A","N/A","N/A","{939, 488}","N/A","{417, 529}","N/A","N/A","1289.700984954834","1701.102018356323","N/A","N/A","4","N/A","N/A","N/A","N/A","N/A","N/A","N/A","N/A","N/A","N/A",
"4028.120040893555","N/A","N/A","N/A","4","373.0000257492065","N/A","{516, 387}","584.4939947128296","{680, 259}","1","1742.448031902313","N/A","N/A","N/A","{154, 256}","N/A","{939, 488}","N/A","N/A","868.0300116539001","1240.316033363342","N/A","N/A","4","N/A","N/A","N/A","N/A","N/A","N/A","N/A","N/A","N/A","N/A",
"5035.997986793518","N/A","N/A","N/A","5","927.0950555801392","N/A","{316, 310}","1227.879047393799","{417, 529}","1","2795.24701833725","N/A","N/A","N/A","{512, 189}","N/A","{154, 256}","{727, 666}","N/A","1505.037009716034","1788.278043270111","N/A","N/A","5","2293.151021003723","N/A","N/A","N/A","N/A","N/A","N/A","N/A","N/A","N/A",
"5036.287009716034","N/A","N/A","N/A","5","474.448025226593","N/A","{727, 666}","840.1550054550171","{512, 189}","1","2676.599025726318","N/A","N/A","N/A","{329, 699}","N/A","{134, 664}","{808, 463}","N/A","1235.042035579681","1718.07998418808","N/A","N/A","5","2174.468994140625","N/A","N/A","N/A","N/A","N/A","N/A","N/A","N/A","N/A",
"6042.01203584671","N/A","N/A","N/A","6","584.9520564079285","N/A","{874, 668}","951.4860510826111","{540, 668}","1","2719.736039638519","{316, 310}","N/A","N/A","{808, 463}","N/A","{516, 387}","{673, 448}","N/A","1245.741009712219","1579.413056373596","N/A","N/A","6","1835.692048072815","N/A","2217.593014240265","N/A","N/A","N/A","N/A","N/A","N/A","N/A",
"6042.254030704498","N/A","N/A","N/A","6","451.5620470046997","N/A","{540, 668}","699.9329924583435","{808, 463}","1","2464.111030101776","{958, 320}","N/A","N/A","{939, 149}","N/A","{673, 448}","{727, 666}","N/A","978.3010482788086","1383.621037006378","N/A","N/A","6","1662.795007228851","N/A","1962.028026580811","N/A","N/A","N/A","N/A","N/A","N/A","N/A",
"7046.829998493195","N/A","N/A","N/A","7","531.8690538406372","N/A","{329, 699}","948.6220479011536","{727, 666}","1","3278.957009315491","{316, 310}","{874, 668}","N/A","{939, 488}","N/A","{673, 448}","{318, 173}","N/A","1292.808055877686","1642.554044723511","N/A","N/A","7","1998.329997062683","N/A","2310.824036598206","N/A","N/A","2776.46803855896","N/A","N/A","N/A","N/A",
"7048.116028308868","N/A","N/A","N/A","7","497.8810548782349","N/A","{680, 259}","796.146035194397","{958, 320}","1","3543.318033218384","{757, 129}","{939, 488}","N/A","{316, 310}","N/A","{134, 664}","{727, 666}","N/A","1380.00899553299","1724.491000175476","N/A","N/A","7","2280.907034873962","N/A","2741.89305305481","N/A","N/A","3041.609048843384","N/A","N/A","N/A","N/A",
"8053.456008434296","N/A","N/A","N/A","8","640.2550339698792","N/A","{958, 320}","1022.80205488205","{727, 666}","0","2457.992017269135","{417, 529}","{809, 259}","{318, 173}","{540, 668}","N/A","{516, 387}","{512, 189}","N/A","1351.570010185242","1955.92200756073","N/A","N/A","4","N/A","N/A","N/A","N/A","N/A","N/A","N/A","N/A","N/A","N/A",
"8054.84801530838","N/A","N/A","N/A","8","700.7610201835632","N/A","{809, 259}","N/A","{757, 129}","0","1202.86101102829","{154, 256}","{417, 529}","{727, 666}","{939, 149}","N/A","{168, 530}","{134, 664}","N/A","N/A","N/A","N/A","N/A","1","N/A","N/A","N/A","N/A","N/A","N/A","N/A","N/A","N/A","N/A",






"","TIME:","2017-09-26T09:11:51-0700","",""
"","USER ID:","ADMIN-UCSF-la130","",""
"","User Name:","la130","",""
"","User Age:","9","",""
"","User Grade:","4","",""
"","User Gender:","MALE","",""
"","User Handedness:","RIGHT","",""
"","iPad Number:","38","",""
"","Test Type:","Real","",""
"","Build Number:","17","",""
"","OS Version:","10.2.1","",""
"","Device Type:","iPad Mini 3rd Gen", "",""
"","ADAPTIVITY:","NO","",""
"Game Settings:","{
    ITI = 1000;
    PracticeCount = 3;
    TRI = 500;
}","",""
"Stimulus Array Time","Tap 11 RT","Point 10 RT","Point 14 RT","Object Count","Tap 1 RT","Tap 14 RT","Point 1 RT","Tap 2 RT","Point 2 RT","Correct Button","Response Time","Point 6 RT","Point 7 RT","Point 8 RT","Point 3 RT","Point 9 RT","Point 4 RT","Point 5 RT","Tap 12 RT","Tap 3 RT","Tap 4 RT","Point 11 RT","Point 15 RT","Total Taps","Tap 5 RT","Tap 15 RT","Tap 6 RT","Tap 10 RT","Point 12 RT","Tap 7 RT","Tap 8 RT","Tap 13 RT","Tap 9 RT","Point 13 RT",
"3019.517004489899","N/A","N/A","N/A","3","489.6930456161499","N/A","{815, 664}","924.1540431976318","{479, 367}","1","1702.226996421814","N/A","N/A","N/A","{719, 381}","N/A","N/A","N/A","N/A","1200.083017349243","N/A","N/A","N/A","3","N/A","N/A","N/A","N/A","N/A","N/A","N/A","N/A","N/A","N/A",
"3019.870042800903","N/A","N/A","N/A","3","1181.848049163818","N/A","{203, 500}","N/A","{535, 501}","0","1683.886051177979","N/A","N/A","N/A","{381, 194}","N/A","N/A","N/A","N/A","N/A","N/A","N/A","N/A","1","N/A","N/A","N/A","N/A","N/A","N/A","N/A","N/A","N/A","N/A",
"3020.446002483368","N/A","N/A","N/A","3","373.1459975242615","N/A","{906, 200}","739.5119667053223","{381, 194}","1","1591.536998748779","N/A","N/A","N/A","{535, 501}","N/A","N/A","N/A","N/A","1089.390993118286","N/A","N/A","N/A","3","N/A","N/A","N/A","N/A","N/A","N/A","N/A","N/A","N/A","N/A",
"4027.647972106934","N/A","N/A","N/A","4","419.2490577697754","N/A","{815, 664}","718.8780307769775","{561, 238}","1","1904.692053794861","N/A","N/A","N/A","{147, 303}","N/A","{719, 381}","N/A","N/A","1085.57003736496","1401.733040809631","N/A","N/A","4","N/A","N/A","N/A","N/A","N/A","N/A","N/A","N/A","N/A","N/A",
"4028.910994529724","N/A","N/A","N/A","4","1031.437993049622","N/A","{479, 367}","N/A","{129, 128}","0","1533.55997800827","N/A","N/A","N/A","{810, 530}","N/A","{203, 500}","N/A","N/A","N/A","N/A","N/A","N/A","1","N/A","N/A","N/A","N/A","N/A","N/A","N/A","N/A","N/A","N/A",
"4026.848018169403","N/A","N/A","N/A","4","419.3429946899414","N/A","{948, 561}","695.3780055046082","{680, 571}","1","1882.232010364532","N/A","N/A","N/A","{203, 500}","N/A","{147, 303}","N/A","N/A","1112.709045410156","1380.061030387878","N/A","N/A","4","N/A","N/A","N/A","N/A","N/A","N/A","N/A","N/A","N/A","N/A",
"5033.23096036911","N/A","N/A","N/A","5","453.2490372657776","N/A","{381, 194}","852.8240323066711","{906, 200}","0","2769.662022590637","N/A","N/A","N/A","{711, 205}","N/A","{360, 535}","{479, 367}","N/A","2267.812013626099","N/A","N/A","N/A","3","N/A","N/A","N/A","N/A","N/A","N/A","N/A","N/A","N/A","N/A",
"5034.691989421844","N/A","N/A","N/A","5","521.7519998550415","N/A","{280, 372}","772.9550004005432","{479, 367}","1","2442.767024040222","N/A","N/A","N/A","{535, 501}","N/A","{719, 381}","{942, 337}","N/A","972.6009964942932","1200.30003786087","N/A","N/A","5","1940.441012382507","N/A","N/A","N/A","N/A","N/A","N/A","N/A","N/A","N/A",
"5035.242974758148","N/A","N/A","N/A","5","396.7620134353638","N/A","{815, 664}","702.6839852333069","{497, 635}","1","1988.817989826202","N/A","N/A","N/A","{535, 501}","N/A","{810, 530}","{561, 238}","N/A","936.7009997367859","1180.184960365295","N/A","N/A","5","1486.75799369812","N/A","N/A","N/A","N/A","N/A","N/A","N/A","N/A","N/A",
"6040.845990180969","N/A","N/A","N/A","6","517.1760320663452","N/A","{535, 501}","848.7100005149841","{906, 200}","0","2068.400025367737","{719, 381}","N/A","N/A","{129, 128}","N/A","{203, 500}","{479, 367}","N/A","1566.340029239655","N/A","N/A","N/A","3","N/A","N/A","N/A","N/A","N/A","N/A","N/A","N/A","N/A","N/A",
"6041.801989078522","N/A","N/A","N/A","6","533.7209701538086","N/A","{274, 680}","1401.257991790771","{381, 194}","1","3319.805979728699","{129, 128}","N/A","N/A","{147, 303}","N/A","{680, 571}","{535, 501}","N/A","1683.820962905884","2078.777968883514","N/A","N/A","6","2418.006956577301","N/A","2817.663013935089","N/A","N/A","N/A","N/A","N/A","N/A","N/A",
"6041.189968585968","N/A","N/A","N/A","6","511.6380453109741","N/A","{906, 200}","1082.774996757507","{360, 535}","1","3931.149005889893","{274, 680}","N/A","N/A","{381, 194}","N/A","{815, 664}","{535, 501}","N/A","2030.589044094086","2379.631996154785","N/A","N/A","6","2678.669035434723","N/A","3429.93301153183","N/A","N/A","N/A","N/A","N/A","N/A","N/A",
"7019.85901594162","N/A","N/A","N/A","7","371.0809946060181","N/A","{815, 664}","636.8849873542786","{948, 561}","0","1572.230994701385","{136, 697}","{719, 381}","N/A","{129, 128}","N/A","{203, 500}","{906, 200}","N/A","1070.134997367859","N/A","N/A","N/A","3","N/A","N/A","N/A","N/A","N/A","N/A","N/A","N/A","N/A","N/A",
"7046.78601026535","N/A","N/A","N/A","7","542.6710247993469","N/A","{147, 303}","775.2600312232971","{129, 128}","0","3231.14001750946","{274, 680}","{815, 664}","N/A","{535, 501}","N/A","{711, 205}","{942, 337}","N/A","1108.624041080475","1441.633999347687","N/A","N/A","6","1741.003036499023","N/A","2729.100048542023","N/A","N/A","N/A","N/A","N/A","N/A","N/A",






"","TIME:","2017-09-26T11:36:31-0700","",""
"","USER ID:","ADMIN-UCSF-la193","",""
"","User Name:","la193","",""
"","User Age:","9","",""
"","User Grade:","4","",""
"","User Gender:","MALE","",""
"","User Handedness:","LEFT","",""
"","iPad Number:","38","",""
"","Test Type:","Real","",""
"","Build Number:","17","",""
"","OS Version:","10.2.1","",""
"","Device Type:","iPad Mini 3rd Gen", "",""
"","ADAPTIVITY:","NO","",""
"Game Settings:","{
    ITI = 1000;
    PracticeCount = 3;
    TRI = 500;
}","",""
"Stimulus Array Time","Tap 11 RT","Point 10 RT","Point 14 RT","Object Count","Tap 1 RT","Tap 14 RT","Point 1 RT","Tap 2 RT","Point 2 RT","Correct Button","Response Time","Point 6 RT","Point 7 RT","Point 8 RT","Point 3 RT","Point 9 RT","Point 4 RT","Point 5 RT","Tap 12 RT","Tap 3 RT","Tap 4 RT","Point 11 RT","Point 15 RT","Total Taps","Tap 5 RT","Tap 15 RT","Tap 6 RT","Tap 10 RT","Point 12 RT","Tap 7 RT","Tap 8 RT","Tap 13 RT","Tap 9 RT","Point 13 RT",
"3020.841002464294","N/A","N/A","N/A","3","1007.138967514038","N/A","{720, 638}","1450.725972652435","{75, 378}","1","2252.946972846985","N/A","N/A","N/A","{204, 351}","N/A","N/A","N/A","N/A","1750.863969326019","N/A","N/A","N/A","3","N/A","N/A","N/A","N/A","N/A","N/A","N/A","N/A","N/A","N/A",
"3021.033048629761","N/A","N/A","N/A","3","397.8259563446045","N/A","{477, 335}","758.7069869041443","{588, 631}","1","1627.578973770142","N/A","N/A","N/A","{204, 351}","N/A","N/A","N/A","N/A","1125.456988811493","N/A","N/A","N/A","3","N/A","N/A","N/A","N/A","N/A","N/A","N/A","N/A","N/A","N/A",
"4029.663980007172","N/A","N/A","N/A","4","806.0780167579651","N/A","{80, 134}","1350.226044654846","{477, 335}","1","2618.988037109375","N/A","N/A","N/A","{346, 462}","N/A","{854, 138}","N/A","N/A","1688.39704990387","2116.831004619598","N/A","N/A","4","N/A","N/A","N/A","N/A","N/A","N/A","N/A","N/A","N/A","N/A",
"4027.711987495422","N/A","N/A","N/A","4","587.8700017929077","N/A","{923, 690}","965.9749865531921","{654, 132}","1","2168.680012226105","N/A","N/A","N/A","{346, 462}","N/A","{477, 335}","N/A","N/A","1366.428971290588","1666.584968566895","N/A","N/A","4","N/A","N/A","N/A","N/A","N/A","N/A","N/A","N/A","N/A","N/A",
"5034.280955791473","N/A","N/A","N/A","5","728.9699912071228","N/A","{477, 335}","1040.33899307251","{421, 200}","0","2607.707023620605","N/A","N/A","N/A","{620, 267}","N/A","{588, 631}","{720, 638}","N/A","2105.583012104034","N/A","N/A","N/A","3","N/A","N/A","N/A","N/A","N/A","N/A","N/A","N/A","N/A","N/A",
"5034.03502702713","N/A","N/A","N/A","5","1151.444017887115","N/A","{654, 132}","1602.706968784332","{740, 507}","0","3498.461008071899","N/A","N/A","N/A","{220, 164}","N/A","{425, 645}","{720, 638}","N/A","2450.926005840302","2996.378004550934","N/A","N/A","4","N/A","N/A","N/A","N/A","N/A","N/A","N/A","N/A","N/A","N/A",






"","TIME:","2017-09-28T08:34:53-0700","",""
"","USER ID:","ADMIN-UCSF-pe204","",""
"","User Name:","pe204","",""
"","User Age:","12","",""
"","User Grade:","8","",""
"","User Gender:","FEMALE","",""
"","User Handedness:","RIGHT","",""
"","iPad Number:","38","",""
"","Test Type:","Real","",""
"","Build Number:","17","",""
"","OS Version:","10.2.1","",""
"","Device Type:","iPad Mini 3rd Gen", "",""
"","ADAPTIVITY:","NO","",""
"Game Settings:","{
    ITI = 1000;
    PracticeCount = 3;
    TRI = 500;
}","",""
"Stimulus Array Time","Tap 11 RT","Point 10 RT","Point 14 RT","Object Count","Tap 1 RT","Tap 14 RT","Point 1 RT","Tap 2 RT","Point 2 RT","Correct Button","Response Time","Point 6 RT","Point 7 RT","Point 8 RT","Point 3 RT","Point 9 RT","Point 4 RT","Point 5 RT","Tap 12 RT","Tap 3 RT","Tap 4 RT","Point 11 RT","Point 15 RT","Total Taps","Tap 5 RT","Tap 15 RT","Tap 6 RT","Tap 10 RT","Point 12 RT","Tap 7 RT","Tap 8 RT","Tap 13 RT","Tap 9 RT","Point 13 RT",
"3018.723011016846","N/A","N/A","N/A","3","458.1930041313171","N/A","{795, 174}","923.7009882926941","{642, 642}","1","1736.123025417328","N/A","N/A","N/A","{881, 561}","N/A","N/A","N/A","N/A","1234.018981456757","N/A","N/A","N/A","3","N/A","N/A","N/A","N/A","N/A","N/A","N/A","N/A","N/A","N/A",
"3021.185040473938","N/A","N/A","N/A","3","749.8689889907837","N/A","{117, 327}","1117.381989955902","{656, 168}","1","2012.305021286011","N/A","N/A","N/A","{297, 144}","N/A","N/A","N/A","N/A","1511.059999465942","N/A","N/A","N/A","3","N/A","N/A","N/A","N/A","N/A","N/A","N/A","N/A","N/A","N/A",
"4026.467978954315","N/A","N/A","N/A","4","407.6669812202454","N/A","{119, 544}","802.262008190155","{434, 208}","1","2037.849009037018","N/A","N/A","N/A","{741, 457}","N/A","{795, 174}","N/A","N/A","1257.836997509003","1535.786986351013","N/A","N/A","4","N/A","N/A","N/A","N/A","N/A","N/A","N/A","N/A","N/A","N/A",
"4027.41402387619","N/A","N/A","N/A","4","520.2159881591797","N/A","{936, 189}","840.3939604759216","{795, 174}","1","2204.801976680756","N/A","N/A","N/A","{332, 405}","N/A","{656, 168}","N/A","N/A","1340.632975101471","1702.761948108673","N/A","N/A","4","N/A","N/A","N/A","N/A","N/A","N/A","N/A","N/A","N/A","N/A",
"5033.541023731232","N/A","N/A","N/A","5","387.0780467987061","N/A","{250, 276}","820.0660347938538","{642, 642}","1","2667.237043380737","N/A","N/A","N/A","{111, 165}","N/A","{613, 498}","{117, 327}","N/A","1264.329016208649","1737.67501115799","N/A","N/A","5","2165.094017982483","N/A","N/A","N/A","N/A","N/A","N/A","N/A","N/A","N/A",
"5033.309996128082","N/A","N/A","N/A","5","481.1350107192993","N/A","{437, 644}","909.4949960708618","{111, 165}","1","2578.370988368988","N/A","N/A","N/A","{687, 310}","N/A","{925, 397}","{332, 405}","N/A","1331.557989120483","1692.87097454071","N/A","N/A","5","2076.2580037117","N/A","N/A","N/A","N/A","N/A","N/A","N/A","N/A","N/A",
"6040.848016738892","N/A","N/A","N/A","6","726.4329791069031","N/A","{881, 561}","1193.301022052765","{795, 174}","1","3357.334017753601","{642, 642}","N/A","N/A","{613, 498}","N/A","{936, 189}","{250, 276}","N/A","1639.205992221832","1971.47798538208","N/A","N/A","6","2460.841000080109","N/A","2855.28302192688","N/A","N/A","N/A","N/A","N/A","N/A","N/A",
"6039.152026176453","N/A","N/A","N/A","6","756.9720149040222","N/A","{613, 498}","1073.495030403137","{642, 642}","1","3387.517988681793","{936, 189}","N/A","N/A","{687, 310}","N/A","{97, 685}","{741, 457}","N/A","1452.16703414917","1889.567017555237","N/A","N/A","6","2567.903995513916","N/A","2885.27899980545","N/A","N/A","N/A","N/A","N/A","N/A","N/A",
"7048.641979694366","N/A","N/A","N/A","7","398.5559940338135","N/A","{656, 168}","674.8160123825073","{613, 498}","0","1177.188992500305","{290, 587}","{795, 174}","N/A","{687, 310}","N/A","{642, 642}","{936, 189}","N/A","N/A","N/A","N/A","N/A","2","N/A","N/A","N/A","N/A","N/A","N/A","N/A","N/A","N/A","N/A",
"7046.661019325256","N/A","N/A","N/A","7","450.918972492218","N/A","{741, 457}","733.0379486083984","{925, 397}","1","4186.49697303772","{613, 498}","{434, 208}","N/A","{97, 685}","N/A","{437, 644}","{117, 327}","N/A","1284.045994281769","1628.938972949982","N/A","N/A","7","2145.763993263245","N/A","2867.817997932434","N/A","N/A","3684.410989284515","N/A","N/A","N/A","N/A",
"7046.536982059479","N/A","N/A","N/A","7","813.8619661331177","N/A","{117, 327}","1195.881962776184","{464, 398}","0","1698.267996311188","{297, 144}","{936, 189}","N/A","{613, 498}","N/A","{881, 561}","{642, 642}","N/A","N/A","N/A","N/A","N/A","2","N/A","N/A","N/A","N/A","N/A","N/A","N/A","N/A","N/A","N/A",
"7046.890020370483","N/A","N/A","N/A","7","561.2530112266541","N/A","{290, 587}","N/A","{687, 310}","0","1063.459038734436","{117, 327}","{741, 457}","N/A","{464, 398}","N/A","{936, 189}","{332, 405}","N/A","N/A","N/A","N/A","N/A","1","N/A","N/A","N/A","N/A","N/A","N/A","N/A","N/A","N/A","N/A",






"","TIME:","2017-09-28T13:22:40-0700","",""
"","USER ID:","ADMIN-UCSF-pe164","",""
"","User Name:","pe164","",""
"","User Age:","13","",""
"","User Grade:","8","",""
"","User Gender:","FEMALE","",""
"","User Handedness:","RIGHT","",""
"","iPad Number:","38","",""
"","Test Type:","Real","",""
"","Build Number:","17","",""
"","OS Version:","10.2.1","",""
"","Device Type:","iPad Mini 3rd Gen", "",""
"","ADAPTIVITY:","NO","",""
"Game Settings:","{
    ITI = 1000;
    PracticeCount = 3;
    TRI = 500;
}","",""
"Stimulus Array Time","Tap 11 RT","Point 10 RT","Point 14 RT","Object Count","Tap 1 RT","Tap 14 RT","Point 1 RT","Tap 2 RT","Point 2 RT","Correct Button","Response Time","Point 6 RT","Point 7 RT","Point 8 RT","Point 3 RT","Point 9 RT","Point 4 RT","Point 5 RT","Tap 12 RT","Tap 3 RT","Tap 4 RT","Point 11 RT","Point 15 RT","Total Taps","Tap 5 RT","Tap 15 RT","Tap 6 RT","Tap 10 RT","Point 12 RT","Tap 7 RT","Tap 8 RT","Tap 13 RT","Tap 9 RT","Point 13 RT",
"3020.148992538452","N/A","N/A","N/A","3","390.6460404396057","N/A","{211, 203}","732.4219942092896","{519, 481}","1","1469.537019729614","N/A","N/A","N/A","{505, 146}","N/A","N/A","N/A","N/A","967.456042766571","N/A","N/A","N/A","3","N/A","N/A","N/A","N/A","N/A","N/A","N/A","N/A","N/A","N/A",
"3020.476996898651","N/A","N/A","N/A","3","599.4600057601929","N/A","{64, 511}","1049.511015415192","{911, 152}","1","1846.22597694397","N/A","N/A","N/A","{574, 315}","N/A","N/A","N/A","N/A","1344.156980514526","N/A","N/A","N/A","3","N/A","N/A","N/A","N/A","N/A","N/A","N/A","N/A","N/A","N/A",
"4027.945995330811","N/A","N/A","N/A","4","443.3239698410034","N/A","{911, 152}","669.3689823150635","{772, 243}","0","1535.324990749359","N/A","N/A","N/A","{505, 146}","N/A","{260, 414}","N/A","N/A","1033.486008644104","N/A","N/A","N/A","3","N/A","N/A","N/A","N/A","N/A","N/A","N/A","N/A","N/A","N/A",
"4027.444005012512","N/A","N/A","N/A","4","394.3209648132324","N/A","{574, 315}","638.0580067634583","{505, 146}","1","1856.508016586304","N/A","N/A","N/A","{582, 633}","N/A","{772, 243}","N/A","N/A","1055.257976055145","1354.254961013794","N/A","N/A","4","N/A","N/A","N/A","N/A","N/A","N/A","N/A","N/A","N/A","N/A",
"4026.863992214203","N/A","N/A","N/A","4","408.1470370292664","N/A","{725, 473}","906.2770009040833","{211, 203}","1","2542.421042919159","N/A","N/A","N/A","{737, 608}","N/A","{64, 511}","N/A","N/A","1518.806993961334","2040.369033813477","N/A","N/A","4","N/A","N/A","N/A","N/A","N/A","N/A","N/A","N/A","N/A","N/A",
"5031.377017498016","N/A","N/A","N/A","5","348.5810160636902","N/A","{149, 689}","849.9130010604858","{505, 146}","1","2528.282999992371","N/A","N/A","N/A","{944, 343}","N/A","{772, 243}","{911, 152}","N/A","1376.836001873016","1748.951971530914","N/A","N/A","5","2027.077972888947","N/A","N/A","N/A","N/A","N/A","N/A","N/A","N/A","N/A",
"5034.002959728241","N/A","N/A","N/A","5","849.4439721107483","N/A","{211, 203}","1199.611008167267","{149, 689}","1","2596.109986305237","N/A","N/A","N/A","{505, 146}","N/A","{205, 547}","{64, 511}","N/A","1527.153968811035","1860.853970050812","N/A","N/A","5","2093.67698431015","N/A","N/A","N/A","N/A","N/A","N/A","N/A","N/A","N/A",
"6040.535986423492","N/A","N/A","N/A","6","367.048978805542","N/A","{78, 139}","935.1840019226074","{881, 622}","0","2248.337984085083","{725, 473}","N/A","N/A","{149, 689}","N/A","{519, 481}","{205, 547}","N/A","1362.514019012451","1746.272027492523","N/A","N/A","4","N/A","N/A","N/A","N/A","N/A","N/A","N/A","N/A","N/A","N/A",
"6037.600994110107","N/A","N/A","N/A","6","295.1629757881165","N/A","{388, 380}","639.2479538917542","{376, 641}","1","2590.954959392548","{211, 203}","N/A","N/A","{505, 146}","N/A","{772, 243}","{205, 547}","N/A","971.7949628829956","1286.121964454651","N/A","N/A","6","1777.769982814789","N/A","2088.90700340271","N/A","N/A","N/A","N/A","N/A","N/A","N/A",
"6040.616989135742","N/A","N/A","N/A","6","1116.955995559692","N/A","{737, 608}","1661.77499294281","{355, 166}","0","3130.478024482727","{149, 689}","N/A","N/A","{574, 315}","N/A","{260, 414}","{388, 380}","N/A","2166.68301820755","2627.597987651825","N/A","N/A","4","N/A","N/A","N/A","N/A","N/A","N/A","N/A","N/A","N/A","N/A",
"6040.371000766754","N/A","N/A","N/A","6","321.9649791717529","N/A","{944, 343}","871.4579939842224","{64, 511}","0","2184.505999088287","{205, 547}","N/A","N/A","{149, 689}","N/A","{355, 166}","{772, 243}","N/A","1232.726991176605","1682.456970214844","N/A","N/A","4","N/A","N/A","N/A","N/A","N/A","N/A","N/A","N/A","N/A","N/A",






"","TIME:","2017-09-29T10:58:50-0700","",""
"","USER ID:","ADMIN-UCSF-pe250","",""
"","User Name:","pe250","",""
"","User Age:","13","",""
"","User Grade:","8","",""
"","User Gender:","MALE","",""
"","User Handedness:","LEFT","",""
"","iPad Number:","38","",""
"","Test Type:","Real","",""
"","Build Number:","17","",""
"","OS Version:","10.2.1","",""
"","Device Type:","iPad Mini 3rd Gen", "",""
"","ADAPTIVITY:","NO","",""
"Game Settings:","{
    ITI = 1000;
    PracticeCount = 3;
    TRI = 500;
}","",""
"Stimulus Array Time","Tap 11 RT","Point 10 RT","Point 14 RT","Object Count","Tap 1 RT","Tap 14 RT","Point 1 RT","Tap 2 RT","Point 2 RT","Correct Button","Response Time","Point 6 RT","Point 7 RT","Point 8 RT","Point 3 RT","Point 9 RT","Point 4 RT","Point 5 RT","Tap 12 RT","Tap 3 RT","Tap 4 RT","Point 11 RT","Point 15 RT","Total Taps","Tap 5 RT","Tap 15 RT","Tap 6 RT","Tap 10 RT","Point 12 RT","Tap 7 RT","Tap 8 RT","Tap 13 RT","Tap 9 RT","Point 13 RT",
"3020.443975925446","N/A","N/A","N/A","3","351.3229489326477","N/A","{387, 680}","567.9059624671936","{586, 663}","1","1381.450951099396","N/A","N/A","N/A","{530, 322}","N/A","N/A","N/A","N/A","879.3569803237915","N/A","N/A","N/A","3","N/A","N/A","N/A","N/A","N/A","N/A","N/A","N/A","N/A","N/A",
"3021.214962005615","N/A","N/A","N/A","3","431.9429993629456","N/A","{945, 388}","899.3229866027832","{169, 299}","1","1782.586991786957","N/A","N/A","N/A","{285, 504}","N/A","N/A","N/A","N/A","1281.306028366089","N/A","N/A","N/A","3","N/A","N/A","N/A","N/A","N/A","N/A","N/A","N/A","N/A","N/A",
"4027.190029621124","N/A","N/A","N/A","4","450.6199955940247","N/A","{202, 651}","883.9630484580994","{636, 503}","1","2336.203992366791","N/A","N/A","N/A","{757, 247}","N/A","{362, 369}","N/A","N/A","1352.315008640289","1834.04403924942","N/A","N/A","4","N/A","N/A","N/A","N/A","N/A","N/A","N/A","N/A","N/A","N/A",
"4028.142035007477","N/A","N/A","N/A","4","649.1180062294006","N/A","{927, 196}","1033.402979373932","{169, 299}","1","2285.221993923187","N/A","N/A","N/A","{202, 651}","N/A","{107, 516}","N/A","N/A","1464.721977710724","1783.016979694366","N/A","N/A","4","N/A","N/A","N/A","N/A","N/A","N/A","N/A","N/A","N/A","N/A",
"5034.223020076752","N/A","N/A","N/A","5","440.5409693717957","N/A","{757, 247}","839.9459719657898","{927, 196}","1","2825.435996055603","N/A","N/A","N/A","{107, 516}","N/A","{362, 369}","{285, 504}","N/A","1273.007988929749","1940.829992294312","N/A","N/A","5","2323.170006275177","N/A","N/A","N/A","N/A","N/A","N/A","N/A","N/A","N/A",
"5033.159017562866","N/A","N/A","N/A","5","525.3660082817078","N/A","{927, 196}","825.0080347061157","{496, 469}","1","2229.040026664734","N/A","N/A","N/A","{945, 388}","N/A","{169, 299}","{919, 651}","N/A","1058.25400352478","1427.878022193909","N/A","N/A","5","1726.627051830292","N/A","N/A","N/A","N/A","N/A","N/A","N/A","N/A","N/A",
"6043.915987014771","N/A","N/A","N/A","6","482.0560216903687","N/A","{586, 663}","664.7419929504395","{772, 596}","1","3199.627995491028","{757, 247}","N/A","N/A","{636, 503}","N/A","{530, 322}","{78, 171}","N/A","947.3620057106018","1914.930999279022","N/A","N/A","6","2332.20899105072","N/A","2697.359979152679","N/A","N/A","N/A","N/A","N/A","N/A","N/A",
"6040.853977203369","N/A","N/A","N/A","6","934.2190027236938","N/A","{107, 516}","1216.175019741058","{927, 196}","1","3286.203026771545","{169, 299}","N/A","N/A","{919, 651}","N/A","{496, 469}","{362, 369}","N/A","1683.699011802673","2198.386013507843","N/A","N/A","6","2482.699036598206","N/A","2783.608019351959","N/A","N/A","N/A","N/A","N/A","N/A","N/A",
"7047.935009002686","N/A","N/A","N/A","7","358.2850098609924","N/A","{530, 322}","515.3200030326843","{936, 522}","0","1451.837003231049","{202, 651}","{586, 663}","N/A","{945, 388}","N/A","{387, 680}","{772, 596}","N/A","732.429027557373","949.2940306663513","N/A","N/A","4","N/A","N/A","N/A","N/A","N/A","N/A","N/A","N/A","N/A","N/A",
"7048.640012741089","N/A","N/A","N/A","7","982.5100302696228","N/A","{936, 522}","1747.645020484924","{387, 680}","0","2582.02999830246","{496, 469}","{285, 504}","N/A","{78, 171}","N/A","{530, 322}","{636, 503}","N/A","2076.484024524689","N/A","N/A","N/A","3","N/A","N/A","N/A","N/A","N/A","N/A","N/A","N/A","N/A","N/A",






"","TIME:","2017-09-29T13:25:56-0700","",""
"","USER ID:","ADMIN-UCSF-pe018","",""
"","User Name:","pe018","",""
"","User Age:","13","",""
"","User Grade:","8","",""
"","User Gender:","MALE","",""
"","User Handedness:","RIGHT","",""
"","iPad Number:","38","",""
"","Test Type:","Real","",""
"","Build Number:","17","",""
"","OS Version:","10.2.1","",""
"","Device Type:","iPad Mini 3rd Gen", "",""
"","ADAPTIVITY:","NO","",""
"Game Settings:","{
    ITI = 1000;
    PracticeCount = 3;
    TRI = 500;
}","",""
"Stimulus Array Time","Tap 11 RT","Point 10 RT","Point 14 RT","Object Count","Tap 1 RT","Tap 14 RT","Point 1 RT","Tap 2 RT","Point 2 RT","Correct Button","Response Time","Point 6 RT","Point 7 RT","Point 8 RT","Point 3 RT","Point 9 RT","Point 4 RT","Point 5 RT","Tap 12 RT","Tap 3 RT","Tap 4 RT","Point 11 RT","Point 15 RT","Total Taps","Tap 5 RT","Tap 15 RT","Tap 6 RT","Tap 10 RT","Point 12 RT","Tap 7 RT","Tap 8 RT","Tap 13 RT","Tap 9 RT","Point 13 RT",
"3019.768953323364","N/A","N/A","N/A","3","392.5110101699829","N/A","{885, 608}","917.2229766845703","{257, 700}","1","1686.860978603363","N/A","N/A","N/A","{221, 541}","N/A","N/A","N/A","N/A","1184.868991374969","N/A","N/A","N/A","3","N/A","N/A","N/A","N/A","N/A","N/A","N/A","N/A","N/A","N/A",
"3019.422948360443","N/A","N/A","N/A","3","608.6699962615967","N/A","{378, 184}","1037.050008773804","{221, 541}","1","2127.718985080719","N/A","N/A","N/A","{751, 150}","N/A","N/A","N/A","N/A","1625.660002231598","N/A","N/A","N/A","3","N/A","N/A","N/A","N/A","N/A","N/A","N/A","N/A","N/A","N/A",
"4026.086986064911","N/A","N/A","N/A","4","834.9819779396057","N/A","{665, 670}","1119.67796087265","{677, 537}","1","2498.902976512909","N/A","N/A","N/A","{221, 541}","N/A","{90, 430}","N/A","N/A","1731.389999389648","1996.679961681366","N/A","N/A","4","N/A","N/A","N/A","N/A","N/A","N/A","N/A","N/A","N/A","N/A",
"4026.600003242493","N/A","N/A","N/A","4","670.5099940299988","N/A","{885, 608}","1303.294003009796","{257, 700}","1","2723.379015922546","N/A","N/A","N/A","{378, 184}","N/A","{751, 150}","N/A","N/A","1774.402022361755","2220.302999019623","N/A","N/A","4","N/A","N/A","N/A","N/A","N/A","N/A","N/A","N/A","N/A","N/A",
"5034.367024898529","N/A","N/A","N/A","5","693.9489841461182","N/A","{665, 670}","1038.291990756989","{829, 477}","1","2573.773980140686","N/A","N/A","N/A","{391, 584}","N/A","{528, 568}","{499, 429}","N/A","1560.598969459534","1804.223001003265","N/A","N/A","5","2071.780979633331","N/A","N/A","N/A","N/A","N/A","N/A","N/A","N/A","N/A",
"5032.500028610229","N/A","N/A","N/A","5","753.3830404281616","N/A","{751, 150}","1317.08300113678","{234, 195}","1","2702.561020851135","N/A","N/A","N/A","{228, 352}","N/A","{257, 700}","{378, 184}","N/A","1576.959013938904","1910.553991794586","N/A","N/A","5","2200.516998767853","N/A","N/A","N/A","N/A","N/A","N/A","N/A","N/A","N/A",
"6040.018975734711","N/A","N/A","N/A","6","503.9049983024597","N/A","{751, 150}","903.2269716262817","{829, 477}","0","3772.121965885162","{885, 222}","N/A","N/A","{378, 184}","N/A","{90, 430}","{257, 700}","N/A","1955.964982509613","3269.599974155426","N/A","N/A","4","N/A","N/A","N/A","N/A","N/A","N/A","N/A","N/A","N/A","N/A",
"6038.173973560333","N/A","N/A","N/A","6","723.1490015983582","N/A","{228, 352}","N/A","{234, 195}","0","1225.250005722046","{391, 584}","N/A","N/A","{378, 184}","N/A","{885, 222}","{90, 430}","N/A","N/A","N/A","N/A","N/A","1","N/A","N/A","N/A","N/A","N/A","N/A","N/A","N/A","N/A","N/A",






