Participant Id,Time Gameplayed Utc,Time Sent Utc,Detail,Condition,Trial Number,FPS Mean,FPS Variance,Finish Status,Session Type,OS Version,Screen Height,Screen Width,Build,Client Time Zone,Device DPI,Device Model,Device Type,Graphics Device Name,I18n,Processor Count,Processor Frequency,Runtime Platform,System Memory Size,Times Finished Game,Correct Button,Inter Time Interval,Late Response,Response Time,Response Window
ucsfww0003,2019-09-12T16:23:17.799Z,2019-09-12T16:23:17.799Z,,Left,0,56.32839,97.0148544,TimeOut,StartingWindow,iOS 12.4.1,1536,2048,1.11.23,PST,326,"iPad4,7",Handheld,Apple A7 GPU,English,2,0,IPhonePlayer,970,0,1,1100,0,1367,5000
ucsfww0003,2019-09-12T16:23:17.799Z,2019-09-12T16:23:17.799Z,,Left,1,56.32839,97.0148544,TimeOut,StartingWindow,iOS 12.4.1,1536,2048,1.11.23,PST,326,"iPad4,7",Handheld,Apple A7 GPU,English,2,0,IPhonePlayer,970,0,1,1000,0,1334,5000
ucsfww0003,2019-09-12T16:23:17.799Z,2019-09-12T16:23:17.799Z,,Left,2,56.32839,97.0148544,TimeOut,StartingWindow,iOS 12.4.1,1536,2048,1.11.23,PST,326,"iPad4,7",Handheld,Apple A7 GPU,English,2,0,IPhonePlayer,970,0,1,900,0,1101,5000
ucsfww0003,2019-09-12T16:23:17.799Z,2019-09-12T16:23:17.799Z,,Left,3,56.32839,97.0148544,TimeOut,StartingWindow,iOS 12.4.1,1536,2048,1.11.23,PST,326,"iPad4,7",Handheld,Apple A7 GPU,English,2,0,IPhonePlayer,970,0,1,1200,0,767,5000
ucsfww0003,2019-09-12T16:23:17.799Z,2019-09-12T16:23:17.799Z,,Left,4,56.32839,97.0148544,TimeOut,StartingWindow,iOS 12.4.1,1536,2048,1.11.23,PST,326,"iPad4,7",Handheld,Apple A7 GPU,English,2,0,IPhonePlayer,970,0,1,800,0,3201,5000
ucsfww0003,2019-09-12T16:23:17.799Z,2019-09-12T16:23:17.799Z,,Right,0,56.32839,97.0148544,TimeOut,StartingWindow,iOS 12.4.1,1536,2048,1.11.23,PST,326,"iPad4,7",Handheld,Apple A7 GPU,English,2,0,IPhonePlayer,970,0,1,900,0,1301,5000
ucsfww0003,2019-09-12T16:23:17.799Z,2019-09-12T16:23:17.799Z,,Right,1,56.32839,97.0148544,TimeOut,StartingWindow,iOS 12.4.1,1536,2048,1.11.23,PST,326,"iPad4,7",Handheld,Apple A7 GPU,English,2,0,IPhonePlayer,970,0,1,800,0,3217,5000
ucsfww0003,2019-09-12T16:23:17.799Z,2019-09-12T16:23:17.799Z,,Right,2,56.32839,97.0148544,TimeOut,StartingWindow,iOS 12.4.1,1536,2048,1.11.23,PST,326,"iPad4,7",Handheld,Apple A7 GPU,English,2,0,IPhonePlayer,970,0,1,1100,0,584,5000
ucsfww0003,2019-09-12T16:23:17.799Z,2019-09-12T16:23:17.799Z,,Right,3,56.32839,97.0148544,TimeOut,StartingWindow,iOS 12.4.1,1536,2048,1.11.23,PST,326,"iPad4,7",Handheld,Apple A7 GPU,English,2,0,IPhonePlayer,970,0,0,1000,0,17,5000
ucsfww0003,2019-09-12T16:23:17.799Z,2019-09-12T16:23:17.799Z,,Right,4,56.32839,97.0148544,TimeOut,StartingWindow,iOS 12.4.1,1536,2048,1.11.23,PST,326,"iPad4,7",Handheld,Apple A7 GPU,English,2,0,IPhonePlayer,970,0,1,1200,0,1334,5000
ucsfww0003,2019-09-12T16:23:17.799Z,2019-09-12T16:23:17.799Z,,RightThumb,0,56.32839,97.0148544,TimeOut,StartingWindow,iOS 12.4.1,1536,2048,1.11.23,PST,326,"iPad4,7",Handheld,Apple A7 GPU,English,2,0,IPhonePlayer,970,0,1,1000,0,4918,5000
ucsfww0003,2019-09-12T16:23:17.799Z,2019-09-12T16:23:17.799Z,,RightThumb,1,56.32839,97.0148544,TimeOut,StartingWindow,iOS 12.4.1,1536,2048,1.11.23,PST,326,"iPad4,7",Handheld,Apple A7 GPU,English,2,0,IPhonePlayer,970,0,1,1100,0,901,5000
ucsfww0003,2019-09-12T16:23:17.799Z,2019-09-12T16:23:17.799Z,,RightThumb,2,56.32839,97.0148544,TimeOut,StartingWindow,iOS 12.4.1,1536,2048,1.11.23,PST,326,"iPad4,7",Handheld,Apple A7 GPU,English,2,0,IPhonePlayer,970,0,1,1200,0,867,5000
ucsfww0003,2019-09-12T16:23:17.799Z,2019-09-12T16:23:17.799Z,,RightThumb,3,56.32839,97.0148544,TimeOut,StartingWindow,iOS 12.4.1,1536,2048,1.11.23,PST,326,"iPad4,7",Handheld,Apple A7 GPU,English,2,0,IPhonePlayer,970,0,1,800,0,1667,5000
ucsfww0003,2019-09-12T16:23:17.799Z,2019-09-12T16:23:17.799Z,,RightThumb,4,56.32839,97.0148544,TimeOut,StartingWindow,iOS 12.4.1,1536,2048,1.11.23,PST,326,"iPad4,7",Handheld,Apple A7 GPU,English,2,0,IPhonePlayer,970,0,0,900,0,0,5000
ucsfww0003,2019-09-12T16:24:31.616Z,2019-09-12T16:24:31.616Z,,Left,0,56.16111,100.443954,TimeOut,StartingWindow,iOS 12.4.1,1536,2048,1.11.23,PST,326,"iPad4,7",Handheld,Apple A7 GPU,English,2,0,IPhonePlayer,970,0,1,900,0,884,5000
ucsfww0003,2019-09-12T16:24:31.616Z,2019-09-12T16:24:31.616Z,,Left,1,56.16111,100.443954,TimeOut,StartingWindow,iOS 12.4.1,1536,2048,1.11.23,PST,326,"iPad4,7",Handheld,Apple A7 GPU,English,2,0,IPhonePlayer,970,0,1,1100,0,217,5000
ucsfww0003,2019-09-12T16:24:31.616Z,2019-09-12T16:24:31.616Z,,Left,2,56.16111,100.443954,TimeOut,StartingWindow,iOS 12.4.1,1536,2048,1.11.23,PST,326,"iPad4,7",Handheld,Apple A7 GPU,English,2,0,IPhonePlayer,970,0,1,1000,0,584,5000
ucsfww0003,2019-09-12T16:24:31.616Z,2019-09-12T16:24:31.616Z,,Left,3,56.16111,100.443954,TimeOut,StartingWindow,iOS 12.4.1,1536,2048,1.11.23,PST,326,"iPad4,7",Handheld,Apple A7 GPU,English,2,0,IPhonePlayer,970,0,1,1200,0,351,5000
ucsfww0003,2019-09-12T16:24:31.616Z,2019-09-12T16:24:31.616Z,,Left,4,56.16111,100.443954,TimeOut,StartingWindow,iOS 12.4.1,1536,2048,1.11.23,PST,326,"iPad4,7",Handheld,Apple A7 GPU,English,2,0,IPhonePlayer,970,0,0,800,0,16,5000
ucsfww0003,2019-09-12T16:24:31.616Z,2019-09-12T16:24:31.616Z,,LeftThumb,0,56.16111,100.443954,TimeOut,StartingWindow,iOS 12.4.1,1536,2048,1.11.23,PST,326,"iPad4,7",Handheld,Apple A7 GPU,English,2,0,IPhonePlayer,970,0,0,900,0,117,5000
ucsfww0003,2019-09-12T16:24:31.616Z,2019-09-12T16:24:31.616Z,,LeftThumb,1,56.16111,100.443954,TimeOut,StartingWindow,iOS 12.4.1,1536,2048,1.11.23,PST,326,"iPad4,7",Handheld,Apple A7 GPU,English,2,0,IPhonePlayer,970,0,1,800,0,584,5000
ucsfww0003,2019-09-12T16:24:31.616Z,2019-09-12T16:24:31.616Z,,LeftThumb,2,56.16111,100.443954,TimeOut,StartingWindow,iOS 12.4.1,1536,2048,1.11.23,PST,326,"iPad4,7",Handheld,Apple A7 GPU,English,2,0,IPhonePlayer,970,0,1,1200,0,617,5000
ucsfww0003,2019-09-12T16:24:31.616Z,2019-09-12T16:24:31.616Z,,LeftThumb,3,56.16111,100.443954,TimeOut,StartingWindow,iOS 12.4.1,1536,2048,1.11.23,PST,326,"iPad4,7",Handheld,Apple A7 GPU,English,2,0,IPhonePlayer,970,0,1,1000,0,668,5000
ucsfww0003,2019-09-12T16:24:31.616Z,2019-09-12T16:24:31.616Z,,LeftThumb,4,56.16111,100.443954,TimeOut,StartingWindow,iOS 12.4.1,1536,2048,1.11.23,PST,326,"iPad4,7",Handheld,Apple A7 GPU,English,2,0,IPhonePlayer,970,0,0,1100,0,0,5000
ucsfww0003,2019-09-12T16:24:31.616Z,2019-09-12T16:24:31.616Z,,Right,0,56.16111,100.443954,TimeOut,StartingWindow,iOS 12.4.1,1536,2048,1.11.23,PST,326,"iPad4,7",Handheld,Apple A7 GPU,English,2,0,IPhonePlayer,970,0,1,1100,0,784,5000
ucsfww0003,2019-09-12T16:24:31.616Z,2019-09-12T16:24:31.616Z,,Right,1,56.16111,100.443954,TimeOut,StartingWindow,iOS 12.4.1,1536,2048,1.11.23,PST,326,"iPad4,7",Handheld,Apple A7 GPU,English,2,0,IPhonePlayer,970,0,1,1000,0,867,5000
ucsfww0003,2019-09-12T16:24:31.616Z,2019-09-12T16:24:31.616Z,,Right,2,56.16111,100.443954,TimeOut,StartingWindow,iOS 12.4.1,1536,2048,1.11.23,PST,326,"iPad4,7",Handheld,Apple A7 GPU,English,2,0,IPhonePlayer,970,0,1,900,0,567,5000
ucsfww0003,2019-09-12T16:24:31.616Z,2019-09-12T16:24:31.616Z,,Right,3,56.16111,100.443954,TimeOut,StartingWindow,iOS 12.4.1,1536,2048,1.11.23,PST,326,"iPad4,7",Handheld,Apple A7 GPU,English,2,0,IPhonePlayer,970,0,1,1200,0,550,5000
ucsfww0003,2019-09-12T16:24:31.616Z,2019-09-12T16:24:31.616Z,,Right,4,56.16111,100.443954,TimeOut,StartingWindow,iOS 12.4.1,1536,2048,1.11.23,PST,326,"iPad4,7",Handheld,Apple A7 GPU,English,2,0,IPhonePlayer,970,0,1,800,0,718,5000
ucsfww0003,2019-09-12T16:24:31.616Z,2019-09-12T16:24:31.616Z,,RightThumb,0,56.16111,100.443954,TimeOut,StartingWindow,iOS 12.4.1,1536,2048,1.11.23,PST,326,"iPad4,7",Handheld,Apple A7 GPU,English,2,0,IPhonePlayer,970,0,1,1100,0,800,5000
ucsfww0003,2019-09-12T16:24:31.616Z,2019-09-12T16:24:31.616Z,,RightThumb,1,56.16111,100.443954,TimeOut,StartingWindow,iOS 12.4.1,1536,2048,1.11.23,PST,326,"iPad4,7",Handheld,Apple A7 GPU,English,2,0,IPhonePlayer,970,0,1,800,0,734,5000
ucsfww0003,2019-09-12T16:24:31.616Z,2019-09-12T16:24:31.616Z,,RightThumb,2,56.16111,100.443954,TimeOut,StartingWindow,iOS 12.4.1,1536,2048,1.11.23,PST,326,"iPad4,7",Handheld,Apple A7 GPU,English,2,0,IPhonePlayer,970,0,1,1000,0,468,5000
ucsfww0003,2019-09-12T16:24:31.616Z,2019-09-12T16:24:31.616Z,,RightThumb,3,56.16111,100.443954,TimeOut,StartingWindow,iOS 12.4.1,1536,2048,1.11.23,PST,326,"iPad4,7",Handheld,Apple A7 GPU,English,2,0,IPhonePlayer,970,0,1,900,0,368,5000
ucsfww0003,2019-09-12T16:24:31.616Z,2019-09-12T16:24:31.616Z,,RightThumb,4,56.16111,100.443954,TimeOut,StartingWindow,iOS 12.4.1,1536,2048,1.11.23,PST,326,"iPad4,7",Handheld,Apple A7 GPU,English,2,0,IPhonePlayer,970,0,1,1200,0,484,5000
ucsfww0003,2019-09-12T16:25:43.397Z,2019-09-12T16:25:43.397Z,,Right,0,56.2850342,97.56716,TimeOut,StartingWindow,iOS 12.4.1,1536,2048,1.11.23,PST,326,"iPad4,7",Handheld,Apple A7 GPU,English,2,0,IPhonePlayer,970,0,1,900,0,4567,5000
ucsfww0003,2019-09-12T16:25:43.397Z,2019-09-12T16:25:43.397Z,,Right,1,56.2850342,97.56716,TimeOut,StartingWindow,iOS 12.4.1,1536,2048,1.11.23,PST,326,"iPad4,7",Handheld,Apple A7 GPU,English,2,0,IPhonePlayer,970,0,0,800,0,0,5000
ucsfww0003,2019-09-12T16:25:57.614Z,2019-09-12T16:25:57.614Z,,Left,0,56.661377,88.808075,Successful,StartingWindow,iOS 12.4.1,1536,2048,1.11.23,PST,326,"iPad4,7",Handheld,Apple A7 GPU,English,2,0,IPhonePlayer,970,0,0,1100,0,84,5000
ucsfww0003,2019-09-12T16:25:57.614Z,2019-09-12T16:25:57.614Z,,Left,1,56.661377,88.808075,Successful,StartingWindow,iOS 12.4.1,1536,2048,1.11.23,PST,326,"iPad4,7",Handheld,Apple A7 GPU,English,2,0,IPhonePlayer,970,0,1,900,0,901,5000
ucsfww0003,2019-09-12T16:25:57.614Z,2019-09-12T16:25:57.614Z,,Left,2,56.661377,88.808075,Successful,StartingWindow,iOS 12.4.1,1536,2048,1.11.23,PST,326,"iPad4,7",Handheld,Apple A7 GPU,English,2,0,IPhonePlayer,970,0,1,800,0,634,5000
ucsfww0003,2019-09-12T16:25:57.614Z,2019-09-12T16:25:57.614Z,,Left,3,56.661377,88.808075,Successful,StartingWindow,iOS 12.4.1,1536,2048,1.11.23,PST,326,"iPad4,7",Handheld,Apple A7 GPU,English,2,0,IPhonePlayer,970,0,1,1000,0,351,5000
ucsfww0003,2019-09-12T16:25:57.614Z,2019-09-12T16:25:57.614Z,,Left,4,56.661377,88.808075,Successful,StartingWindow,iOS 12.4.1,1536,2048,1.11.23,PST,326,"iPad4,7",Handheld,Apple A7 GPU,English,2,0,IPhonePlayer,970,0,1,1200,0,367,5000
ucsfww0003,2019-09-12T16:25:57.614Z,2019-09-12T16:25:57.614Z,,LeftThumb,0,56.661377,88.808075,Successful,StartingWindow,iOS 12.4.1,1536,2048,1.11.23,PST,326,"iPad4,7",Handheld,Apple A7 GPU,English,2,0,IPhonePlayer,970,0,1,900,0,484,5000
ucsfww0003,2019-09-12T16:25:57.614Z,2019-09-12T16:25:57.614Z,,LeftThumb,1,56.661377,88.808075,Successful,StartingWindow,iOS 12.4.1,1536,2048,1.11.23,PST,326,"iPad4,7",Handheld,Apple A7 GPU,English,2,0,IPhonePlayer,970,0,1,1000,0,1001,5000
ucsfww0003,2019-09-12T16:25:57.614Z,2019-09-12T16:25:57.614Z,,LeftThumb,2,56.661377,88.808075,Successful,StartingWindow,iOS 12.4.1,1536,2048,1.11.23,PST,326,"iPad4,7",Handheld,Apple A7 GPU,English,2,0,IPhonePlayer,970,0,1,800,0,650,5000
ucsfww0003,2019-09-12T16:25:57.614Z,2019-09-12T16:25:57.614Z,,LeftThumb,3,56.661377,88.808075,Successful,StartingWindow,iOS 12.4.1,1536,2048,1.11.23,PST,326,"iPad4,7",Handheld,Apple A7 GPU,English,2,0,IPhonePlayer,970,0,1,1100,0,618,5000
ucsfww0003,2019-09-12T16:25:57.614Z,2019-09-12T16:25:57.614Z,,LeftThumb,4,56.661377,88.808075,Successful,StartingWindow,iOS 12.4.1,1536,2048,1.11.23,PST,326,"iPad4,7",Handheld,Apple A7 GPU,English,2,0,IPhonePlayer,970,0,1,1200,0,668,5000
ucsfww0003,2019-09-12T16:25:57.614Z,2019-09-12T16:25:57.614Z,,Right,0,56.661377,88.808075,Successful,StartingWindow,iOS 12.4.1,1536,2048,1.11.23,PST,326,"iPad4,7",Handheld,Apple A7 GPU,English,2,0,IPhonePlayer,970,0,1,1100,0,784,5000
ucsfww0003,2019-09-12T16:25:57.614Z,2019-09-12T16:25:57.614Z,,Right,1,56.661377,88.808075,Successful,StartingWindow,iOS 12.4.1,1536,2048,1.11.23,PST,326,"iPad4,7",Handheld,Apple A7 GPU,English,2,0,IPhonePlayer,970,0,1,1000,0,434,5000
ucsfww0003,2019-09-12T16:25:57.614Z,2019-09-12T16:25:57.614Z,,Right,2,56.661377,88.808075,Successful,StartingWindow,iOS 12.4.1,1536,2048,1.11.23,PST,326,"iPad4,7",Handheld,Apple A7 GPU,English,2,0,IPhonePlayer,970,0,1,1200,0,484,5000
ucsfww0003,2019-09-12T16:25:57.614Z,2019-09-12T16:25:57.614Z,,Right,3,56.661377,88.808075,Successful,StartingWindow,iOS 12.4.1,1536,2048,1.11.23,PST,326,"iPad4,7",Handheld,Apple A7 GPU,English,2,0,IPhonePlayer,970,0,0,900,0,117,5000
ucsfww0003,2019-09-12T16:25:57.614Z,2019-09-12T16:25:57.614Z,,Right,4,56.661377,88.808075,Successful,StartingWindow,iOS 12.4.1,1536,2048,1.11.23,PST,326,"iPad4,7",Handheld,Apple A7 GPU,English,2,0,IPhonePlayer,970,0,1,800,0,684,5000
ucsfww0003,2019-09-12T16:25:57.614Z,2019-09-12T16:25:57.614Z,,RightThumb,0,56.661377,88.808075,Successful,StartingWindow,iOS 12.4.1,1536,2048,1.11.23,PST,326,"iPad4,7",Handheld,Apple A7 GPU,English,2,0,IPhonePlayer,970,0,1,900,0,701,5000
ucsfww0003,2019-09-12T16:25:57.614Z,2019-09-12T16:25:57.614Z,,RightThumb,1,56.661377,88.808075,Successful,StartingWindow,iOS 12.4.1,1536,2048,1.11.23,PST,326,"iPad4,7",Handheld,Apple A7 GPU,English,2,0,IPhonePlayer,970,0,1,1100,0,768,5000
ucsfww0003,2019-09-12T16:25:57.614Z,2019-09-12T16:25:57.614Z,,RightThumb,2,56.661377,88.808075,Successful,StartingWindow,iOS 12.4.1,1536,2048,1.11.23,PST,326,"iPad4,7",Handheld,Apple A7 GPU,English,2,0,IPhonePlayer,970,0,1,1000,0,767,5000
ucsfww0003,2019-09-12T16:25:57.614Z,2019-09-12T16:25:57.614Z,,RightThumb,3,56.661377,88.808075,Successful,StartingWindow,iOS 12.4.1,1536,2048,1.11.23,PST,326,"iPad4,7",Handheld,Apple A7 GPU,English,2,0,IPhonePlayer,970,0,1,800,0,1934,5000
ucsfww0003,2019-09-12T16:25:57.614Z,2019-09-12T16:25:57.614Z,,RightThumb,4,56.661377,88.808075,Successful,StartingWindow,iOS 12.4.1,1536,2048,1.11.23,PST,326,"iPad4,7",Handheld,Apple A7 GPU,English,2,0,IPhonePlayer,970,0,1,1200,0,668,5000
ucsfww0003,2019-09-12T16:26:53.217Z,2019-09-12T16:26:53.217Z,,Left,0,57.2083626,75.65986,Successful,Real,iOS 12.4.1,1536,2048,1.11.23,PST,326,"iPad4,7",Handheld,Apple A7 GPU,English,2,0,IPhonePlayer,970,0,1,900,0,184,775
ucsfww0003,2019-09-12T16:26:53.217Z,2019-09-12T16:26:53.217Z,,Left,1,57.2083626,75.65986,Successful,Real,iOS 12.4.1,1536,2048,1.11.23,PST,326,"iPad4,7",Handheld,Apple A7 GPU,English,2,0,IPhonePlayer,970,0,0,1100,0,118,765
ucsfww0003,2019-09-12T16:26:53.217Z,2019-09-12T16:26:53.217Z,,Left,2,57.2083626,75.65986,Successful,Real,iOS 12.4.1,1536,2048,1.11.23,PST,326,"iPad4,7",Handheld,Apple A7 GPU,English,2,0,IPhonePlayer,970,0,1,800,0,167,805
ucsfww0003,2019-09-12T16:26:53.217Z,2019-09-12T16:26:53.217Z,,Left,3,57.2083626,75.65986,Successful,Real,iOS 12.4.1,1536,2048,1.11.23,PST,326,"iPad4,7",Handheld,Apple A7 GPU,English,2,0,IPhonePlayer,970,0,1,1200,0,751,795
ucsfww0003,2019-09-12T16:26:53.217Z,2019-09-12T16:26:53.217Z,,Left,4,57.2083626,75.65986,Successful,Real,iOS 12.4.1,1536,2048,1.11.23,PST,326,"iPad4,7",Handheld,Apple A7 GPU,English,2,0,IPhonePlayer,970,0,1,1000,1,850,775
ucsfww0003,2019-09-12T16:26:53.217Z,2019-09-12T16:26:53.217Z,,Left,5,57.2083626,75.65986,Successful,Real,iOS 12.4.1,1536,2048,1.11.23,PST,326,"iPad4,7",Handheld,Apple A7 GPU,English,2,0,IPhonePlayer,970,0,0,1000,0,117,815
ucsfww0003,2019-09-12T16:26:53.217Z,2019-09-12T16:26:53.217Z,,Left,6,57.2083626,75.65986,Successful,Real,iOS 12.4.1,1536,2048,1.11.23,PST,326,"iPad4,7",Handheld,Apple A7 GPU,English,2,0,IPhonePlayer,970,0,1,900,1,967,895
ucsfww0003,2019-09-12T16:26:53.217Z,2019-09-12T16:26:53.217Z,,Left,7,57.2083626,75.65986,Successful,Real,iOS 12.4.1,1536,2048,1.11.23,PST,326,"iPad4,7",Handheld,Apple A7 GPU,English,2,0,IPhonePlayer,970,0,1,800,0,668,1015
ucsfww0003,2019-09-12T16:26:53.217Z,2019-09-12T16:26:53.217Z,,Left,8,57.2083626,75.65986,Successful,Real,iOS 12.4.1,1536,2048,1.11.23,PST,326,"iPad4,7",Handheld,Apple A7 GPU,English,2,0,IPhonePlayer,970,0,1,1100,0,751,1005
ucsfww0003,2019-09-12T16:26:53.217Z,2019-09-12T16:26:53.217Z,,Left,9,57.2083626,75.65986,Successful,Real,iOS 12.4.1,1536,2048,1.11.23,PST,326,"iPad4,7",Handheld,Apple A7 GPU,English,2,0,IPhonePlayer,970,0,0,1200,0,0,985
ucsfww0003,2019-09-12T16:26:53.217Z,2019-09-12T16:26:53.217Z,,LeftThumb,0,57.2083626,75.65986,Successful,Real,iOS 12.4.1,1536,2048,1.11.23,PST,326,"iPad4,7",Handheld,Apple A7 GPU,English,2,0,IPhonePlayer,970,0,0,900,0,0,775
ucsfww0003,2019-09-12T16:26:53.217Z,2019-09-12T16:26:53.217Z,,LeftThumb,1,57.2083626,75.65986,Successful,Real,iOS 12.4.1,1536,2048,1.11.23,PST,326,"iPad4,7",Handheld,Apple A7 GPU,English,2,0,IPhonePlayer,970,0,0,800,0,0,815
ucsfww0003,2019-09-12T16:26:53.217Z,2019-09-12T16:26:53.217Z,,LeftThumb,2,57.2083626,75.65986,Successful,Real,iOS 12.4.1,1536,2048,1.11.23,PST,326,"iPad4,7",Handheld,Apple A7 GPU,English,2,0,IPhonePlayer,970,0,0,1100,0,0,895
ucsfww0003,2019-09-12T16:26:53.217Z,2019-09-12T16:26:53.217Z,,LeftThumb,3,57.2083626,75.65986,Successful,Real,iOS 12.4.1,1536,2048,1.11.23,PST,326,"iPad4,7",Handheld,Apple A7 GPU,English,2,0,IPhonePlayer,970,0,0,1200,0,0,1015
ucsfww0003,2019-09-12T16:26:53.217Z,2019-09-12T16:26:53.217Z,,LeftThumb,4,57.2083626,75.65986,Successful,Real,iOS 12.4.1,1536,2048,1.11.23,PST,326,"iPad4,7",Handheld,Apple A7 GPU,English,2,0,IPhonePlayer,970,0,1,1000,1,2050,1175
ucsfww0003,2019-09-12T16:26:53.217Z,2019-09-12T16:26:53.217Z,,LeftThumb,5,57.2083626,75.65986,Successful,Real,iOS 12.4.1,1536,2048,1.11.23,PST,326,"iPad4,7",Handheld,Apple A7 GPU,English,2,0,IPhonePlayer,970,0,1,800,0,667,1375
ucsfww0003,2019-09-12T16:26:53.217Z,2019-09-12T16:26:53.217Z,,LeftThumb,6,57.2083626,75.65986,Successful,Real,iOS 12.4.1,1536,2048,1.11.23,PST,326,"iPad4,7",Handheld,Apple A7 GPU,English,2,0,IPhonePlayer,970,0,1,1100,0,634,1365
ucsfww0003,2019-09-12T16:26:53.217Z,2019-09-12T16:26:53.217Z,,LeftThumb,7,57.2083626,75.65986,Successful,Real,iOS 12.4.1,1536,2048,1.11.23,PST,326,"iPad4,7",Handheld,Apple A7 GPU,English,2,0,IPhonePlayer,970,0,1,1200,0,567,1345
ucsfww0003,2019-09-12T16:26:53.217Z,2019-09-12T16:26:53.217Z,,LeftThumb,8,57.2083626,75.65986,Successful,Real,iOS 12.4.1,1536,2048,1.11.23,PST,326,"iPad4,7",Handheld,Apple A7 GPU,English,2,0,IPhonePlayer,970,0,1,1000,0,1051,1315
ucsfww0003,2019-09-12T16:26:53.217Z,2019-09-12T16:26:53.217Z,,LeftThumb,9,57.2083626,75.65986,Successful,Real,iOS 12.4.1,1536,2048,1.11.23,PST,326,"iPad4,7",Handheld,Apple A7 GPU,English,2,0,IPhonePlayer,970,0,1,900,1,2167,1275
ucsfww0003,2019-09-12T16:26:53.217Z,2019-09-12T16:26:53.217Z,,Right,0,57.2083626,75.65986,Successful,Real,iOS 12.4.1,1536,2048,1.11.23,PST,326,"iPad4,7",Handheld,Apple A7 GPU,English,2,0,IPhonePlayer,970,0,1,1100,1,900,775
ucsfww0003,2019-09-12T16:26:53.217Z,2019-09-12T16:26:53.217Z,,Right,1,57.2083626,75.65986,Successful,Real,iOS 12.4.1,1536,2048,1.11.23,PST,326,"iPad4,7",Handheld,Apple A7 GPU,English,2,0,IPhonePlayer,970,0,1,1200,0,517,815
ucsfww0003,2019-09-12T16:26:53.217Z,2019-09-12T16:26:53.217Z,,Right,2,57.2083626,75.65986,Successful,Real,iOS 12.4.1,1536,2048,1.11.23,PST,326,"iPad4,7",Handheld,Apple A7 GPU,English,2,0,IPhonePlayer,970,0,1,900,0,551,805
ucsfww0003,2019-09-12T16:26:53.217Z,2019-09-12T16:26:53.217Z,,Right,3,57.2083626,75.65986,Successful,Real,iOS 12.4.1,1536,2048,1.11.23,PST,326,"iPad4,7",Handheld,Apple A7 GPU,English,2,0,IPhonePlayer,970,0,1,1000,0,384,785
ucsfww0003,2019-09-12T16:26:53.217Z,2019-09-12T16:26:53.217Z,,Right,4,57.2083626,75.65986,Successful,Real,iOS 12.4.1,1536,2048,1.11.23,PST,326,"iPad4,7",Handheld,Apple A7 GPU,English,2,0,IPhonePlayer,970,0,1,800,0,517,755
ucsfww0003,2019-09-12T16:26:53.217Z,2019-09-12T16:26:53.217Z,,Right,5,57.2083626,75.65986,Successful,Real,iOS 12.4.1,1536,2048,1.11.23,PST,326,"iPad4,7",Handheld,Apple A7 GPU,English,2,0,IPhonePlayer,970,0,1,1200,0,534,715
ucsfww0003,2019-09-12T16:26:53.217Z,2019-09-12T16:26:53.217Z,,Right,6,57.2083626,75.65986,Successful,Real,iOS 12.4.1,1536,2048,1.11.23,PST,326,"iPad4,7",Handheld,Apple A7 GPU,English,2,0,IPhonePlayer,970,0,1,1100,0,500,665
ucsfww0003,2019-09-12T16:26:53.217Z,2019-09-12T16:26:53.217Z,,Right,7,57.2083626,75.65986,Successful,Real,iOS 12.4.1,1536,2048,1.11.23,PST,326,"iPad4,7",Handheld,Apple A7 GPU,English,2,0,IPhonePlayer,970,0,1,1000,1,867,605
ucsfww0003,2019-09-12T16:26:53.217Z,2019-09-12T16:26:53.217Z,,Right,8,57.2083626,75.65986,Successful,Real,iOS 12.4.1,1536,2048,1.11.23,PST,326,"iPad4,7",Handheld,Apple A7 GPU,English,2,0,IPhonePlayer,970,0,1,800,1,1116,645
ucsfww0003,2019-09-12T16:26:53.217Z,2019-09-12T16:26:53.217Z,,Right,9,57.2083626,75.65986,Successful,Real,iOS 12.4.1,1536,2048,1.11.23,PST,326,"iPad4,7",Handheld,Apple A7 GPU,English,2,0,IPhonePlayer,970,0,1,900,0,251,725
ucsfww0003,2019-09-12T16:26:53.217Z,2019-09-12T16:26:53.217Z,,RightThumb,0,57.2083626,75.65986,Successful,Real,iOS 12.4.1,1536,2048,1.11.23,PST,326,"iPad4,7",Handheld,Apple A7 GPU,English,2,0,IPhonePlayer,970,0,0,1000,0,68,775
ucsfww0003,2019-09-12T16:26:53.217Z,2019-09-12T16:26:53.217Z,,RightThumb,1,57.2083626,75.65986,Successful,Real,iOS 12.4.1,1536,2048,1.11.23,PST,326,"iPad4,7",Handheld,Apple A7 GPU,English,2,0,IPhonePlayer,970,0,1,1200,0,735,815
ucsfww0003,2019-09-12T16:26:53.217Z,2019-09-12T16:26:53.217Z,,RightThumb,2,57.2083626,75.65986,Successful,Real,iOS 12.4.1,1536,2048,1.11.23,PST,326,"iPad4,7",Handheld,Apple A7 GPU,English,2,0,IPhonePlayer,970,0,1,900,1,1233,805
ucsfww0003,2019-09-12T16:26:53.217Z,2019-09-12T16:26:53.217Z,,RightThumb,3,57.2083626,75.65986,Successful,Real,iOS 12.4.1,1536,2048,1.11.23,PST,326,"iPad4,7",Handheld,Apple A7 GPU,English,2,0,IPhonePlayer,970,0,1,800,1,850,845
ucsfww0003,2019-09-12T16:26:53.217Z,2019-09-12T16:26:53.217Z,,RightThumb,4,57.2083626,75.65986,Successful,Real,iOS 12.4.1,1536,2048,1.11.23,PST,326,"iPad4,7",Handheld,Apple A7 GPU,English,2,0,IPhonePlayer,970,0,1,1100,1,1416,925
ucsfww0003,2019-09-12T16:26:53.217Z,2019-09-12T16:26:53.217Z,,RightThumb,5,57.2083626,75.65986,Successful,Real,iOS 12.4.1,1536,2048,1.11.23,PST,326,"iPad4,7",Handheld,Apple A7 GPU,English,2,0,IPhonePlayer,970,0,1,900,0,517,1045
ucsfww0003,2019-09-12T16:26:53.217Z,2019-09-12T16:26:53.217Z,,RightThumb,6,57.2083626,75.65986,Successful,Real,iOS 12.4.1,1536,2048,1.11.23,PST,326,"iPad4,7",Handheld,Apple A7 GPU,English,2,0,IPhonePlayer,970,0,1,1100,1,2034,1035
ucsfww0003,2019-09-12T16:26:53.217Z,2019-09-12T16:26:53.217Z,,RightThumb,7,57.2083626,75.65986,Successful,Real,iOS 12.4.1,1536,2048,1.11.23,PST,326,"iPad4,7",Handheld,Apple A7 GPU,English,2,0,IPhonePlayer,970,0,1,800,0,968,1075
ucsfww0003,2019-09-12T16:26:53.217Z,2019-09-12T16:26:53.217Z,,RightThumb,8,57.2083626,75.65986,Successful,Real,iOS 12.4.1,1536,2048,1.11.23,PST,326,"iPad4,7",Handheld,Apple A7 GPU,English,2,0,IPhonePlayer,970,0,1,1000,0,234,1065
ucsfww0003,2019-09-12T16:26:53.217Z,2019-09-12T16:26:53.217Z,,RightThumb,9,57.2083626,75.65986,Successful,Real,iOS 12.4.1,1536,2048,1.11.23,PST,326,"iPad4,7",Handheld,Apple A7 GPU,English,2,0,IPhonePlayer,970,0,1,1200,1,1750,1045
ucsfww0005,2019-09-12T16:26:30.019Z,2019-09-12T16:26:30.019Z,,Left,0,56.7460861,86.05958,Successful,StartingWindow,iOS 12.4.1,1536,2048,1.11.23,PST,326,"iPad4,4",Handheld,Apple A7 GPU,English,2,0,IPhonePlayer,972,0,1,1000,0,517,5000
ucsfww0005,2019-09-12T16:26:30.019Z,2019-09-12T16:26:30.019Z,,Left,1,56.7460861,86.05958,Successful,StartingWindow,iOS 12.4.1,1536,2048,1.11.23,PST,326,"iPad4,4",Handheld,Apple A7 GPU,English,2,0,IPhonePlayer,972,0,1,1200,0,351,5000
ucsfww0005,2019-09-12T16:26:30.019Z,2019-09-12T16:26:30.019Z,,Left,2,56.7460861,86.05958,Successful,StartingWindow,iOS 12.4.1,1536,2048,1.11.23,PST,326,"iPad4,4",Handheld,Apple A7 GPU,English,2,0,IPhonePlayer,972,0,1,800,0,467,5000
ucsfww0005,2019-09-12T16:26:30.019Z,2019-09-12T16:26:30.019Z,,Left,3,56.7460861,86.05958,Successful,StartingWindow,iOS 12.4.1,1536,2048,1.11.23,PST,326,"iPad4,4",Handheld,Apple A7 GPU,English,2,0,IPhonePlayer,972,0,0,1100,0,134,5000
ucsfww0005,2019-09-12T16:26:30.019Z,2019-09-12T16:26:30.019Z,,Left,4,56.7460861,86.05958,Successful,StartingWindow,iOS 12.4.1,1536,2048,1.11.23,PST,326,"iPad4,4",Handheld,Apple A7 GPU,English,2,0,IPhonePlayer,972,0,1,900,0,384,5000
ucsfww0005,2019-09-12T16:26:30.019Z,2019-09-12T16:26:30.019Z,,LeftThumb,0,56.7460861,86.05958,Successful,StartingWindow,iOS 12.4.1,1536,2048,1.11.23,PST,326,"iPad4,4",Handheld,Apple A7 GPU,English,2,0,IPhonePlayer,972,0,1,900,0,484,5000
ucsfww0005,2019-09-12T16:26:30.019Z,2019-09-12T16:26:30.019Z,,LeftThumb,1,56.7460861,86.05958,Successful,StartingWindow,iOS 12.4.1,1536,2048,1.11.23,PST,326,"iPad4,4",Handheld,Apple A7 GPU,English,2,0,IPhonePlayer,972,0,1,1100,0,467,5000
ucsfww0005,2019-09-12T16:26:30.019Z,2019-09-12T16:26:30.019Z,,LeftThumb,2,56.7460861,86.05958,Successful,StartingWindow,iOS 12.4.1,1536,2048,1.11.23,PST,326,"iPad4,4",Handheld,Apple A7 GPU,English,2,0,IPhonePlayer,972,0,1,800,0,534,5000
ucsfww0005,2019-09-12T16:26:30.019Z,2019-09-12T16:26:30.019Z,,LeftThumb,3,56.7460861,86.05958,Successful,StartingWindow,iOS 12.4.1,1536,2048,1.11.23,PST,326,"iPad4,4",Handheld,Apple A7 GPU,English,2,0,IPhonePlayer,972,0,1,1000,0,267,5000
ucsfww0005,2019-09-12T16:26:30.019Z,2019-09-12T16:26:30.019Z,,LeftThumb,4,56.7460861,86.05958,Successful,StartingWindow,iOS 12.4.1,1536,2048,1.11.23,PST,326,"iPad4,4",Handheld,Apple A7 GPU,English,2,0,IPhonePlayer,972,0,1,1200,0,684,5000
ucsfww0005,2019-09-12T16:26:30.019Z,2019-09-12T16:26:30.019Z,,Right,0,56.7460861,86.05958,Successful,StartingWindow,iOS 12.4.1,1536,2048,1.11.23,PST,326,"iPad4,4",Handheld,Apple A7 GPU,English,2,0,IPhonePlayer,972,0,1,800,0,2084,5000
ucsfww0005,2019-09-12T16:26:30.019Z,2019-09-12T16:26:30.019Z,,Right,1,56.7460861,86.05958,Successful,StartingWindow,iOS 12.4.1,1536,2048,1.11.23,PST,326,"iPad4,4",Handheld,Apple A7 GPU,English,2,0,IPhonePlayer,972,0,1,1100,0,917,5000
ucsfww0005,2019-09-12T16:26:30.019Z,2019-09-12T16:26:30.019Z,,Right,2,56.7460861,86.05958,Successful,StartingWindow,iOS 12.4.1,1536,2048,1.11.23,PST,326,"iPad4,4",Handheld,Apple A7 GPU,English,2,0,IPhonePlayer,972,0,1,1200,0,284,5000
ucsfww0005,2019-09-12T16:26:30.019Z,2019-09-12T16:26:30.019Z,,Right,3,56.7460861,86.05958,Successful,StartingWindow,iOS 12.4.1,1536,2048,1.11.23,PST,326,"iPad4,4",Handheld,Apple A7 GPU,English,2,0,IPhonePlayer,972,0,1,900,0,384,5000
ucsfww0005,2019-09-12T16:26:30.019Z,2019-09-12T16:26:30.019Z,,Right,4,56.7460861,86.05958,Successful,StartingWindow,iOS 12.4.1,1536,2048,1.11.23,PST,326,"iPad4,4",Handheld,Apple A7 GPU,English,2,0,IPhonePlayer,972,0,1,1000,0,218,5000
ucsfww0005,2019-09-12T16:26:30.019Z,2019-09-12T16:26:30.019Z,,RightThumb,0,56.7460861,86.05958,Successful,StartingWindow,iOS 12.4.1,1536,2048,1.11.23,PST,326,"iPad4,4",Handheld,Apple A7 GPU,English,2,0,IPhonePlayer,972,0,1,900,0,150,5000
ucsfww0005,2019-09-12T16:26:30.019Z,2019-09-12T16:26:30.019Z,,RightThumb,1,56.7460861,86.05958,Successful,StartingWindow,iOS 12.4.1,1536,2048,1.11.23,PST,326,"iPad4,4",Handheld,Apple A7 GPU,English,2,0,IPhonePlayer,972,0,1,1100,0,417,5000
ucsfww0005,2019-09-12T16:26:30.019Z,2019-09-12T16:26:30.019Z,,RightThumb,2,56.7460861,86.05958,Successful,StartingWindow,iOS 12.4.1,1536,2048,1.11.23,PST,326,"iPad4,4",Handheld,Apple A7 GPU,English,2,0,IPhonePlayer,972,0,1,1200,0,934,5000
ucsfww0005,2019-09-12T16:26:30.019Z,2019-09-12T16:26:30.019Z,,RightThumb,3,56.7460861,86.05958,Successful,StartingWindow,iOS 12.4.1,1536,2048,1.11.23,PST,326,"iPad4,4",Handheld,Apple A7 GPU,English,2,0,IPhonePlayer,972,0,1,1000,0,2467,5000
ucsfww0005,2019-09-12T16:26:30.019Z,2019-09-12T16:26:30.019Z,,RightThumb,4,56.7460861,86.05958,Successful,StartingWindow,iOS 12.4.1,1536,2048,1.11.23,PST,326,"iPad4,4",Handheld,Apple A7 GPU,English,2,0,IPhonePlayer,972,0,1,800,0,500,5000
ucsfww0005,2019-09-12T16:27:49.354Z,2019-09-12T16:27:49.354Z,,Left,0,56.76651,85.2805557,Successful,Real,iOS 12.4.1,1536,2048,1.11.23,PST,326,"iPad4,4",Handheld,Apple A7 GPU,English,2,0,IPhonePlayer,972,0,1,800,0,418,583
ucsfww0005,2019-09-12T16:27:49.354Z,2019-09-12T16:27:49.354Z,,Left,1,56.76651,85.2805557,Successful,Real,iOS 12.4.1,1536,2048,1.11.23,PST,326,"iPad4,4",Handheld,Apple A7 GPU,English,2,0,IPhonePlayer,972,0,1,1100,0,468,573
ucsfww0005,2019-09-12T16:27:49.354Z,2019-09-12T16:27:49.354Z,,Left,2,56.76651,85.2805557,Successful,Real,iOS 12.4.1,1536,2048,1.11.23,PST,326,"iPad4,4",Handheld,Apple A7 GPU,English,2,0,IPhonePlayer,972,0,0,1000,0,0,553
ucsfww0005,2019-09-12T16:27:49.354Z,2019-09-12T16:27:49.354Z,,Left,3,56.76651,85.2805557,Successful,Real,iOS 12.4.1,1536,2048,1.11.23,PST,326,"iPad4,4",Handheld,Apple A7 GPU,English,2,0,IPhonePlayer,972,0,0,1200,0,0,593
ucsfww0005,2019-09-12T16:27:49.354Z,2019-09-12T16:27:49.354Z,,Left,4,56.76651,85.2805557,Successful,Real,iOS 12.4.1,1536,2048,1.11.23,PST,326,"iPad4,4",Handheld,Apple A7 GPU,English,2,0,IPhonePlayer,972,0,1,900,1,1567,673
ucsfww0005,2019-09-12T16:27:49.354Z,2019-09-12T16:27:49.354Z,,Left,5,56.76651,85.2805557,Successful,Real,iOS 12.4.1,1536,2048,1.11.23,PST,326,"iPad4,4",Handheld,Apple A7 GPU,English,2,0,IPhonePlayer,972,0,1,1000,0,534,793
ucsfww0005,2019-09-12T16:27:49.354Z,2019-09-12T16:27:49.354Z,,Left,6,56.76651,85.2805557,Successful,Real,iOS 12.4.1,1536,2048,1.11.23,PST,326,"iPad4,4",Handheld,Apple A7 GPU,English,2,0,IPhonePlayer,972,0,0,900,0,0,783
ucsfww0005,2019-09-12T16:27:49.354Z,2019-09-12T16:27:49.354Z,,Left,7,56.76651,85.2805557,Successful,Real,iOS 12.4.1,1536,2048,1.11.23,PST,326,"iPad4,4",Handheld,Apple A7 GPU,English,2,0,IPhonePlayer,972,0,0,1100,0,0,823
ucsfww0005,2019-09-12T16:27:49.354Z,2019-09-12T16:27:49.354Z,,Left,8,56.76651,85.2805557,Successful,Real,iOS 12.4.1,1536,2048,1.11.23,PST,326,"iPad4,4",Handheld,Apple A7 GPU,English,2,0,IPhonePlayer,972,0,0,800,0,0,903
ucsfww0005,2019-09-12T16:27:49.354Z,2019-09-12T16:27:49.354Z,,Left,9,56.76651,85.2805557,Successful,Real,iOS 12.4.1,1536,2048,1.11.23,PST,326,"iPad4,4",Handheld,Apple A7 GPU,English,2,0,IPhonePlayer,972,0,1,1200,0,434,1023
ucsfww0005,2019-09-12T16:27:49.354Z,2019-09-12T16:27:49.354Z,,LeftThumb,0,56.76651,85.2805557,Successful,Real,iOS 12.4.1,1536,2048,1.11.23,PST,326,"iPad4,4",Handheld,Apple A7 GPU,English,2,0,IPhonePlayer,972,0,0,1000,0,84,583
ucsfww0005,2019-09-12T16:27:49.354Z,2019-09-12T16:27:49.354Z,,LeftThumb,1,56.76651,85.2805557,Successful,Real,iOS 12.4.1,1536,2048,1.11.23,PST,326,"iPad4,4",Handheld,Apple A7 GPU,English,2,0,IPhonePlayer,972,0,1,900,0,201,623
ucsfww0005,2019-09-12T16:27:49.354Z,2019-09-12T16:27:49.354Z,,LeftThumb,2,56.76651,85.2805557,Successful,Real,iOS 12.4.1,1536,2048,1.11.23,PST,326,"iPad4,4",Handheld,Apple A7 GPU,English,2,0,IPhonePlayer,972,0,1,1100,0,384,613
ucsfww0005,2019-09-12T16:27:49.354Z,2019-09-12T16:27:49.354Z,,LeftThumb,3,56.76651,85.2805557,Successful,Real,iOS 12.4.1,1536,2048,1.11.23,PST,326,"iPad4,4",Handheld,Apple A7 GPU,English,2,0,IPhonePlayer,972,0,1,800,0,184,593
ucsfww0005,2019-09-12T16:27:49.354Z,2019-09-12T16:27:49.354Z,,LeftThumb,4,56.76651,85.2805557,Successful,Real,iOS 12.4.1,1536,2048,1.11.23,PST,326,"iPad4,4",Handheld,Apple A7 GPU,English,2,0,IPhonePlayer,972,0,1,1200,0,351,563
ucsfww0005,2019-09-12T16:27:49.354Z,2019-09-12T16:27:49.354Z,,LeftThumb,5,56.76651,85.2805557,Successful,Real,iOS 12.4.1,1536,2048,1.11.23,PST,326,"iPad4,4",Handheld,Apple A7 GPU,English,2,0,IPhonePlayer,972,0,1,1000,0,467,523
ucsfww0005,2019-09-12T16:27:49.354Z,2019-09-12T16:27:49.354Z,,LeftThumb,6,56.76651,85.2805557,Successful,Real,iOS 12.4.1,1536,2048,1.11.23,PST,326,"iPad4,4",Handheld,Apple A7 GPU,English,2,0,IPhonePlayer,972,0,1,1100,0,367,473
ucsfww0005,2019-09-12T16:27:49.354Z,2019-09-12T16:27:49.354Z,,LeftThumb,7,56.76651,85.2805557,Successful,Real,iOS 12.4.1,1536,2048,1.11.23,PST,326,"iPad4,4",Handheld,Apple A7 GPU,English,2,0,IPhonePlayer,972,0,1,900,1,417,413
ucsfww0005,2019-09-12T16:27:49.354Z,2019-09-12T16:27:49.354Z,,LeftThumb,8,56.76651,85.2805557,Successful,Real,iOS 12.4.1,1536,2048,1.11.23,PST,326,"iPad4,4",Handheld,Apple A7 GPU,English,2,0,IPhonePlayer,972,0,1,800,1,717,453
ucsfww0005,2019-09-12T16:27:49.354Z,2019-09-12T16:27:49.354Z,,LeftThumb,9,56.76651,85.2805557,Successful,Real,iOS 12.4.1,1536,2048,1.11.23,PST,326,"iPad4,4",Handheld,Apple A7 GPU,English,2,0,IPhonePlayer,972,0,1,1200,0,467,533
ucsfww0005,2019-09-12T16:27:49.354Z,2019-09-12T16:27:49.354Z,,Right,0,56.76651,85.2805557,Successful,Real,iOS 12.4.1,1536,2048,1.11.23,PST,326,"iPad4,4",Handheld,Apple A7 GPU,English,2,0,IPhonePlayer,972,0,0,900,0,0,583
ucsfww0005,2019-09-12T16:27:49.354Z,2019-09-12T16:27:49.354Z,,Right,1,56.76651,85.2805557,Successful,Real,iOS 12.4.1,1536,2048,1.11.23,PST,326,"iPad4,4",Handheld,Apple A7 GPU,English,2,0,IPhonePlayer,972,0,1,1000,1,667,573
ucsfww0005,2019-09-12T16:27:49.354Z,2019-09-12T16:27:49.354Z,,Right,2,56.76651,85.2805557,Successful,Real,iOS 12.4.1,1536,2048,1.11.23,PST,326,"iPad4,4",Handheld,Apple A7 GPU,English,2,0,IPhonePlayer,972,0,1,800,0,400,613
ucsfww0005,2019-09-12T16:27:49.354Z,2019-09-12T16:27:49.354Z,,Right,3,56.76651,85.2805557,Successful,Real,iOS 12.4.1,1536,2048,1.11.23,PST,326,"iPad4,4",Handheld,Apple A7 GPU,English,2,0,IPhonePlayer,972,0,1,1100,1,1117,603
ucsfww0005,2019-09-12T16:27:49.354Z,2019-09-12T16:27:49.354Z,,Right,4,56.76651,85.2805557,Successful,Real,iOS 12.4.1,1536,2048,1.11.23,PST,326,"iPad4,4",Handheld,Apple A7 GPU,English,2,0,IPhonePlayer,972,0,1,1200,0,517,643
ucsfww0005,2019-09-12T16:27:49.354Z,2019-09-12T16:27:49.354Z,,Right,5,56.76651,85.2805557,Successful,Real,iOS 12.4.1,1536,2048,1.11.23,PST,326,"iPad4,4",Handheld,Apple A7 GPU,English,2,0,IPhonePlayer,972,0,1,1000,0,434,633
ucsfww0005,2019-09-12T16:27:49.354Z,2019-09-12T16:27:49.354Z,,Right,6,56.76651,85.2805557,Successful,Real,iOS 12.4.1,1536,2048,1.11.23,PST,326,"iPad4,4",Handheld,Apple A7 GPU,English,2,0,IPhonePlayer,972,0,1,1200,0,584,613
ucsfww0005,2019-09-12T16:27:49.354Z,2019-09-12T16:27:49.354Z,,Right,7,56.76651,85.2805557,Successful,Real,iOS 12.4.1,1536,2048,1.11.23,PST,326,"iPad4,4",Handheld,Apple A7 GPU,English,2,0,IPhonePlayer,972,0,1,1100,0,367,583
ucsfww0005,2019-09-12T16:27:49.354Z,2019-09-12T16:27:49.354Z,,Right,8,56.76651,85.2805557,Successful,Real,iOS 12.4.1,1536,2048,1.11.23,PST,326,"iPad4,4",Handheld,Apple A7 GPU,English,2,0,IPhonePlayer,972,0,1,800,0,384,543
ucsfww0005,2019-09-12T16:27:49.354Z,2019-09-12T16:27:49.354Z,,Right,9,56.76651,85.2805557,Successful,Real,iOS 12.4.1,1536,2048,1.11.23,PST,326,"iPad4,4",Handheld,Apple A7 GPU,English,2,0,IPhonePlayer,972,0,1,900,0,201,493
ucsfww0005,2019-09-12T16:27:49.354Z,2019-09-12T16:27:49.354Z,,RightThumb,0,56.76651,85.2805557,Successful,Real,iOS 12.4.1,1536,2048,1.11.23,PST,326,"iPad4,4",Handheld,Apple A7 GPU,English,2,0,IPhonePlayer,972,0,1,1200,0,501,583
ucsfww0005,2019-09-12T16:27:49.354Z,2019-09-12T16:27:49.354Z,,RightThumb,1,56.76651,85.2805557,Successful,Real,iOS 12.4.1,1536,2048,1.11.23,PST,326,"iPad4,4",Handheld,Apple A7 GPU,English,2,0,IPhonePlayer,972,0,1,1100,0,384,573
ucsfww0005,2019-09-12T16:27:49.354Z,2019-09-12T16:27:49.354Z,,RightThumb,2,56.76651,85.2805557,Successful,Real,iOS 12.4.1,1536,2048,1.11.23,PST,326,"iPad4,4",Handheld,Apple A7 GPU,English,2,0,IPhonePlayer,972,0,1,800,0,534,553
ucsfww0005,2019-09-12T16:27:49.354Z,2019-09-12T16:27:49.354Z,,RightThumb,3,56.76651,85.2805557,Successful,Real,iOS 12.4.1,1536,2048,1.11.23,PST,326,"iPad4,4",Handheld,Apple A7 GPU,English,2,0,IPhonePlayer,972,0,1,1000,0,400,523
ucsfww0005,2019-09-12T16:27:49.354Z,2019-09-12T16:27:49.354Z,,RightThumb,4,56.76651,85.2805557,Successful,Real,iOS 12.4.1,1536,2048,1.11.23,PST,326,"iPad4,4",Handheld,Apple A7 GPU,English,2,0,IPhonePlayer,972,0,1,900,1,534,483
ucsfww0005,2019-09-12T16:27:49.354Z,2019-09-12T16:27:49.354Z,,RightThumb,5,56.76651,85.2805557,Successful,Real,iOS 12.4.1,1536,2048,1.11.23,PST,326,"iPad4,4",Handheld,Apple A7 GPU,English,2,0,IPhonePlayer,972,0,1,800,1,650,523
ucsfww0005,2019-09-12T16:27:49.354Z,2019-09-12T16:27:49.354Z,,RightThumb,6,56.76651,85.2805557,Successful,Real,iOS 12.4.1,1536,2048,1.11.23,PST,326,"iPad4,4",Handheld,Apple A7 GPU,English,2,0,IPhonePlayer,972,0,1,1100,0,350,603
ucsfww0005,2019-09-12T16:27:49.354Z,2019-09-12T16:27:49.354Z,,RightThumb,7,56.76651,85.2805557,Successful,Real,iOS 12.4.1,1536,2048,1.11.23,PST,326,"iPad4,4",Handheld,Apple A7 GPU,English,2,0,IPhonePlayer,972,0,1,1200,1,867,593
ucsfww0005,2019-09-12T16:27:49.354Z,2019-09-12T16:27:49.354Z,,RightThumb,8,56.76651,85.2805557,Successful,Real,iOS 12.4.1,1536,2048,1.11.23,PST,326,"iPad4,4",Handheld,Apple A7 GPU,English,2,0,IPhonePlayer,972,0,1,1000,0,384,633
ucsfww0005,2019-09-12T16:27:49.354Z,2019-09-12T16:27:49.354Z,,RightThumb,9,56.76651,85.2805557,Successful,Real,iOS 12.4.1,1536,2048,1.11.23,PST,326,"iPad4,4",Handheld,Apple A7 GPU,English,2,0,IPhonePlayer,972,0,1,900,0,418,623
ucsfww0007,2019-09-12T16:21:19.206Z,2019-09-12T16:21:19.206Z,,Left,0,58.48696,50.4414978,TimeOut,StartingWindow,iOS 12.4.1,1536,2048,1.11.23,PST,326,"iPad4,4",Handheld,Apple A7 GPU,English,2,0,IPhonePlayer,972,0,0,900,0,0,5000
ucsfww0007,2019-09-12T16:21:35.716Z,2019-09-12T16:21:35.716Z,,Left,0,57.8258476,62.204792,TimeOut,StartingWindow,iOS 12.4.1,1536,2048,1.11.23,PST,326,"iPad4,4",Handheld,Apple A7 GPU,English,2,0,IPhonePlayer,972,0,1,1000,0,2601,5000
ucsfww0007,2019-09-12T16:21:35.716Z,2019-09-12T16:21:35.716Z,,Left,1,57.8258476,62.204792,TimeOut,StartingWindow,iOS 12.4.1,1536,2048,1.11.23,PST,326,"iPad4,4",Handheld,Apple A7 GPU,English,2,0,IPhonePlayer,972,0,1,800,0,2084,5000
ucsfww0007,2019-09-12T16:21:35.716Z,2019-09-12T16:21:35.716Z,,Left,2,57.8258476,62.204792,TimeOut,StartingWindow,iOS 12.4.1,1536,2048,1.11.23,PST,326,"iPad4,4",Handheld,Apple A7 GPU,English,2,0,IPhonePlayer,972,0,1,1100,0,1034,5000
ucsfww0007,2019-09-12T16:21:35.716Z,2019-09-12T16:21:35.716Z,,Left,3,57.8258476,62.204792,TimeOut,StartingWindow,iOS 12.4.1,1536,2048,1.11.23,PST,326,"iPad4,4",Handheld,Apple A7 GPU,English,2,0,IPhonePlayer,972,0,1,1200,0,401,5000
ucsfww0007,2019-09-12T16:21:35.716Z,2019-09-12T16:21:35.716Z,,Left,4,57.8258476,62.204792,TimeOut,StartingWindow,iOS 12.4.1,1536,2048,1.11.23,PST,326,"iPad4,4",Handheld,Apple A7 GPU,English,2,0,IPhonePlayer,972,0,1,900,0,700,5000
ucsfww0007,2019-09-12T16:21:35.716Z,2019-09-12T16:21:35.716Z,,LeftThumb,0,57.8258476,62.204792,TimeOut,StartingWindow,iOS 12.4.1,1536,2048,1.11.23,PST,326,"iPad4,4",Handheld,Apple A7 GPU,English,2,0,IPhonePlayer,972,0,1,1100,0,550,5000
ucsfww0007,2019-09-12T16:21:35.716Z,2019-09-12T16:21:35.716Z,,LeftThumb,1,57.8258476,62.204792,TimeOut,StartingWindow,iOS 12.4.1,1536,2048,1.11.23,PST,326,"iPad4,4",Handheld,Apple A7 GPU,English,2,0,IPhonePlayer,972,0,1,1000,0,168,5000
ucsfww0007,2019-09-12T16:21:35.716Z,2019-09-12T16:21:35.716Z,,LeftThumb,2,57.8258476,62.204792,TimeOut,StartingWindow,iOS 12.4.1,1536,2048,1.11.23,PST,326,"iPad4,4",Handheld,Apple A7 GPU,English,2,0,IPhonePlayer,972,0,0,900,0,68,5000
ucsfww0007,2019-09-12T16:21:35.716Z,2019-09-12T16:21:35.716Z,,LeftThumb,3,57.8258476,62.204792,TimeOut,StartingWindow,iOS 12.4.1,1536,2048,1.11.23,PST,326,"iPad4,4",Handheld,Apple A7 GPU,English,2,0,IPhonePlayer,972,0,1,1200,0,784,5000
ucsfww0007,2019-09-12T16:21:35.716Z,2019-09-12T16:21:35.716Z,,LeftThumb,4,57.8258476,62.204792,TimeOut,StartingWindow,iOS 12.4.1,1536,2048,1.11.23,PST,326,"iPad4,4",Handheld,Apple A7 GPU,English,2,0,IPhonePlayer,972,0,1,800,0,650,5000
ucsfww0007,2019-09-12T16:21:35.716Z,2019-09-12T16:21:35.716Z,,Right,0,57.8258476,62.204792,TimeOut,StartingWindow,iOS 12.4.1,1536,2048,1.11.23,PST,326,"iPad4,4",Handheld,Apple A7 GPU,English,2,0,IPhonePlayer,972,0,1,1100,0,768,5000
ucsfww0007,2019-09-12T16:21:35.716Z,2019-09-12T16:21:35.716Z,,Right,1,57.8258476,62.204792,TimeOut,StartingWindow,iOS 12.4.1,1536,2048,1.11.23,PST,326,"iPad4,4",Handheld,Apple A7 GPU,English,2,0,IPhonePlayer,972,0,1,1200,0,784,5000
ucsfww0007,2019-09-12T16:21:35.716Z,2019-09-12T16:21:35.716Z,,Right,2,57.8258476,62.204792,TimeOut,StartingWindow,iOS 12.4.1,1536,2048,1.11.23,PST,326,"iPad4,4",Handheld,Apple A7 GPU,English,2,0,IPhonePlayer,972,0,1,900,0,1834,5000
ucsfww0007,2019-09-12T16:21:35.716Z,2019-09-12T16:21:35.716Z,,Right,3,57.8258476,62.204792,TimeOut,StartingWindow,iOS 12.4.1,1536,2048,1.11.23,PST,326,"iPad4,4",Handheld,Apple A7 GPU,English,2,0,IPhonePlayer,972,0,1,800,0,1551,5000
ucsfww0007,2019-09-12T16:21:35.716Z,2019-09-12T16:21:35.716Z,,Right,4,57.8258476,62.204792,TimeOut,StartingWindow,iOS 12.4.1,1536,2048,1.11.23,PST,326,"iPad4,4",Handheld,Apple A7 GPU,English,2,0,IPhonePlayer,972,0,1,1000,0,1517,5000
ucsfww0007,2019-09-12T16:21:35.716Z,2019-09-12T16:21:35.716Z,,RightThumb,0,57.8258476,62.204792,TimeOut,StartingWindow,iOS 12.4.1,1536,2048,1.11.23,PST,326,"iPad4,4",Handheld,Apple A7 GPU,English,2,0,IPhonePlayer,972,0,1,1200,0,584,5000
ucsfww0007,2019-09-12T16:21:35.716Z,2019-09-12T16:21:35.716Z,,RightThumb,1,57.8258476,62.204792,TimeOut,StartingWindow,iOS 12.4.1,1536,2048,1.11.23,PST,326,"iPad4,4",Handheld,Apple A7 GPU,English,2,0,IPhonePlayer,972,0,1,1000,0,217,5000
ucsfww0007,2019-09-12T16:21:35.716Z,2019-09-12T16:21:35.716Z,,RightThumb,2,57.8258476,62.204792,TimeOut,StartingWindow,iOS 12.4.1,1536,2048,1.11.23,PST,326,"iPad4,4",Handheld,Apple A7 GPU,English,2,0,IPhonePlayer,972,0,0,900,0,0,5000
ucsfww0007,2019-09-12T16:23:11.465Z,2019-09-12T16:23:11.465Z,,Left,0,57.81557,62.6839027,Successful,StartingWindow,iOS 12.4.1,1536,2048,1.11.23,PST,326,"iPad4,4",Handheld,Apple A7 GPU,English,2,0,IPhonePlayer,972,0,1,900,0,1434,5000
ucsfww0007,2019-09-12T16:23:11.465Z,2019-09-12T16:23:11.465Z,,Left,1,57.81557,62.6839027,Successful,StartingWindow,iOS 12.4.1,1536,2048,1.11.23,PST,326,"iPad4,4",Handheld,Apple A7 GPU,English,2,0,IPhonePlayer,972,0,1,1100,0,734,5000
ucsfww0007,2019-09-12T16:23:11.465Z,2019-09-12T16:23:11.465Z,,Left,2,57.81557,62.6839027,Successful,StartingWindow,iOS 12.4.1,1536,2048,1.11.23,PST,326,"iPad4,4",Handheld,Apple A7 GPU,English,2,0,IPhonePlayer,972,0,1,800,0,2334,5000
ucsfww0007,2019-09-12T16:23:11.465Z,2019-09-12T16:23:11.465Z,,Left,3,57.81557,62.6839027,Successful,StartingWindow,iOS 12.4.1,1536,2048,1.11.23,PST,326,"iPad4,4",Handheld,Apple A7 GPU,English,2,0,IPhonePlayer,972,0,1,1000,0,717,5000
ucsfww0007,2019-09-12T16:23:11.465Z,2019-09-12T16:23:11.465Z,,Left,4,57.81557,62.6839027,Successful,StartingWindow,iOS 12.4.1,1536,2048,1.11.23,PST,326,"iPad4,4",Handheld,Apple A7 GPU,English,2,0,IPhonePlayer,972,0,1,1200,0,184,5000
ucsfww0007,2019-09-12T16:23:11.465Z,2019-09-12T16:23:11.465Z,,LeftThumb,0,57.81557,62.6839027,Successful,StartingWindow,iOS 12.4.1,1536,2048,1.11.23,PST,326,"iPad4,4",Handheld,Apple A7 GPU,English,2,0,IPhonePlayer,972,0,1,1000,0,1251,5000
ucsfww0007,2019-09-12T16:23:11.465Z,2019-09-12T16:23:11.465Z,,LeftThumb,1,57.81557,62.6839027,Successful,StartingWindow,iOS 12.4.1,1536,2048,1.11.23,PST,326,"iPad4,4",Handheld,Apple A7 GPU,English,2,0,IPhonePlayer,972,0,1,1200,0,534,5000
ucsfww0007,2019-09-12T16:23:11.465Z,2019-09-12T16:23:11.465Z,,LeftThumb,2,57.81557,62.6839027,Successful,StartingWindow,iOS 12.4.1,1536,2048,1.11.23,PST,326,"iPad4,4",Handheld,Apple A7 GPU,English,2,0,IPhonePlayer,972,0,1,800,0,834,5000
ucsfww0007,2019-09-12T16:23:11.465Z,2019-09-12T16:23:11.465Z,,LeftThumb,3,57.81557,62.6839027,Successful,StartingWindow,iOS 12.4.1,1536,2048,1.11.23,PST,326,"iPad4,4",Handheld,Apple A7 GPU,English,2,0,IPhonePlayer,972,0,0,1100,0,84,5000
ucsfww0007,2019-09-12T16:23:11.465Z,2019-09-12T16:23:11.465Z,,LeftThumb,4,57.81557,62.6839027,Successful,StartingWindow,iOS 12.4.1,1536,2048,1.11.23,PST,326,"iPad4,4",Handheld,Apple A7 GPU,English,2,0,IPhonePlayer,972,0,0,900,0,51,5000
ucsfww0007,2019-09-12T16:23:11.465Z,2019-09-12T16:23:11.465Z,,Right,0,57.81557,62.6839027,Successful,StartingWindow,iOS 12.4.1,1536,2048,1.11.23,PST,326,"iPad4,4",Handheld,Apple A7 GPU,English,2,0,IPhonePlayer,972,0,1,900,0,968,5000
ucsfww0007,2019-09-12T16:23:11.465Z,2019-09-12T16:23:11.465Z,,Right,1,57.81557,62.6839027,Successful,StartingWindow,iOS 12.4.1,1536,2048,1.11.23,PST,326,"iPad4,4",Handheld,Apple A7 GPU,English,2,0,IPhonePlayer,972,0,0,1200,0,34,5000
ucsfww0007,2019-09-12T16:23:11.465Z,2019-09-12T16:23:11.465Z,,Right,2,57.81557,62.6839027,Successful,StartingWindow,iOS 12.4.1,1536,2048,1.11.23,PST,326,"iPad4,4",Handheld,Apple A7 GPU,English,2,0,IPhonePlayer,972,0,1,1000,0,984,5000
ucsfww0007,2019-09-12T16:23:11.465Z,2019-09-12T16:23:11.465Z,,Right,3,57.81557,62.6839027,Successful,StartingWindow,iOS 12.4.1,1536,2048,1.11.23,PST,326,"iPad4,4",Handheld,Apple A7 GPU,English,2,0,IPhonePlayer,972,0,1,1100,0,934,5000
ucsfww0007,2019-09-12T16:23:11.465Z,2019-09-12T16:23:11.465Z,,Right,4,57.81557,62.6839027,Successful,StartingWindow,iOS 12.4.1,1536,2048,1.11.23,PST,326,"iPad4,4",Handheld,Apple A7 GPU,English,2,0,IPhonePlayer,972,0,1,800,0,884,5000
ucsfww0007,2019-09-12T16:23:11.465Z,2019-09-12T16:23:11.465Z,,RightThumb,0,57.81557,62.6839027,Successful,StartingWindow,iOS 12.4.1,1536,2048,1.11.23,PST,326,"iPad4,4",Handheld,Apple A7 GPU,English,2,0,IPhonePlayer,972,0,1,900,0,2250,5000
ucsfww0007,2019-09-12T16:23:11.465Z,2019-09-12T16:23:11.465Z,,RightThumb,1,57.81557,62.6839027,Successful,StartingWindow,iOS 12.4.1,1536,2048,1.11.23,PST,326,"iPad4,4",Handheld,Apple A7 GPU,English,2,0,IPhonePlayer,972,0,1,1000,0,918,5000
ucsfww0007,2019-09-12T16:23:11.465Z,2019-09-12T16:23:11.465Z,,RightThumb,2,57.81557,62.6839027,Successful,StartingWindow,iOS 12.4.1,1536,2048,1.11.23,PST,326,"iPad4,4",Handheld,Apple A7 GPU,English,2,0,IPhonePlayer,972,0,1,1100,0,317,5000
ucsfww0007,2019-09-12T16:23:11.465Z,2019-09-12T16:23:11.465Z,,RightThumb,3,57.81557,62.6839027,Successful,StartingWindow,iOS 12.4.1,1536,2048,1.11.23,PST,326,"iPad4,4",Handheld,Apple A7 GPU,English,2,0,IPhonePlayer,972,0,0,1200,0,101,5000
ucsfww0007,2019-09-12T16:23:11.465Z,2019-09-12T16:23:11.465Z,,RightThumb,4,57.81557,62.6839027,Successful,StartingWindow,iOS 12.4.1,1536,2048,1.11.23,PST,326,"iPad4,4",Handheld,Apple A7 GPU,English,2,0,IPhonePlayer,972,0,1,800,0,1151,5000
ucsfww0007,2019-09-12T16:24:25.046Z,2019-09-12T16:24:25.046Z,,Left,0,58.0902519,54.73906,Successful,Real,iOS 12.4.1,1536,2048,1.11.23,PST,326,"iPad4,4",Handheld,Apple A7 GPU,English,2,0,IPhonePlayer,972,0,1,1000,1,1483,975
ucsfww0007,2019-09-12T16:24:25.046Z,2019-09-12T16:24:25.046Z,,Left,1,58.0902519,54.73906,Successful,Real,iOS 12.4.1,1536,2048,1.11.23,PST,326,"iPad4,4",Handheld,Apple A7 GPU,English,2,0,IPhonePlayer,972,0,1,800,0,734,1015
ucsfww0007,2019-09-12T16:24:25.046Z,2019-09-12T16:24:25.046Z,,Left,2,58.0902519,54.73906,Successful,Real,iOS 12.4.1,1536,2048,1.11.23,PST,326,"iPad4,4",Handheld,Apple A7 GPU,English,2,0,IPhonePlayer,972,0,1,1100,0,518,1005
ucsfww0007,2019-09-12T16:24:25.046Z,2019-09-12T16:24:25.046Z,,Left,3,58.0902519,54.73906,Successful,Real,iOS 12.4.1,1536,2048,1.11.23,PST,326,"iPad4,4",Handheld,Apple A7 GPU,English,2,0,IPhonePlayer,972,0,1,1200,0,401,985
ucsfww0007,2019-09-12T16:24:25.046Z,2019-09-12T16:24:25.046Z,,Left,4,58.0902519,54.73906,Successful,Real,iOS 12.4.1,1536,2048,1.11.23,PST,326,"iPad4,4",Handheld,Apple A7 GPU,English,2,0,IPhonePlayer,972,0,1,900,0,317,955
ucsfww0007,2019-09-12T16:24:25.046Z,2019-09-12T16:24:25.046Z,,Left,5,58.0902519,54.73906,Successful,Real,iOS 12.4.1,1536,2048,1.11.23,PST,326,"iPad4,4",Handheld,Apple A7 GPU,English,2,0,IPhonePlayer,972,0,1,1000,0,334,915
ucsfww0007,2019-09-12T16:24:25.046Z,2019-09-12T16:24:25.046Z,,Left,6,58.0902519,54.73906,Successful,Real,iOS 12.4.1,1536,2048,1.11.23,PST,326,"iPad4,4",Handheld,Apple A7 GPU,English,2,0,IPhonePlayer,972,0,1,1100,0,651,865
ucsfww0007,2019-09-12T16:24:25.046Z,2019-09-12T16:24:25.046Z,,Left,7,58.0902519,54.73906,Successful,Real,iOS 12.4.1,1536,2048,1.11.23,PST,326,"iPad4,4",Handheld,Apple A7 GPU,English,2,0,IPhonePlayer,972,0,1,900,0,534,805
ucsfww0007,2019-09-12T16:24:25.046Z,2019-09-12T16:24:25.046Z,,Left,8,58.0902519,54.73906,Successful,Real,iOS 12.4.1,1536,2048,1.11.23,PST,326,"iPad4,4",Handheld,Apple A7 GPU,English,2,0,IPhonePlayer,972,0,1,1200,0,467,735
ucsfww0007,2019-09-12T16:24:25.046Z,2019-09-12T16:24:25.046Z,,Left,9,58.0902519,54.73906,Successful,Real,iOS 12.4.1,1536,2048,1.11.23,PST,326,"iPad4,4",Handheld,Apple A7 GPU,English,2,0,IPhonePlayer,972,0,1,800,1,750,655
ucsfww0007,2019-09-12T16:24:25.046Z,2019-09-12T16:24:25.046Z,,LeftThumb,0,58.0902519,54.73906,Successful,Real,iOS 12.4.1,1536,2048,1.11.23,PST,326,"iPad4,4",Handheld,Apple A7 GPU,English,2,0,IPhonePlayer,972,0,1,1000,0,367,975
ucsfww0007,2019-09-12T16:24:25.046Z,2019-09-12T16:24:25.046Z,,LeftThumb,1,58.0902519,54.73906,Successful,Real,iOS 12.4.1,1536,2048,1.11.23,PST,326,"iPad4,4",Handheld,Apple A7 GPU,English,2,0,IPhonePlayer,972,0,1,900,0,401,965
ucsfww0007,2019-09-12T16:24:25.046Z,2019-09-12T16:24:25.046Z,,LeftThumb,2,58.0902519,54.73906,Successful,Real,iOS 12.4.1,1536,2048,1.11.23,PST,326,"iPad4,4",Handheld,Apple A7 GPU,English,2,0,IPhonePlayer,972,0,1,1100,0,234,945
ucsfww0007,2019-09-12T16:24:25.046Z,2019-09-12T16:24:25.046Z,,LeftThumb,3,58.0902519,54.73906,Successful,Real,iOS 12.4.1,1536,2048,1.11.23,PST,326,"iPad4,4",Handheld,Apple A7 GPU,English,2,0,IPhonePlayer,972,0,0,1200,0,67,915
ucsfww0007,2019-09-12T16:24:25.046Z,2019-09-12T16:24:25.046Z,,LeftThumb,4,58.0902519,54.73906,Successful,Real,iOS 12.4.1,1536,2048,1.11.23,PST,326,"iPad4,4",Handheld,Apple A7 GPU,English,2,0,IPhonePlayer,972,0,1,800,0,851,955
ucsfww0007,2019-09-12T16:24:25.046Z,2019-09-12T16:24:25.046Z,,LeftThumb,5,58.0902519,54.73906,Successful,Real,iOS 12.4.1,1536,2048,1.11.23,PST,326,"iPad4,4",Handheld,Apple A7 GPU,English,2,0,IPhonePlayer,972,0,1,1100,0,484,945
ucsfww0007,2019-09-12T16:24:25.046Z,2019-09-12T16:24:25.046Z,,LeftThumb,6,58.0902519,54.73906,Successful,Real,iOS 12.4.1,1536,2048,1.11.23,PST,326,"iPad4,4",Handheld,Apple A7 GPU,English,2,0,IPhonePlayer,972,0,1,1200,0,251,925
ucsfww0007,2019-09-12T16:24:25.046Z,2019-09-12T16:24:25.046Z,,LeftThumb,7,58.0902519,54.73906,Successful,Real,iOS 12.4.1,1536,2048,1.11.23,PST,326,"iPad4,4",Handheld,Apple A7 GPU,English,2,0,IPhonePlayer,972,0,0,1000,0,17,895
ucsfww0007,2019-09-12T16:24:25.046Z,2019-09-12T16:24:25.046Z,,LeftThumb,8,58.0902519,54.73906,Successful,Real,iOS 12.4.1,1536,2048,1.11.23,PST,326,"iPad4,4",Handheld,Apple A7 GPU,English,2,0,IPhonePlayer,972,0,1,900,0,817,935
ucsfww0007,2019-09-12T16:24:25.046Z,2019-09-12T16:24:25.046Z,,LeftThumb,9,58.0902519,54.73906,Successful,Real,iOS 12.4.1,1536,2048,1.11.23,PST,326,"iPad4,4",Handheld,Apple A7 GPU,English,2,0,IPhonePlayer,972,0,1,800,0,217,925
ucsfww0007,2019-09-12T16:24:25.046Z,2019-09-12T16:24:25.046Z,,Right,0,58.0902519,54.73906,Successful,Real,iOS 12.4.1,1536,2048,1.11.23,PST,326,"iPad4,4",Handheld,Apple A7 GPU,English,2,0,IPhonePlayer,972,0,1,1000,1,1133,975
ucsfww0007,2019-09-12T16:24:25.046Z,2019-09-12T16:24:25.046Z,,Right,1,58.0902519,54.73906,Successful,Real,iOS 12.4.1,1536,2048,1.11.23,PST,326,"iPad4,4",Handheld,Apple A7 GPU,English,2,0,IPhonePlayer,972,0,0,800,0,0,1015
ucsfww0007,2019-09-12T16:24:25.046Z,2019-09-12T16:24:25.046Z,,Right,2,58.0902519,54.73906,Successful,Real,iOS 12.4.1,1536,2048,1.11.23,PST,326,"iPad4,4",Handheld,Apple A7 GPU,English,2,0,IPhonePlayer,972,0,1,1200,0,884,1095
ucsfww0007,2019-09-12T16:24:25.046Z,2019-09-12T16:24:25.046Z,,Right,3,58.0902519,54.73906,Successful,Real,iOS 12.4.1,1536,2048,1.11.23,PST,326,"iPad4,4",Handheld,Apple A7 GPU,English,2,0,IPhonePlayer,972,0,1,900,0,834,1085
ucsfww0007,2019-09-12T16:24:25.046Z,2019-09-12T16:24:25.046Z,,Right,4,58.0902519,54.73906,Successful,Real,iOS 12.4.1,1536,2048,1.11.23,PST,326,"iPad4,4",Handheld,Apple A7 GPU,English,2,0,IPhonePlayer,972,0,1,1100,0,467,1065
ucsfww0007,2019-09-12T16:24:25.046Z,2019-09-12T16:24:25.046Z,,Right,5,58.0902519,54.73906,Successful,Real,iOS 12.4.1,1536,2048,1.11.23,PST,326,"iPad4,4",Handheld,Apple A7 GPU,English,2,0,IPhonePlayer,972,0,1,1000,0,367,1035
ucsfww0007,2019-09-12T16:24:25.046Z,2019-09-12T16:24:25.046Z,,Right,6,58.0902519,54.73906,Successful,Real,iOS 12.4.1,1536,2048,1.11.23,PST,326,"iPad4,4",Handheld,Apple A7 GPU,English,2,0,IPhonePlayer,972,0,0,800,0,0,995
ucsfww0007,2019-09-12T16:24:25.046Z,2019-09-12T16:24:25.046Z,,Right,7,58.0902519,54.73906,Successful,Real,iOS 12.4.1,1536,2048,1.11.23,PST,326,"iPad4,4",Handheld,Apple A7 GPU,English,2,0,IPhonePlayer,972,0,1,1200,0,267,945
ucsfww0007,2019-09-12T16:24:25.046Z,2019-09-12T16:24:25.046Z,,Right,8,58.0902519,54.73906,Successful,Real,iOS 12.4.1,1536,2048,1.11.23,PST,326,"iPad4,4",Handheld,Apple A7 GPU,English,2,0,IPhonePlayer,972,0,1,900,0,684,885
ucsfww0007,2019-09-12T16:24:25.046Z,2019-09-12T16:24:25.046Z,,Right,9,58.0902519,54.73906,Successful,Real,iOS 12.4.1,1536,2048,1.11.23,PST,326,"iPad4,4",Handheld,Apple A7 GPU,English,2,0,IPhonePlayer,972,0,1,1100,0,500,815
ucsfww0007,2019-09-12T16:24:25.046Z,2019-09-12T16:24:25.046Z,,RightThumb,0,58.0902519,54.73906,Successful,Real,iOS 12.4.1,1536,2048,1.11.23,PST,326,"iPad4,4",Handheld,Apple A7 GPU,English,2,0,IPhonePlayer,972,0,1,900,1,1833,975
ucsfww0007,2019-09-12T16:24:25.046Z,2019-09-12T16:24:25.046Z,,RightThumb,1,58.0902519,54.73906,Successful,Real,iOS 12.4.1,1536,2048,1.11.23,PST,326,"iPad4,4",Handheld,Apple A7 GPU,English,2,0,IPhonePlayer,972,0,1,1200,0,217,1015
ucsfww0007,2019-09-12T16:24:25.046Z,2019-09-12T16:24:25.046Z,,RightThumb,2,58.0902519,54.73906,Successful,Real,iOS 12.4.1,1536,2048,1.11.23,PST,326,"iPad4,4",Handheld,Apple A7 GPU,English,2,0,IPhonePlayer,972,0,1,1000,0,568,1005
ucsfww0007,2019-09-12T16:24:25.046Z,2019-09-12T16:24:25.046Z,,RightThumb,3,58.0902519,54.73906,Successful,Real,iOS 12.4.1,1536,2048,1.11.23,PST,326,"iPad4,4",Handheld,Apple A7 GPU,English,2,0,IPhonePlayer,972,0,0,1100,0,0,985
ucsfww0007,2019-09-12T16:24:25.046Z,2019-09-12T16:24:25.046Z,,RightThumb,4,58.0902519,54.73906,Successful,Real,iOS 12.4.1,1536,2048,1.11.23,PST,326,"iPad4,4",Handheld,Apple A7 GPU,English,2,0,IPhonePlayer,972,0,1,800,1,1733,1025
ucsfww0007,2019-09-12T16:24:25.046Z,2019-09-12T16:24:25.046Z,,RightThumb,5,58.0902519,54.73906,Successful,Real,iOS 12.4.1,1536,2048,1.11.23,PST,326,"iPad4,4",Handheld,Apple A7 GPU,English,2,0,IPhonePlayer,972,0,0,900,0,51,1105
ucsfww0007,2019-09-12T16:24:25.046Z,2019-09-12T16:24:25.046Z,,RightThumb,6,58.0902519,54.73906,Successful,Real,iOS 12.4.1,1536,2048,1.11.23,PST,326,"iPad4,4",Handheld,Apple A7 GPU,English,2,0,IPhonePlayer,972,0,1,1100,0,900,1225
ucsfww0007,2019-09-12T16:24:25.046Z,2019-09-12T16:24:25.046Z,,RightThumb,7,58.0902519,54.73906,Successful,Real,iOS 12.4.1,1536,2048,1.11.23,PST,326,"iPad4,4",Handheld,Apple A7 GPU,English,2,0,IPhonePlayer,972,0,0,1200,0,0,1215
ucsfww0007,2019-09-12T16:24:25.046Z,2019-09-12T16:24:25.046Z,,RightThumb,8,58.0902519,54.73906,Successful,Real,iOS 12.4.1,1536,2048,1.11.23,PST,326,"iPad4,4",Handheld,Apple A7 GPU,English,2,0,IPhonePlayer,972,0,1,1000,0,634,1255
ucsfww0007,2019-09-12T16:24:25.046Z,2019-09-12T16:24:25.046Z,,RightThumb,9,58.0902519,54.73906,Successful,Real,iOS 12.4.1,1536,2048,1.11.23,PST,326,"iPad4,4",Handheld,Apple A7 GPU,English,2,0,IPhonePlayer,972,0,0,800,0,51,1245
ucsfww0008,2019-09-12T16:21:33.349Z,2019-09-12T16:21:33.349Z,,Left,0,55.84098,106.795372,TimeOut,StartingWindow,iOS 12.4.1,1536,2048,1.11.23,PST,326,"iPad4,4",Handheld,Apple A7 GPU,English,2,0,IPhonePlayer,972,0,0,1100,0,84,5000
ucsfww0008,2019-09-12T16:21:33.349Z,2019-09-12T16:21:33.349Z,,Left,1,55.84098,106.795372,TimeOut,StartingWindow,iOS 12.4.1,1536,2048,1.11.23,PST,326,"iPad4,4",Handheld,Apple A7 GPU,English,2,0,IPhonePlayer,972,0,0,1000,0,0,5000
ucsfww0008,2019-09-12T16:21:50.776Z,2019-09-12T16:21:50.776Z,,Left,0,55.4618149,114.8588,TimeOut,StartingWindow,iOS 12.4.1,1536,2048,1.11.23,PST,326,"iPad4,4",Handheld,Apple A7 GPU,English,2,0,IPhonePlayer,972,0,0,1100,0,0,5000
ucsfww0008,2019-09-12T16:22:06.729Z,2019-09-12T16:22:06.729Z,,Left,0,55.5619926,113.993835,Successful,StartingWindow,iOS 12.4.1,1536,2048,1.11.23,PST,326,"iPad4,4",Handheld,Apple A7 GPU,English,2,0,IPhonePlayer,972,0,1,1100,0,1134,5000
ucsfww0008,2019-09-12T16:22:06.729Z,2019-09-12T16:22:06.729Z,,Left,1,55.5619926,113.993835,Successful,StartingWindow,iOS 12.4.1,1536,2048,1.11.23,PST,326,"iPad4,4",Handheld,Apple A7 GPU,English,2,0,IPhonePlayer,972,0,1,900,0,651,5000
ucsfww0008,2019-09-12T16:22:06.729Z,2019-09-12T16:22:06.729Z,,Left,2,55.5619926,113.993835,Successful,StartingWindow,iOS 12.4.1,1536,2048,1.11.23,PST,326,"iPad4,4",Handheld,Apple A7 GPU,English,2,0,IPhonePlayer,972,0,1,800,0,467,5000
ucsfww0008,2019-09-12T16:22:06.729Z,2019-09-12T16:22:06.729Z,,Left,3,55.5619926,113.993835,Successful,StartingWindow,iOS 12.4.1,1536,2048,1.11.23,PST,326,"iPad4,4",Handheld,Apple A7 GPU,English,2,0,IPhonePlayer,972,0,1,1200,0,434,5000
ucsfww0008,2019-09-12T16:22:06.729Z,2019-09-12T16:22:06.729Z,,Left,4,55.5619926,113.993835,Successful,StartingWindow,iOS 12.4.1,1536,2048,1.11.23,PST,326,"iPad4,4",Handheld,Apple A7 GPU,English,2,0,IPhonePlayer,972,0,1,1000,0,384,5000
ucsfww0008,2019-09-12T16:22:06.729Z,2019-09-12T16:22:06.729Z,,LeftThumb,0,55.5619926,113.993835,Successful,StartingWindow,iOS 12.4.1,1536,2048,1.11.23,PST,326,"iPad4,4",Handheld,Apple A7 GPU,English,2,0,IPhonePlayer,972,0,1,800,0,517,5000
ucsfww0008,2019-09-12T16:22:06.729Z,2019-09-12T16:22:06.729Z,,LeftThumb,1,55.5619926,113.993835,Successful,StartingWindow,iOS 12.4.1,1536,2048,1.11.23,PST,326,"iPad4,4",Handheld,Apple A7 GPU,English,2,0,IPhonePlayer,972,0,1,900,0,384,5000
ucsfww0008,2019-09-12T16:22:06.729Z,2019-09-12T16:22:06.729Z,,LeftThumb,2,55.5619926,113.993835,Successful,StartingWindow,iOS 12.4.1,1536,2048,1.11.23,PST,326,"iPad4,4",Handheld,Apple A7 GPU,English,2,0,IPhonePlayer,972,0,1,1000,0,350,5000
ucsfww0008,2019-09-12T16:22:06.729Z,2019-09-12T16:22:06.729Z,,LeftThumb,3,55.5619926,113.993835,Successful,StartingWindow,iOS 12.4.1,1536,2048,1.11.23,PST,326,"iPad4,4",Handheld,Apple A7 GPU,English,2,0,IPhonePlayer,972,0,1,1100,0,384,5000
ucsfww0008,2019-09-12T16:22:06.729Z,2019-09-12T16:22:06.729Z,,LeftThumb,4,55.5619926,113.993835,Successful,StartingWindow,iOS 12.4.1,1536,2048,1.11.23,PST,326,"iPad4,4",Handheld,Apple A7 GPU,English,2,0,IPhonePlayer,972,0,1,1200,0,534,5000
ucsfww0008,2019-09-12T16:22:06.729Z,2019-09-12T16:22:06.729Z,,Right,0,55.5619926,113.993835,Successful,StartingWindow,iOS 12.4.1,1536,2048,1.11.23,PST,326,"iPad4,4",Handheld,Apple A7 GPU,English,2,0,IPhonePlayer,972,0,1,800,0,717,5000
ucsfww0008,2019-09-12T16:22:06.729Z,2019-09-12T16:22:06.729Z,,Right,1,55.5619926,113.993835,Successful,StartingWindow,iOS 12.4.1,1536,2048,1.11.23,PST,326,"iPad4,4",Handheld,Apple A7 GPU,English,2,0,IPhonePlayer,972,0,1,1200,0,417,5000
ucsfww0008,2019-09-12T16:22:06.729Z,2019-09-12T16:22:06.729Z,,Right,2,55.5619926,113.993835,Successful,StartingWindow,iOS 12.4.1,1536,2048,1.11.23,PST,326,"iPad4,4",Handheld,Apple A7 GPU,English,2,0,IPhonePlayer,972,0,1,1000,0,384,5000
ucsfww0008,2019-09-12T16:22:06.729Z,2019-09-12T16:22:06.729Z,,Right,3,55.5619926,113.993835,Successful,StartingWindow,iOS 12.4.1,1536,2048,1.11.23,PST,326,"iPad4,4",Handheld,Apple A7 GPU,English,2,0,IPhonePlayer,972,0,1,900,0,567,5000
ucsfww0008,2019-09-12T16:22:06.729Z,2019-09-12T16:22:06.729Z,,Right,4,55.5619926,113.993835,Successful,StartingWindow,iOS 12.4.1,1536,2048,1.11.23,PST,326,"iPad4,4",Handheld,Apple A7 GPU,English,2,0,IPhonePlayer,972,0,1,1100,0,434,5000
ucsfww0008,2019-09-12T16:22:06.729Z,2019-09-12T16:22:06.729Z,,RightThumb,0,55.5619926,113.993835,Successful,StartingWindow,iOS 12.4.1,1536,2048,1.11.23,PST,326,"iPad4,4",Handheld,Apple A7 GPU,English,2,0,IPhonePlayer,972,0,1,800,0,484,5000
ucsfww0008,2019-09-12T16:22:06.729Z,2019-09-12T16:22:06.729Z,,RightThumb,1,55.5619926,113.993835,Successful,StartingWindow,iOS 12.4.1,1536,2048,1.11.23,PST,326,"iPad4,4",Handheld,Apple A7 GPU,English,2,0,IPhonePlayer,972,0,1,1200,0,400,5000
ucsfww0008,2019-09-12T16:22:06.729Z,2019-09-12T16:22:06.729Z,,RightThumb,2,55.5619926,113.993835,Successful,StartingWindow,iOS 12.4.1,1536,2048,1.11.23,PST,326,"iPad4,4",Handheld,Apple A7 GPU,English,2,0,IPhonePlayer,972,0,1,1100,0,484,5000
ucsfww0008,2019-09-12T16:22:06.729Z,2019-09-12T16:22:06.729Z,,RightThumb,3,55.5619926,113.993835,Successful,StartingWindow,iOS 12.4.1,1536,2048,1.11.23,PST,326,"iPad4,4",Handheld,Apple A7 GPU,English,2,0,IPhonePlayer,972,0,1,900,0,568,5000
ucsfww0008,2019-09-12T16:22:06.729Z,2019-09-12T16:22:06.729Z,,RightThumb,4,55.5619926,113.993835,Successful,StartingWindow,iOS 12.4.1,1536,2048,1.11.23,PST,326,"iPad4,4",Handheld,Apple A7 GPU,English,2,0,IPhonePlayer,972,0,1,1000,0,434,5000
ucsfww0008,2019-09-12T16:23:12.563Z,2019-09-12T16:23:12.563Z,,Left,0,56.22008,101.929451,Successful,Real,iOS 12.4.1,1536,2048,1.11.23,PST,326,"iPad4,4",Handheld,Apple A7 GPU,English,2,0,IPhonePlayer,972,0,1,1100,0,417,566
ucsfww0008,2019-09-12T16:23:12.563Z,2019-09-12T16:23:12.563Z,,Left,1,56.22008,101.929451,Successful,Real,iOS 12.4.1,1536,2048,1.11.23,PST,326,"iPad4,4",Handheld,Apple A7 GPU,English,2,0,IPhonePlayer,972,0,1,800,0,467,556
ucsfww0008,2019-09-12T16:23:12.563Z,2019-09-12T16:23:12.563Z,,Left,2,56.22008,101.929451,Successful,Real,iOS 12.4.1,1536,2048,1.11.23,PST,326,"iPad4,4",Handheld,Apple A7 GPU,English,2,0,IPhonePlayer,972,0,1,900,0,318,536
ucsfww0008,2019-09-12T16:23:12.563Z,2019-09-12T16:23:12.563Z,,Left,3,56.22008,101.929451,Successful,Real,iOS 12.4.1,1536,2048,1.11.23,PST,326,"iPad4,4",Handheld,Apple A7 GPU,English,2,0,IPhonePlayer,972,0,1,1200,0,384,506
ucsfww0008,2019-09-12T16:23:12.563Z,2019-09-12T16:23:12.563Z,,Left,4,56.22008,101.929451,Successful,Real,iOS 12.4.1,1536,2048,1.11.23,PST,326,"iPad4,4",Handheld,Apple A7 GPU,English,2,0,IPhonePlayer,972,0,1,1000,0,367,466
ucsfww0008,2019-09-12T16:23:12.563Z,2019-09-12T16:23:12.563Z,,Left,5,56.22008,101.929451,Successful,Real,iOS 12.4.1,1536,2048,1.11.23,PST,326,"iPad4,4",Handheld,Apple A7 GPU,English,2,0,IPhonePlayer,972,0,1,1000,0,350,416
ucsfww0008,2019-09-12T16:23:12.563Z,2019-09-12T16:23:12.563Z,,Left,6,56.22008,101.929451,Successful,Real,iOS 12.4.1,1536,2048,1.11.23,PST,326,"iPad4,4",Handheld,Apple A7 GPU,English,2,0,IPhonePlayer,972,0,1,900,1,534,356
ucsfww0008,2019-09-12T16:23:12.563Z,2019-09-12T16:23:12.563Z,,Left,7,56.22008,101.929451,Successful,Real,iOS 12.4.1,1536,2048,1.11.23,PST,326,"iPad4,4",Handheld,Apple A7 GPU,English,2,0,IPhonePlayer,972,0,1,800,1,766,396
ucsfww0008,2019-09-12T16:23:12.563Z,2019-09-12T16:23:12.563Z,,Left,8,56.22008,101.929451,Successful,Real,iOS 12.4.1,1536,2048,1.11.23,PST,326,"iPad4,4",Handheld,Apple A7 GPU,English,2,0,IPhonePlayer,972,0,1,1200,0,334,476
ucsfww0008,2019-09-12T16:23:12.563Z,2019-09-12T16:23:12.563Z,,Left,9,56.22008,101.929451,Successful,Real,iOS 12.4.1,1536,2048,1.11.23,PST,326,"iPad4,4",Handheld,Apple A7 GPU,English,2,0,IPhonePlayer,972,0,1,1100,0,368,466
ucsfww0008,2019-09-12T16:23:12.563Z,2019-09-12T16:23:12.563Z,,LeftThumb,0,56.22008,101.929451,Successful,Real,iOS 12.4.1,1536,2048,1.11.23,PST,326,"iPad4,4",Handheld,Apple A7 GPU,English,2,0,IPhonePlayer,972,0,1,900,0,350,566
ucsfww0008,2019-09-12T16:23:12.563Z,2019-09-12T16:23:12.563Z,,LeftThumb,1,56.22008,101.929451,Successful,Real,iOS 12.4.1,1536,2048,1.11.23,PST,326,"iPad4,4",Handheld,Apple A7 GPU,English,2,0,IPhonePlayer,972,0,1,1100,0,384,556
ucsfww0008,2019-09-12T16:23:12.563Z,2019-09-12T16:23:12.563Z,,LeftThumb,2,56.22008,101.929451,Successful,Real,iOS 12.4.1,1536,2048,1.11.23,PST,326,"iPad4,4",Handheld,Apple A7 GPU,English,2,0,IPhonePlayer,972,0,1,1200,0,351,536
ucsfww0008,2019-09-12T16:23:12.563Z,2019-09-12T16:23:12.563Z,,LeftThumb,3,56.22008,101.929451,Successful,Real,iOS 12.4.1,1536,2048,1.11.23,PST,326,"iPad4,4",Handheld,Apple A7 GPU,English,2,0,IPhonePlayer,972,0,1,1000,0,467,506
ucsfww0008,2019-09-12T16:23:12.563Z,2019-09-12T16:23:12.563Z,,LeftThumb,4,56.22008,101.929451,Successful,Real,iOS 12.4.1,1536,2048,1.11.23,PST,326,"iPad4,4",Handheld,Apple A7 GPU,English,2,0,IPhonePlayer,972,0,1,800,1,533,466
ucsfww0008,2019-09-12T16:23:12.563Z,2019-09-12T16:23:12.563Z,,LeftThumb,5,56.22008,101.929451,Successful,Real,iOS 12.4.1,1536,2048,1.11.23,PST,326,"iPad4,4",Handheld,Apple A7 GPU,English,2,0,IPhonePlayer,972,0,1,1100,0,384,506
ucsfww0008,2019-09-12T16:23:12.563Z,2019-09-12T16:23:12.563Z,,LeftThumb,6,56.22008,101.929451,Successful,Real,iOS 12.4.1,1536,2048,1.11.23,PST,326,"iPad4,4",Handheld,Apple A7 GPU,English,2,0,IPhonePlayer,972,0,1,900,0,451,496
ucsfww0008,2019-09-12T16:23:12.563Z,2019-09-12T16:23:12.563Z,,LeftThumb,7,56.22008,101.929451,Successful,Real,iOS 12.4.1,1536,2048,1.11.23,PST,326,"iPad4,4",Handheld,Apple A7 GPU,English,2,0,IPhonePlayer,972,0,1,1200,0,400,476
ucsfww0008,2019-09-12T16:23:12.563Z,2019-09-12T16:23:12.563Z,,LeftThumb,8,56.22008,101.929451,Successful,Real,iOS 12.4.1,1536,2048,1.11.23,PST,326,"iPad4,4",Handheld,Apple A7 GPU,English,2,0,IPhonePlayer,972,0,1,1000,1,484,446
ucsfww0008,2019-09-12T16:23:12.563Z,2019-09-12T16:23:12.563Z,,LeftThumb,9,56.22008,101.929451,Successful,Real,iOS 12.4.1,1536,2048,1.11.23,PST,326,"iPad4,4",Handheld,Apple A7 GPU,English,2,0,IPhonePlayer,972,0,1,800,1,500,486
ucsfww0008,2019-09-12T16:23:12.563Z,2019-09-12T16:23:12.563Z,,Right,0,56.22008,101.929451,Successful,Real,iOS 12.4.1,1536,2048,1.11.23,PST,326,"iPad4,4",Handheld,Apple A7 GPU,English,2,0,IPhonePlayer,972,0,1,1000,0,350,566
ucsfww0008,2019-09-12T16:23:12.563Z,2019-09-12T16:23:12.563Z,,Right,1,56.22008,101.929451,Successful,Real,iOS 12.4.1,1536,2048,1.11.23,PST,326,"iPad4,4",Handheld,Apple A7 GPU,English,2,0,IPhonePlayer,972,0,1,1100,0,384,556
ucsfww0008,2019-09-12T16:23:12.563Z,2019-09-12T16:23:12.563Z,,Right,2,56.22008,101.929451,Successful,Real,iOS 12.4.1,1536,2048,1.11.23,PST,326,"iPad4,4",Handheld,Apple A7 GPU,English,2,0,IPhonePlayer,972,0,1,900,0,384,536
ucsfww0008,2019-09-12T16:23:12.563Z,2019-09-12T16:23:12.563Z,,Right,3,56.22008,101.929451,Successful,Real,iOS 12.4.1,1536,2048,1.11.23,PST,326,"iPad4,4",Handheld,Apple A7 GPU,English,2,0,IPhonePlayer,972,0,1,1200,0,334,506
ucsfww0008,2019-09-12T16:23:12.563Z,2019-09-12T16:23:12.563Z,,Right,4,56.22008,101.929451,Successful,Real,iOS 12.4.1,1536,2048,1.11.23,PST,326,"iPad4,4",Handheld,Apple A7 GPU,English,2,0,IPhonePlayer,972,0,1,800,1,534,466
ucsfww0008,2019-09-12T16:23:12.563Z,2019-09-12T16:23:12.563Z,,Right,5,56.22008,101.929451,Successful,Real,iOS 12.4.1,1536,2048,1.11.23,PST,326,"iPad4,4",Handheld,Apple A7 GPU,English,2,0,IPhonePlayer,972,0,1,1100,0,368,506
ucsfww0008,2019-09-12T16:23:12.563Z,2019-09-12T16:23:12.563Z,,Right,6,56.22008,101.929451,Successful,Real,iOS 12.4.1,1536,2048,1.11.23,PST,326,"iPad4,4",Handheld,Apple A7 GPU,English,2,0,IPhonePlayer,972,0,1,900,0,417,496
ucsfww0008,2019-09-12T16:23:12.563Z,2019-09-12T16:23:12.563Z,,Right,7,56.22008,101.929451,Successful,Real,iOS 12.4.1,1536,2048,1.11.23,PST,326,"iPad4,4",Handheld,Apple A7 GPU,English,2,0,IPhonePlayer,972,0,1,1000,0,300,476
ucsfww0008,2019-09-12T16:23:12.563Z,2019-09-12T16:23:12.563Z,,Right,8,56.22008,101.929451,Successful,Real,iOS 12.4.1,1536,2048,1.11.23,PST,326,"iPad4,4",Handheld,Apple A7 GPU,English,2,0,IPhonePlayer,972,0,1,1200,0,301,446
ucsfww0008,2019-09-12T16:23:12.563Z,2019-09-12T16:23:12.563Z,,Right,9,56.22008,101.929451,Successful,Real,iOS 12.4.1,1536,2048,1.11.23,PST,326,"iPad4,4",Handheld,Apple A7 GPU,English,2,0,IPhonePlayer,972,0,1,800,1,433,406
ucsfww0008,2019-09-12T16:23:12.563Z,2019-09-12T16:23:12.563Z,,RightThumb,0,56.22008,101.929451,Successful,Real,iOS 12.4.1,1536,2048,1.11.23,PST,326,"iPad4,4",Handheld,Apple A7 GPU,English,2,0,IPhonePlayer,972,0,1,1000,1,817,566
ucsfww0008,2019-09-12T16:23:12.563Z,2019-09-12T16:23:12.563Z,,RightThumb,1,56.22008,101.929451,Successful,Real,iOS 12.4.1,1536,2048,1.11.23,PST,326,"iPad4,4",Handheld,Apple A7 GPU,English,2,0,IPhonePlayer,972,0,1,900,0,334,606
ucsfww0008,2019-09-12T16:23:12.563Z,2019-09-12T16:23:12.563Z,,RightThumb,2,56.22008,101.929451,Successful,Real,iOS 12.4.1,1536,2048,1.11.23,PST,326,"iPad4,4",Handheld,Apple A7 GPU,English,2,0,IPhonePlayer,972,0,1,1200,0,384,596
ucsfww0008,2019-09-12T16:23:12.563Z,2019-09-12T16:23:12.563Z,,RightThumb,3,56.22008,101.929451,Successful,Real,iOS 12.4.1,1536,2048,1.11.23,PST,326,"iPad4,4",Handheld,Apple A7 GPU,English,2,0,IPhonePlayer,972,0,1,800,0,484,576
ucsfww0008,2019-09-12T16:23:12.563Z,2019-09-12T16:23:12.563Z,,RightThumb,4,56.22008,101.929451,Successful,Real,iOS 12.4.1,1536,2048,1.11.23,PST,326,"iPad4,4",Handheld,Apple A7 GPU,English,2,0,IPhonePlayer,972,0,1,1100,0,384,546
ucsfww0008,2019-09-12T16:23:12.563Z,2019-09-12T16:23:12.563Z,,RightThumb,5,56.22008,101.929451,Successful,Real,iOS 12.4.1,1536,2048,1.11.23,PST,326,"iPad4,4",Handheld,Apple A7 GPU,English,2,0,IPhonePlayer,972,0,1,800,0,467,506
ucsfww0008,2019-09-12T16:23:12.563Z,2019-09-12T16:23:12.563Z,,RightThumb,6,56.22008,101.929451,Successful,Real,iOS 12.4.1,1536,2048,1.11.23,PST,326,"iPad4,4",Handheld,Apple A7 GPU,English,2,0,IPhonePlayer,972,0,1,1100,0,368,456
ucsfww0008,2019-09-12T16:23:12.563Z,2019-09-12T16:23:12.563Z,,RightThumb,7,56.22008,101.929451,Successful,Real,iOS 12.4.1,1536,2048,1.11.23,PST,326,"iPad4,4",Handheld,Apple A7 GPU,English,2,0,IPhonePlayer,972,0,1,1000,1,416,396
ucsfww0008,2019-09-12T16:23:12.563Z,2019-09-12T16:23:12.563Z,,RightThumb,8,56.22008,101.929451,Successful,Real,iOS 12.4.1,1536,2048,1.11.23,PST,326,"iPad4,4",Handheld,Apple A7 GPU,English,2,0,IPhonePlayer,972,0,1,900,0,384,436
ucsfww0008,2019-09-12T16:23:12.563Z,2019-09-12T16:23:12.563Z,,RightThumb,9,56.22008,101.929451,Successful,Real,iOS 12.4.1,1536,2048,1.11.23,PST,326,"iPad4,4",Handheld,Apple A7 GPU,English,2,0,IPhonePlayer,972,0,0,1200,0,101,426