Participant Id,Time Gameplayed Utc,Time Sent Utc,Detail,Condition,Trial Number,FPS Mean,FPS Variance,Finish Status,Session Type,Finger Used,OS Version,Screen Height,Screen Width,Build,Client Time Zone,Device DPI,Device Model,Device Type,Graphics Device Name,I18n,Processor Count,Processor Frequency,Runtime Platform,System Memory Size,Times Finished Game,Correct Button,Object Count,Point 0 RT,Point 1 RT,Point 10 RT,Point 11 RT,Point 12 RT,Point 13 RT,Point 14 RT,Point 2 RT,Point 3 RT,Point 4 RT,Point 5 RT,Point 6 RT,Point 7 RT,Point 8 RT,Point 9 RT,Response Time,Response Window,Stimulus Array Time,Tap 0 RT,Tap 1 RT,Tap 10 RT,Tap 11 RT,Tap 12 RT,Tap 13 RT,Tap 14 RT,Tap 2 RT,Tap 3 RT,Tap 4 RT,Tap 5 RT,Tap 6 RT,Tap 7 RT,Tap 8 RT,Tap 9 RT,Total Taps
nsinternal_ag,2020-05-20T00:26:18.968Z,2020-05-20T00:26:18.968Z,,default,0,118.999809,92.22048,Successful,Real,N/A,Mac OS X 10_15_4,799,1198,1.16.35,PST,0,Safari 13.1,Desktop,Intel(R) UHD Graphics 630,English,1,0,WebGLPlayer,256,0,1,3,"{99, 293}","{230, 224}",N/A,N/A,N/A,N/A,N/A,"{446, 61}",N/A,N/A,N/A,N/A,N/A,N/A,N/A,3149,8000,4000,1166,933,N/A,N/A,N/A,N/A,N/A,1050,N/A,N/A,N/A,N/A,N/A,N/A,N/A,3
nsinternal_ag,2020-05-20T00:26:18.968Z,2020-05-20T00:26:18.968Z,,default,1,119.037064,91.91295,Successful,Real,N/A,Mac OS X 10_15_4,799,1198,1.16.35,PST,0,Safari 13.1,Desktop,Intel(R) UHD Graphics 630,English,1,0,WebGLPlayer,256,0,1,3,"{456, 183}","{230, 224}",N/A,N/A,N/A,N/A,N/A,"{591, 244}",N/A,N/A,N/A,N/A,N/A,N/A,N/A,2717,8000,4000,900,900,N/A,N/A,N/A,N/A,N/A,917,N/A,N/A,N/A,N/A,N/A,N/A,N/A,3
nsinternal_ag,2020-05-20T00:26:18.968Z,2020-05-20T00:26:18.968Z,,default,2,119.102631,91.76923,Successful,Real,N/A,Mac OS X 10_15_4,799,1198,1.16.35,PST,0,Safari 13.1,Desktop,Intel(R) UHD Graphics 630,English,1,0,WebGLPlayer,256,0,1,4,"{456, 183}","{99, 293}",N/A,N/A,N/A,N/A,N/A,"{640, 122}","{230, 224}",N/A,N/A,N/A,N/A,N/A,N/A,9466,9000,5000,583,917,N/A,N/A,N/A,N/A,N/A,1600,6366,N/A,N/A,N/A,N/A,N/A,N/A,4
nsinternal_ag,2020-05-20T00:26:18.968Z,2020-05-20T00:26:18.968Z,,default,3,119.149376,91.38483,Successful,Real,N/A,Mac OS X 10_15_4,799,1198,1.16.35,PST,0,Safari 13.1,Desktop,Intel(R) UHD Graphics 630,English,1,0,WebGLPlayer,256,0,1,4,"{249, 41}","{640, 122}",N/A,N/A,N/A,N/A,N/A,"{99, 293}","{49, 102}",N/A,N/A,N/A,N/A,N/A,N/A,4650,9000,5000,834,850,N/A,N/A,N/A,N/A,N/A,949,2017,N/A,N/A,N/A,N/A,N/A,N/A,4
nsinternal_ag,2020-05-20T00:26:18.968Z,2020-05-20T00:26:18.968Z,,default,4,119.195007,91.1495056,Successful,Real,N/A,Mac OS X 10_15_4,799,1198,1.16.35,PST,0,Safari 13.1,Desktop,Intel(R) UHD Graphics 630,English,1,0,WebGLPlayer,256,0,1,5,"{99, 293}","{427, 315}",N/A,N/A,N/A,N/A,N/A,"{591, 244}","{230, 224}","{249, 41}",N/A,N/A,N/A,N/A,N/A,5517,10000,6000,867,867,N/A,N/A,N/A,N/A,N/A,1216,1634,933,N/A,N/A,N/A,N/A,N/A,5
nsinternal_ag,2020-05-20T00:26:18.968Z,2020-05-20T00:26:18.968Z,,default,5,119.218681,91.10532,Successful,Real,N/A,Mac OS X 10_15_4,799,1198,1.16.35,PST,0,Safari 13.1,Desktop,Intel(R) UHD Graphics 630,English,1,0,WebGLPlayer,256,0,0,5,"{640, 122}","{230, 224}",N/A,N/A,N/A,N/A,N/A,"{99, 293}","{456, 183}","{446, 61}",N/A,N/A,N/A,N/A,N/A,483,10000,6000,483,N/A,N/A,N/A,N/A,N/A,N/A,N/A,N/A,N/A,N/A,N/A,N/A,N/A,N/A,1
nsinternal_ag,2020-05-20T00:26:18.968Z,2020-05-20T00:26:18.968Z,,default,6,119.246368,90.89391,Successful,Real,N/A,Mac OS X 10_15_4,799,1198,1.16.35,PST,0,Safari 13.1,Desktop,Intel(R) UHD Graphics 630,English,1,0,WebGLPlayer,256,0,0,5,"{249, 41}","{446, 61}",N/A,N/A,N/A,N/A,N/A,"{640, 122}","{427, 315}","{230, 224}",N/A,N/A,N/A,N/A,N/A,2800,10000,6000,2800,N/A,N/A,N/A,N/A,N/A,N/A,N/A,N/A,N/A,N/A,N/A,N/A,N/A,N/A,1
nsinternal_ag,2020-05-20T00:26:18.968Z,2020-05-20T00:26:18.968Z,,default,7,119.244949,90.6079,Successful,Real,N/A,Mac OS X 10_15_4,799,1198,1.16.35,PST,0,Safari 13.1,Desktop,Intel(R) UHD Graphics 630,English,1,0,WebGLPlayer,256,0,1,5,"{230, 224}","{640, 122}",N/A,N/A,N/A,N/A,N/A,"{456, 183}","{591, 244}","{249, 41}",N/A,N/A,N/A,N/A,N/A,4617,10000,6000,733,933,N/A,N/A,N/A,N/A,N/A,667,1234,1050,N/A,N/A,N/A,N/A,N/A,5
nsinternal_ag,2020-05-20T00:26:18.968Z,2020-05-20T00:26:18.968Z,,default,8,119.25309,90.0664749,Successful,Real,N/A,Mac OS X 10_15_4,799,1198,1.16.35,PST,0,Safari 13.1,Desktop,Intel(R) UHD Graphics 630,English,1,0,WebGLPlayer,256,0,1,5,"{99, 293}","{249, 41}",N/A,N/A,N/A,N/A,N/A,"{230, 224}","{591, 244}","{49, 102}",N/A,N/A,N/A,N/A,N/A,4684,10000,6000,1050,917,N/A,N/A,N/A,N/A,N/A,800,900,1017,N/A,N/A,N/A,N/A,N/A,5
nsinternal_ag,2020-05-20T00:26:18.968Z,2020-05-20T00:26:18.968Z,,default,9,119.259712,89.80457,Successful,Real,N/A,Mac OS X 10_15_4,799,1198,1.16.35,PST,0,Safari 13.1,Desktop,Intel(R) UHD Graphics 630,English,1,0,WebGLPlayer,256,0,0,6,"{446, 61}","{49, 102}",N/A,N/A,N/A,N/A,N/A,"{456, 183}","{230, 224}","{427, 315}","{249, 41}",N/A,N/A,N/A,N/A,433,11000,7000,433,N/A,N/A,N/A,N/A,N/A,N/A,N/A,N/A,N/A,N/A,N/A,N/A,N/A,N/A,1
nsinternal_ag,2020-05-20T00:26:18.968Z,2020-05-20T00:26:18.968Z,,default,10,119.267349,89.506485,Successful,Real,N/A,Mac OS X 10_15_4,799,1198,1.16.35,PST,0,Safari 13.1,Desktop,Intel(R) UHD Graphics 630,English,1,0,WebGLPlayer,256,0,0,6,"{249, 41}","{446, 61}",N/A,N/A,N/A,N/A,N/A,"{640, 122}","{49, 102}","{99, 293}","{427, 315}",N/A,N/A,N/A,N/A,1467,11000,7000,1467,N/A,N/A,N/A,N/A,N/A,N/A,N/A,N/A,N/A,N/A,N/A,N/A,N/A,N/A,1
nsinternal_ag,2020-05-20T00:26:18.968Z,2020-05-20T00:26:18.968Z,,default,11,119.275757,89.28689,Successful,Real,N/A,Mac OS X 10_15_4,799,1198,1.16.35,PST,0,Safari 13.1,Desktop,Intel(R) UHD Graphics 630,English,1,0,WebGLPlayer,256,0,0,6,"{249, 41}","{99, 293}",N/A,N/A,N/A,N/A,N/A,"{49, 102}","{591, 244}","{230, 224}","{640, 122}",N/A,N/A,N/A,N/A,2167,11000,7000,2167,N/A,N/A,N/A,N/A,N/A,N/A,N/A,N/A,N/A,N/A,N/A,N/A,N/A,N/A,1
nsinternal_ag,2020-05-20T00:23:07.848Z,2020-05-20T00:23:07.848Z,,default,0,119.205734,87.5270157,Successful,StartingWindow,N/A,Mac OS X 10_15_4,799,1198,1.16.35,PST,0,Safari 13.1,Desktop,Intel(R) UHD Graphics 630,English,1,0,WebGLPlayer,256,0,1,3,"{99, 293}","{230, 224}",N/A,N/A,N/A,N/A,N/A,"{446, 61}",N/A,N/A,N/A,N/A,N/A,N/A,N/A,2650,-1,4000,1283,600,N/A,N/A,N/A,N/A,N/A,767,N/A,N/A,N/A,N/A,N/A,N/A,N/A,3
nsinternal_ag,2020-05-20T00:23:07.848Z,2020-05-20T00:23:07.848Z,,default,1,119.06971,86.31902,Successful,StartingWindow,N/A,Mac OS X 10_15_4,799,1198,1.16.35,PST,0,Safari 13.1,Desktop,Intel(R) UHD Graphics 630,English,1,0,WebGLPlayer,256,0,0,3,"{456, 183}","{230, 224}",N/A,N/A,N/A,N/A,N/A,"{591, 244}",N/A,N/A,N/A,N/A,N/A,N/A,N/A,800,-1,4000,800,N/A,N/A,N/A,N/A,N/A,N/A,N/A,N/A,N/A,N/A,N/A,N/A,N/A,N/A,1
nsinternal_ag,2020-05-20T00:23:07.848Z,2020-05-20T00:23:07.848Z,,default,2,119.022438,85.8904648,Successful,StartingWindow,N/A,Mac OS X 10_15_4,799,1198,1.16.35,PST,0,Safari 13.1,Desktop,Intel(R) UHD Graphics 630,English,1,0,WebGLPlayer,256,0,0,3,"{427, 315}","{249, 41}",N/A,N/A,N/A,N/A,N/A,"{49, 102}",N/A,N/A,N/A,N/A,N/A,N/A,N/A,933,-1,4000,933,N/A,N/A,N/A,N/A,N/A,N/A,N/A,N/A,N/A,N/A,N/A,N/A,N/A,N/A,1
nsinternal_ag,2020-05-20T00:25:12.463Z,2020-05-20T00:25:12.463Z,,default,0,119.195534,92.7312,Successful,StartingWindow,N/A,Mac OS X 10_15_4,799,1198,1.16.35,PST,0,Safari 13.1,Desktop,Intel(R) UHD Graphics 630,English,1,0,WebGLPlayer,256,0,1,3,"{99, 293}","{230, 224}",N/A,N/A,N/A,N/A,N/A,"{446, 61}",N/A,N/A,N/A,N/A,N/A,N/A,N/A,7316,-1,4000,3283,1617,N/A,N/A,N/A,N/A,N/A,2416,N/A,N/A,N/A,N/A,N/A,N/A,N/A,3
nsinternal_ag,2020-05-20T00:25:12.463Z,2020-05-20T00:25:12.463Z,,default,1,119.190987,92.374054,Successful,StartingWindow,N/A,Mac OS X 10_15_4,799,1198,1.16.35,PST,0,Safari 13.1,Desktop,Intel(R) UHD Graphics 630,English,1,0,WebGLPlayer,256,0,1,3,"{456, 183}","{230, 224}",N/A,N/A,N/A,N/A,N/A,"{591, 244}",N/A,N/A,N/A,N/A,N/A,N/A,N/A,4651,-1,4000,767,1783,N/A,N/A,N/A,N/A,N/A,2101,N/A,N/A,N/A,N/A,N/A,N/A,N/A,3
nsinternal_ag,2020-05-20T00:25:12.463Z,2020-05-20T00:25:12.463Z,,default,2,119.201538,92.14086,Successful,StartingWindow,N/A,Mac OS X 10_15_4,799,1198,1.16.35,PST,0,Safari 13.1,Desktop,Intel(R) UHD Graphics 630,English,1,0,WebGLPlayer,256,0,0,4,"{456, 183}","{99, 293}",N/A,N/A,N/A,N/A,N/A,"{640, 122}","{230, 224}",N/A,N/A,N/A,N/A,N/A,N/A,433,-1,5000,433,N/A,N/A,N/A,N/A,N/A,N/A,N/A,N/A,N/A,N/A,N/A,N/A,N/A,N/A,1
nsinternal_ag,2020-05-20T00:23:43.807Z,2020-05-20T00:23:43.807Z,,default,0,119.0998,86.54793,Successful,StartingWindow,N/A,Mac OS X 10_15_4,799,1198,1.16.35,PST,0,Safari 13.1,Desktop,Intel(R) UHD Graphics 630,English,1,0,WebGLPlayer,256,0,1,3,"{99, 293}","{230, 224}",N/A,N/A,N/A,N/A,N/A,"{446, 61}",N/A,N/A,N/A,N/A,N/A,N/A,N/A,6317,-1,4000,4050,1133,N/A,N/A,N/A,N/A,N/A,1134,N/A,N/A,N/A,N/A,N/A,N/A,N/A,3
nsinternal_ag,2020-05-20T00:23:43.807Z,2020-05-20T00:23:43.807Z,,default,1,119.109909,86.20706,Successful,StartingWindow,N/A,Mac OS X 10_15_4,799,1198,1.16.35,PST,0,Safari 13.1,Desktop,Intel(R) UHD Graphics 630,English,1,0,WebGLPlayer,256,0,0,3,"{456, 183}","{230, 224}",N/A,N/A,N/A,N/A,N/A,"{591, 244}",N/A,N/A,N/A,N/A,N/A,N/A,N/A,817,-1,4000,817,N/A,N/A,N/A,N/A,N/A,N/A,N/A,N/A,N/A,N/A,N/A,N/A,N/A,N/A,1
nsinternal_ag,2020-05-20T00:23:43.807Z,2020-05-20T00:23:43.807Z,,default,2,119.136719,85.55151,Successful,StartingWindow,N/A,Mac OS X 10_15_4,799,1198,1.16.35,PST,0,Safari 13.1,Desktop,Intel(R) UHD Graphics 630,English,1,0,WebGLPlayer,256,0,0,3,"{427, 315}","{249, 41}",N/A,N/A,N/A,N/A,N/A,"{49, 102}",N/A,N/A,N/A,N/A,N/A,N/A,N/A,917,-1,4000,917,N/A,N/A,N/A,N/A,N/A,N/A,N/A,N/A,N/A,N/A,N/A,N/A,N/A,N/A,1
nsinternal_am,2020-05-25T23:21:14.486Z,2020-05-25T23:21:14.486Z,,default,0,117.574966,78.6622,Successful,StartingWindow,N/A,Mac OS X 10_13_6,511,1024,1.16.36,PST,0,Safari 12.1,Desktop,Intel Iris Pro OpenGL Engine,English,1,0,WebGLPlayer,256,0,1,3,"{99, 293}","{230, 224}",N/A,N/A,N/A,N/A,N/A,"{446, 61}",N/A,N/A,N/A,N/A,N/A,N/A,N/A,2884,-1,4000,1217,700,N/A,N/A,N/A,N/A,N/A,967,N/A,N/A,N/A,N/A,N/A,N/A,N/A,3
nsinternal_am,2020-05-25T23:21:14.486Z,2020-05-25T23:21:14.486Z,,default,1,117.355354,76.3398361,Successful,StartingWindow,N/A,Mac OS X 10_13_6,511,1024,1.16.36,PST,0,Safari 12.1,Desktop,Intel Iris Pro OpenGL Engine,English,1,0,WebGLPlayer,256,0,1,3,"{456, 183}","{230, 224}",N/A,N/A,N/A,N/A,N/A,"{591, 244}",N/A,N/A,N/A,N/A,N/A,N/A,N/A,2083,-1,4000,633,683,N/A,N/A,N/A,N/A,N/A,767,N/A,N/A,N/A,N/A,N/A,N/A,N/A,3
nsinternal_am,2020-05-25T23:21:14.486Z,2020-05-25T23:21:14.486Z,,default,2,117.466408,77.01446,Successful,StartingWindow,N/A,Mac OS X 10_13_6,511,1024,1.16.36,PST,0,Safari 12.1,Desktop,Intel Iris Pro OpenGL Engine,English,1,0,WebGLPlayer,256,0,1,4,"{456, 183}","{99, 293}",N/A,N/A,N/A,N/A,N/A,"{640, 122}","{230, 224}",N/A,N/A,N/A,N/A,N/A,N/A,2951,-1,5000,417,767,N/A,N/A,N/A,N/A,N/A,883,884,N/A,N/A,N/A,N/A,N/A,N/A,4
nsinternal_am,2020-05-25T23:21:47.024Z,2020-05-25T23:21:47.024Z,,default,0,118.381531,88.12456,Successful,Real,N/A,Mac OS X 10_13_6,511,1024,1.16.36,PST,0,Safari 12.1,Desktop,Intel Iris Pro OpenGL Engine,English,1,0,WebGLPlayer,256,0,1,3,"{99, 293}","{230, 224}",N/A,N/A,N/A,N/A,N/A,"{446, 61}",N/A,N/A,N/A,N/A,N/A,N/A,N/A,2100,8000,4000,517,650,N/A,N/A,N/A,N/A,N/A,933,N/A,N/A,N/A,N/A,N/A,N/A,N/A,3
nsinternal_am,2020-05-25T23:21:47.024Z,2020-05-25T23:21:47.024Z,,default,1,117.989487,79.62129,Successful,Real,N/A,Mac OS X 10_13_6,511,1024,1.16.36,PST,0,Safari 12.1,Desktop,Intel Iris Pro OpenGL Engine,English,1,0,WebGLPlayer,256,0,1,3,"{456, 183}","{230, 224}",N/A,N/A,N/A,N/A,N/A,"{591, 244}",N/A,N/A,N/A,N/A,N/A,N/A,N/A,2300,8000,4000,717,800,N/A,N/A,N/A,N/A,N/A,783,N/A,N/A,N/A,N/A,N/A,N/A,N/A,3
nsinternal_am,2020-05-25T23:21:47.024Z,2020-05-25T23:21:47.024Z,,default,2,118.387375,90.8574142,Successful,Real,N/A,Mac OS X 10_13_6,511,1024,1.16.36,PST,0,Safari 12.1,Desktop,Intel Iris Pro OpenGL Engine,English,1,0,WebGLPlayer,256,0,1,4,"{456, 183}","{99, 293}",N/A,N/A,N/A,N/A,N/A,"{640, 122}","{230, 224}",N/A,N/A,N/A,N/A,N/A,N/A,2933,9000,5000,400,816,N/A,N/A,N/A,N/A,N/A,850,867,N/A,N/A,N/A,N/A,N/A,N/A,4
nsinternal_am,2020-05-25T23:21:47.024Z,2020-05-25T23:21:47.024Z,,default,3,117.723228,84.6186752,Successful,Real,N/A,Mac OS X 10_13_6,511,1024,1.16.36,PST,0,Safari 12.1,Desktop,Intel Iris Pro OpenGL Engine,English,1,0,WebGLPlayer,256,0,1,4,"{249, 41}","{640, 122}",N/A,N/A,N/A,N/A,N/A,"{99, 293}","{49, 102}",N/A,N/A,N/A,N/A,N/A,N/A,3233,9000,5000,616,934,N/A,N/A,N/A,N/A,N/A,983,700,N/A,N/A,N/A,N/A,N/A,N/A,4
nsinternal_am,2020-05-25T23:21:47.024Z,2020-05-25T23:21:47.024Z,,default,4,118.146431,81.6186752,Successful,Real,N/A,Mac OS X 10_13_6,511,1024,1.16.36,PST,0,Safari 12.1,Desktop,Intel Iris Pro OpenGL Engine,English,1,0,WebGLPlayer,256,0,1,5,"{99, 293}","{427, 315}",N/A,N/A,N/A,N/A,N/A,"{591, 244}","{230, 224}","{249, 41}",N/A,N/A,N/A,N/A,N/A,3434,10000,6000,750,734,N/A,N/A,N/A,N/A,N/A,650,683,617,N/A,N/A,N/A,N/A,N/A,5
nsinternal_am,2020-05-25T23:21:47.024Z,2020-05-25T23:21:47.024Z,,default,5,117.46286,86.12964,Successful,Real,N/A,Mac OS X 10_13_6,511,1024,1.16.36,PST,0,Safari 12.1,Desktop,Intel Iris Pro OpenGL Engine,English,1,0,WebGLPlayer,256,0,1,5,"{640, 122}","{230, 224}",N/A,N/A,N/A,N/A,N/A,"{99, 293}","{456, 183}","{446, 61}",N/A,N/A,N/A,N/A,N/A,3884,10000,6000,1050,784,N/A,N/A,N/A,N/A,N/A,650,767,633,N/A,N/A,N/A,N/A,N/A,5
nsinternal_am,2020-05-25T23:21:47.024Z,2020-05-25T23:21:47.024Z,,default,6,118.139114,87.55701,Successful,Real,N/A,Mac OS X 10_13_6,511,1024,1.16.36,PST,0,Safari 12.1,Desktop,Intel Iris Pro OpenGL Engine,English,1,0,WebGLPlayer,256,0,1,6,"{446, 61}","{49, 102}",N/A,N/A,N/A,N/A,N/A,"{456, 183}","{230, 224}","{427, 315}","{249, 41}",N/A,N/A,N/A,N/A,4217,11000,7000,517,883,N/A,N/A,N/A,N/A,N/A,733,700,667,717,N/A,N/A,N/A,N/A,6
nsinternal_am,2020-05-25T23:21:47.024Z,2020-05-25T23:21:47.024Z,,default,7,117.553,82.05335,Successful,Real,N/A,Mac OS X 10_13_6,511,1024,1.16.36,PST,0,Safari 12.1,Desktop,Intel Iris Pro OpenGL Engine,English,1,0,WebGLPlayer,256,0,1,6,"{249, 41}","{446, 61}",N/A,N/A,N/A,N/A,N/A,"{640, 122}","{49, 102}","{99, 293}","{427, 315}",N/A,N/A,N/A,N/A,5000,11000,7000,1150,683,N/A,N/A,N/A,N/A,N/A,733,1034,633,767,N/A,N/A,N/A,N/A,6
nsinternal_am,2020-05-25T23:21:47.024Z,2020-05-25T23:21:47.024Z,,default,8,117.954124,90.43392,Successful,Real,N/A,Mac OS X 10_13_6,511,1024,1.16.36,PST,0,Safari 12.1,Desktop,Intel Iris Pro OpenGL Engine,English,1,0,WebGLPlayer,256,0,1,7,"{49, 102}","{249, 41}",N/A,N/A,N/A,N/A,N/A,"{230, 224}","{99, 293}","{591, 244}","{456, 183}","{446, 61}",N/A,N/A,N/A,4734,12000,8000,650,650,N/A,N/A,N/A,N/A,N/A,584,616,900,634,700,N/A,N/A,N/A,7
nsinternal_am,2020-05-25T23:21:47.024Z,2020-05-25T23:21:47.024Z,,default,9,118.528824,81.24228,Successful,Real,N/A,Mac OS X 10_13_6,511,1024,1.16.36,PST,0,Safari 12.1,Desktop,Intel Iris Pro OpenGL Engine,English,1,0,WebGLPlayer,256,0,1,7,"{456, 183}","{591, 244}",N/A,N/A,N/A,N/A,N/A,"{99, 293}","{230, 224}","{49, 102}","{427, 315}","{640, 122}",N/A,N/A,N/A,9767,12000,8000,600,667,N/A,N/A,N/A,N/A,N/A,1233,4634,800,900,933,N/A,N/A,N/A,7
nsinternal_am,2020-05-25T23:21:47.024Z,2020-05-25T23:21:47.024Z,,default,10,118.767685,82.44596,Successful,Real,N/A,Mac OS X 10_13_6,511,1024,1.16.36,PST,0,Safari 12.1,Desktop,Intel Iris Pro OpenGL Engine,English,1,0,WebGLPlayer,256,0,0,8,"{591, 244}","{230, 224}",N/A,N/A,N/A,N/A,N/A,"{49, 102}","{456, 183}","{249, 41}","{427, 315}","{99, 293}","{640, 122}",N/A,N/A,1233,13000,9000,1233,N/A,N/A,N/A,N/A,N/A,N/A,N/A,N/A,N/A,N/A,N/A,N/A,N/A,N/A,1
nsinternal_am,2020-05-25T23:21:47.024Z,2020-05-25T23:21:47.024Z,,default,11,118.043488,86.01878,Successful,Real,N/A,Mac OS X 10_13_6,511,1024,1.16.36,PST,0,Safari 12.1,Desktop,Intel Iris Pro OpenGL Engine,English,1,0,WebGLPlayer,256,0,0,8,"{591, 244}","{446, 61}",N/A,N/A,N/A,N/A,N/A,"{456, 183}","{427, 315}","{249, 41}","{99, 293}","{49, 102}","{640, 122}",N/A,N/A,1634,13000,9000,500,600,N/A,N/A,N/A,N/A,N/A,534,N/A,N/A,N/A,N/A,N/A,N/A,N/A,3
nsinternal_am,2020-05-25T23:21:47.024Z,2020-05-25T23:21:47.024Z,,default,12,118.140656,85.4027,Successful,Real,N/A,Mac OS X 10_13_6,511,1024,1.16.36,PST,0,Safari 12.1,Desktop,Intel Iris Pro OpenGL Engine,English,1,0,WebGLPlayer,256,0,1,8,"{427, 315}","{446, 61}",N/A,N/A,N/A,N/A,N/A,"{591, 244}","{640, 122}","{456, 183}","{249, 41}","{99, 293}","{230, 224}",N/A,N/A,5650,13000,9000,100,1450,N/A,N/A,N/A,N/A,N/A,683,583,584,733,834,683,N/A,N/A,8
nsinternal_am,2020-05-25T23:21:47.024Z,2020-05-25T23:21:47.024Z,,default,13,118.047806,84.91194,Successful,Real,N/A,Mac OS X 10_13_6,511,1024,1.16.36,PST,0,Safari 12.1,Desktop,Intel Iris Pro OpenGL Engine,English,1,0,WebGLPlayer,256,0,1,8,"{446, 61}","{230, 224}",N/A,N/A,N/A,N/A,N/A,"{640, 122}","{456, 183}","{427, 315}","{249, 41}","{49, 102}","{99, 293}",N/A,N/A,5533,13000,9000,599,834,N/A,N/A,N/A,N/A,N/A,817,633,566,700,667,717,N/A,N/A,8
nsinternal_am,2020-05-25T23:21:47.024Z,2020-05-25T23:21:47.024Z,,default,14,117.903313,86.8287048,Successful,Real,N/A,Mac OS X 10_13_6,511,1024,1.16.36,PST,0,Safari 12.1,Desktop,Intel Iris Pro OpenGL Engine,English,1,0,WebGLPlayer,256,0,0,9,"{446, 61}","{427, 315}",N/A,N/A,N/A,N/A,N/A,"{99, 293}","{456, 183}","{591, 244}","{49, 102}","{230, 224}","{640, 122}","{249, 41}",N/A,1916,14000,10000,766,1150,N/A,N/A,N/A,N/A,N/A,N/A,N/A,N/A,N/A,N/A,N/A,N/A,N/A,2
nsinternal_am,2020-05-25T23:21:47.024Z,2020-05-25T23:21:47.024Z,,default,15,118.175156,89.06936,Successful,Real,N/A,Mac OS X 10_13_6,511,1024,1.16.36,PST,0,Safari 12.1,Desktop,Intel Iris Pro OpenGL Engine,English,1,0,WebGLPlayer,256,0,0,9,"{230, 224}","{640, 122}",N/A,N/A,N/A,N/A,N/A,"{427, 315}","{446, 61}","{456, 183}","{591, 244}","{99, 293}","{249, 41}","{49, 102}",N/A,3650,14000,10000,516,834,N/A,N/A,N/A,N/A,N/A,766,750,784,N/A,N/A,N/A,N/A,N/A,5
nsinternal_am,2020-05-25T23:21:47.024Z,2020-05-25T23:21:47.024Z,,default,16,118.370644,87.4631,Successful,Real,N/A,Mac OS X 10_13_6,511,1024,1.16.36,PST,0,Safari 12.1,Desktop,Intel Iris Pro OpenGL Engine,English,1,0,WebGLPlayer,256,0,1,9,"{49, 102}","{446, 61}",N/A,N/A,N/A,N/A,N/A,"{640, 122}","{591, 244}","{249, 41}","{99, 293}","{230, 224}","{456, 183}","{427, 315}",N/A,7384,14000,10000,467,1317,N/A,N/A,N/A,N/A,N/A,716,684,966,867,667,1000,700,N/A,9
nsinternal_am,2020-05-25T23:21:47.024Z,2020-05-25T23:21:47.024Z,,default,17,118.287193,86.6996,Successful,Real,N/A,Mac OS X 10_13_6,511,1024,1.16.36,PST,0,Safari 12.1,Desktop,Intel Iris Pro OpenGL Engine,English,1,0,WebGLPlayer,256,0,1,9,"{446, 61}","{591, 244}",N/A,N/A,N/A,N/A,N/A,"{427, 315}","{230, 224}","{456, 183}","{640, 122}","{249, 41}","{49, 102}","{99, 293}",N/A,6883,14000,10000,416,834,N/A,N/A,N/A,N/A,N/A,649,1017,667,667,1350,666,617,N/A,9
nsinternal_bl,2020-05-22T17:27:28.311Z,2020-05-22T17:27:28.311Z,,default,0,121.541237,117.504913,Successful,Real,N/A,Mac OS X 10_15_4,725,1065,1.16.36,Pacific Standard Time,0,Chrome 81,Desktop,Intel(R) Iris(TM) Plus Graphics 655,English,1,0,WebGLPlayer,256,0,1,3,"{99, 293}","{230, 224}",N/A,N/A,N/A,N/A,N/A,"{446, 61}",N/A,N/A,N/A,N/A,N/A,N/A,N/A,1317,8000,4000,634,283,N/A,N/A,N/A,N/A,N/A,400,N/A,N/A,N/A,N/A,N/A,N/A,N/A,3
nsinternal_bl,2020-05-22T17:27:28.311Z,2020-05-22T17:27:28.311Z,,default,1,120.962242,115.892296,Successful,Real,N/A,Mac OS X 10_15_4,725,1065,1.16.36,Pacific Standard Time,0,Chrome 81,Desktop,Intel(R) Iris(TM) Plus Graphics 655,English,1,0,WebGLPlayer,256,0,1,3,"{456, 183}","{230, 224}",N/A,N/A,N/A,N/A,N/A,"{591, 244}",N/A,N/A,N/A,N/A,N/A,N/A,N/A,1267,8000,4000,317,333,N/A,N/A,N/A,N/A,N/A,617,N/A,N/A,N/A,N/A,N/A,N/A,N/A,3
nsinternal_bl,2020-05-22T17:27:28.311Z,2020-05-22T17:27:28.311Z,,default,2,120.730858,147.15744,Successful,Real,N/A,Mac OS X 10_15_4,725,1065,1.16.36,Pacific Standard Time,0,Chrome 81,Desktop,Intel(R) Iris(TM) Plus Graphics 655,English,1,0,WebGLPlayer,256,0,1,4,"{456, 183}","{99, 293}",N/A,N/A,N/A,N/A,N/A,"{640, 122}","{230, 224}",N/A,N/A,N/A,N/A,N/A,N/A,1851,9000,5000,117,517,N/A,N/A,N/A,N/A,N/A,616,601,N/A,N/A,N/A,N/A,N/A,N/A,4
nsinternal_bl,2020-05-22T17:27:28.311Z,2020-05-22T17:27:28.311Z,,default,3,120.780975,103.598007,Successful,Real,N/A,Mac OS X 10_15_4,725,1065,1.16.36,Pacific Standard Time,0,Chrome 81,Desktop,Intel(R) Iris(TM) Plus Graphics 655,English,1,0,WebGLPlayer,256,0,1,4,"{249, 41}","{640, 122}",N/A,N/A,N/A,N/A,N/A,"{99, 293}","{49, 102}",N/A,N/A,N/A,N/A,N/A,N/A,2067,9000,5000,517,400,N/A,N/A,N/A,N/A,N/A,600,550,N/A,N/A,N/A,N/A,N/A,N/A,4
nsinternal_bl,2020-05-22T17:27:28.311Z,2020-05-22T17:27:28.311Z,,default,4,121.069153,115.5709,Successful,Real,N/A,Mac OS X 10_15_4,725,1065,1.16.36,Pacific Standard Time,0,Chrome 81,Desktop,Intel(R) Iris(TM) Plus Graphics 655,English,1,0,WebGLPlayer,256,0,1,5,"{99, 293}","{427, 315}",N/A,N/A,N/A,N/A,N/A,"{591, 244}","{230, 224}","{249, 41}",N/A,N/A,N/A,N/A,N/A,2434,10000,6000,384,466,N/A,N/A,N/A,N/A,N/A,400,617,567,N/A,N/A,N/A,N/A,N/A,5
nsinternal_bl,2020-05-22T17:27:28.311Z,2020-05-22T17:27:28.311Z,,default,5,120.736763,102.636215,Successful,Real,N/A,Mac OS X 10_15_4,725,1065,1.16.36,Pacific Standard Time,0,Chrome 81,Desktop,Intel(R) Iris(TM) Plus Graphics 655,English,1,0,WebGLPlayer,256,0,1,5,"{640, 122}","{230, 224}",N/A,N/A,N/A,N/A,N/A,"{99, 293}","{456, 183}","{446, 61}",N/A,N/A,N/A,N/A,N/A,3133,10000,6000,867,433,N/A,N/A,N/A,N/A,N/A,934,516,383,N/A,N/A,N/A,N/A,N/A,5
nsinternal_bl,2020-05-22T17:27:28.311Z,2020-05-22T17:27:28.311Z,,default,6,121.050957,86.89184,Successful,Real,N/A,Mac OS X 10_15_4,725,1065,1.16.36,Pacific Standard Time,0,Chrome 81,Desktop,Intel(R) Iris(TM) Plus Graphics 655,English,1,0,WebGLPlayer,256,0,1,6,"{446, 61}","{49, 102}",N/A,N/A,N/A,N/A,N/A,"{456, 183}","{230, 224}","{427, 315}","{249, 41}",N/A,N/A,N/A,N/A,2450,11000,7000,233,417,N/A,N/A,N/A,N/A,N/A,533,334,366,567,N/A,N/A,N/A,N/A,6
nsinternal_bl,2020-05-22T17:27:28.311Z,2020-05-22T17:27:28.311Z,,default,7,121.191711,77.27978,Successful,Real,N/A,Mac OS X 10_15_4,725,1065,1.16.36,Pacific Standard Time,0,Chrome 81,Desktop,Intel(R) Iris(TM) Plus Graphics 655,English,1,0,WebGLPlayer,256,0,1,6,"{249, 41}","{446, 61}",N/A,N/A,N/A,N/A,N/A,"{640, 122}","{49, 102}","{99, 293}","{427, 315}",N/A,N/A,N/A,N/A,1983,11000,7000,250,266,N/A,N/A,N/A,N/A,N/A,250,417,367,433,N/A,N/A,N/A,N/A,6
nsinternal_bl,2020-05-22T17:27:28.311Z,2020-05-22T17:27:28.311Z,,default,8,121.519333,81.38057,Successful,Real,N/A,Mac OS X 10_15_4,725,1065,1.16.36,Pacific Standard Time,0,Chrome 81,Desktop,Intel(R) Iris(TM) Plus Graphics 655,English,1,0,WebGLPlayer,256,0,1,7,"{49, 102}","{249, 41}",N/A,N/A,N/A,N/A,N/A,"{230, 224}","{99, 293}","{591, 244}","{456, 183}","{446, 61}",N/A,N/A,N/A,2050,12000,8000,300,233,N/A,N/A,N/A,N/A,N/A,383,233,367,300,234,N/A,N/A,N/A,7
nsinternal_bl,2020-05-22T17:27:28.311Z,2020-05-22T17:27:28.311Z,,default,9,121.629288,76.03106,Successful,Real,N/A,Mac OS X 10_15_4,725,1065,1.16.36,Pacific Standard Time,0,Chrome 81,Desktop,Intel(R) Iris(TM) Plus Graphics 655,English,1,0,WebGLPlayer,256,0,1,7,"{456, 183}","{591, 244}",N/A,N/A,N/A,N/A,N/A,"{99, 293}","{230, 224}","{49, 102}","{427, 315}","{640, 122}",N/A,N/A,N/A,4017,12000,8000,800,266,N/A,N/A,N/A,N/A,N/A,1067,350,350,634,550,N/A,N/A,N/A,7
nsinternal_bl,2020-05-22T17:27:28.311Z,2020-05-22T17:27:28.311Z,,default,10,122.572723,73.00772,Successful,Real,N/A,Mac OS X 10_15_4,725,1065,1.16.36,Pacific Standard Time,0,Chrome 81,Desktop,Intel(R) Iris(TM) Plus Graphics 655,English,1,0,WebGLPlayer,256,0,0,8,"{591, 244}","{230, 224}",N/A,N/A,N/A,N/A,N/A,"{49, 102}","{456, 183}","{249, 41}","{427, 315}","{99, 293}","{640, 122}",N/A,N/A,2916,13000,9000,300,700,N/A,N/A,N/A,N/A,N/A,300,366,334,283,633,N/A,N/A,N/A,7
nsinternal_bl,2020-05-22T17:27:28.311Z,2020-05-22T17:27:28.311Z,,default,11,124.22847,75.79632,Successful,Real,N/A,Mac OS X 10_15_4,725,1065,1.16.36,Pacific Standard Time,0,Chrome 81,Desktop,Intel(R) Iris(TM) Plus Graphics 655,English,1,0,WebGLPlayer,256,0,0,8,"{591, 244}","{446, 61}",N/A,N/A,N/A,N/A,N/A,"{456, 183}","{427, 315}","{249, 41}","{99, 293}","{49, 102}","{640, 122}",N/A,N/A,1134,13000,9000,434,250,N/A,N/A,N/A,N/A,N/A,450,N/A,N/A,N/A,N/A,N/A,N/A,N/A,3
nsinternal_bl,2020-05-22T17:27:28.311Z,2020-05-22T17:27:28.311Z,,default,12,124.29435,73.87518,Successful,Real,N/A,Mac OS X 10_15_4,725,1065,1.16.36,Pacific Standard Time,0,Chrome 81,Desktop,Intel(R) Iris(TM) Plus Graphics 655,English,1,0,WebGLPlayer,256,0,1,8,"{427, 315}","{446, 61}",N/A,N/A,N/A,N/A,N/A,"{591, 244}","{640, 122}","{456, 183}","{249, 41}","{99, 293}","{230, 224}",N/A,N/A,4167,13000,9000,967,383,N/A,N/A,N/A,N/A,N/A,384,300,550,733,517,333,N/A,N/A,8
nsinternal_bl,2020-05-22T17:27:28.311Z,2020-05-22T17:27:28.311Z,,default,13,125.776512,79.05174,Successful,Real,N/A,Mac OS X 10_15_4,725,1065,1.16.36,Pacific Standard Time,0,Chrome 81,Desktop,Intel(R) Iris(TM) Plus Graphics 655,English,1,0,WebGLPlayer,256,0,1,8,"{446, 61}","{230, 224}",N/A,N/A,N/A,N/A,N/A,"{640, 122}","{456, 183}","{427, 315}","{249, 41}","{49, 102}","{99, 293}",N/A,N/A,4084,13000,9000,1001,366,N/A,N/A,N/A,N/A,N/A,400,334,316,400,650,617,N/A,N/A,8
nsinternal_bl,2020-05-22T17:27:28.311Z,2020-05-22T17:27:28.311Z,,default,14,125.933472,71.87009,Successful,Real,N/A,Mac OS X 10_15_4,725,1065,1.16.36,Pacific Standard Time,0,Chrome 81,Desktop,Intel(R) Iris(TM) Plus Graphics 655,English,1,0,WebGLPlayer,256,0,0,9,"{446, 61}","{427, 315}",N/A,N/A,N/A,N/A,N/A,"{99, 293}","{456, 183}","{591, 244}","{49, 102}","{230, 224}","{640, 122}","{249, 41}",N/A,1616,14000,10000,316,367,N/A,N/A,N/A,N/A,N/A,333,600,N/A,N/A,N/A,N/A,N/A,N/A,4
nsinternal_bl,2020-05-22T17:27:28.311Z,2020-05-22T17:27:28.311Z,,default,15,126.197174,72.10442,Successful,Real,N/A,Mac OS X 10_15_4,725,1065,1.16.36,Pacific Standard Time,0,Chrome 81,Desktop,Intel(R) Iris(TM) Plus Graphics 655,English,1,0,WebGLPlayer,256,0,0,9,"{230, 224}","{640, 122}",N/A,N/A,N/A,N/A,N/A,"{427, 315}","{446, 61}","{456, 183}","{591, 244}","{99, 293}","{249, 41}","{49, 102}",N/A,967,14000,10000,434,533,N/A,N/A,N/A,N/A,N/A,N/A,N/A,N/A,N/A,N/A,N/A,N/A,N/A,2
nsinternal_bl,2020-05-22T17:27:28.311Z,2020-05-22T17:27:28.311Z,,default,16,126.014481,63.39463,Successful,Real,N/A,Mac OS X 10_15_4,725,1065,1.16.36,Pacific Standard Time,0,Chrome 81,Desktop,Intel(R) Iris(TM) Plus Graphics 655,English,1,0,WebGLPlayer,256,0,1,9,"{49, 102}","{446, 61}",N/A,N/A,N/A,N/A,N/A,"{640, 122}","{591, 244}","{249, 41}","{99, 293}","{230, 224}","{456, 183}","{427, 315}",N/A,5834,14000,10000,1717,533,N/A,N/A,N/A,N/A,N/A,350,1051,416,533,417,484,333,N/A,9
nsinternal_bl,2020-05-22T17:27:28.311Z,2020-05-22T17:27:28.311Z,,default,17,125.876236,58.09461,Successful,Real,N/A,Mac OS X 10_15_4,725,1065,1.16.36,Pacific Standard Time,0,Chrome 81,Desktop,Intel(R) Iris(TM) Plus Graphics 655,English,1,0,WebGLPlayer,256,0,0,9,"{446, 61}","{591, 244}",N/A,N/A,N/A,N/A,N/A,"{427, 315}","{230, 224}","{456, 183}","{640, 122}","{249, 41}","{49, 102}","{99, 293}",N/A,166,14000,10000,166,N/A,N/A,N/A,N/A,N/A,N/A,N/A,N/A,N/A,N/A,N/A,N/A,N/A,N/A,1
nsinternal_bl,2020-05-22T17:27:28.311Z,2020-05-22T17:27:28.311Z,,default,18,125.2957,54.30067,Successful,Real,N/A,Mac OS X 10_15_4,725,1065,1.16.36,Pacific Standard Time,0,Chrome 81,Desktop,Intel(R) Iris(TM) Plus Graphics 655,English,1,0,WebGLPlayer,256,0,0,9,"{99, 293}","{446, 61}",N/A,N/A,N/A,N/A,N/A,"{427, 315}","{591, 244}","{456, 183}","{640, 122}","{230, 224}","{249, 41}","{49, 102}",N/A,84,14000,10000,84,N/A,N/A,N/A,N/A,N/A,N/A,N/A,N/A,N/A,N/A,N/A,N/A,N/A,N/A,1
nsinternal_bl,2020-05-22T17:27:28.311Z,2020-05-22T17:27:28.311Z,,default,19,123.724388,87.6868057,Successful,Real,N/A,Mac OS X 10_15_4,725,1065,1.16.36,Pacific Standard Time,0,Chrome 81,Desktop,Intel(R) Iris(TM) Plus Graphics 655,English,1,0,WebGLPlayer,256,0,0,9,"{99, 293}","{49, 102}",N/A,N/A,N/A,N/A,N/A,"{640, 122}","{591, 244}","{427, 315}","{230, 224}","{446, 61}","{456, 183}","{249, 41}",N/A,167,14000,10000,167,N/A,N/A,N/A,N/A,N/A,N/A,N/A,N/A,N/A,N/A,N/A,N/A,N/A,N/A,1
nsinternal_bl,2020-05-22T17:27:00.079Z,2020-05-22T17:27:00.079Z,,default,0,125.134377,65.92921,Successful,StartingWindow,N/A,Mac OS X 10_15_4,725,1065,1.16.36,Pacific Standard Time,0,Chrome 81,Desktop,Intel(R) Iris(TM) Plus Graphics 655,English,1,0,WebGLPlayer,256,0,1,3,"{99, 293}","{230, 224}",N/A,N/A,N/A,N/A,N/A,"{446, 61}",N/A,N/A,N/A,N/A,N/A,N/A,N/A,750,-1,4000,83,317,N/A,N/A,N/A,N/A,N/A,350,N/A,N/A,N/A,N/A,N/A,N/A,N/A,3
nsinternal_bl,2020-05-22T17:27:00.079Z,2020-05-22T17:27:00.079Z,,default,1,121.722816,66.42644,Successful,StartingWindow,N/A,Mac OS X 10_15_4,725,1065,1.16.36,Pacific Standard Time,0,Chrome 81,Desktop,Intel(R) Iris(TM) Plus Graphics 655,English,1,0,WebGLPlayer,256,0,1,3,"{456, 183}","{230, 224}",N/A,N/A,N/A,N/A,N/A,"{591, 244}",N/A,N/A,N/A,N/A,N/A,N/A,N/A,1049,-1,4000,216,350,N/A,N/A,N/A,N/A,N/A,483,N/A,N/A,N/A,N/A,N/A,N/A,N/A,3
nsinternal_bl,2020-05-22T17:27:00.079Z,2020-05-22T17:27:00.079Z,,default,2,120.716164,70.6636353,Successful,StartingWindow,N/A,Mac OS X 10_15_4,725,1065,1.16.36,Pacific Standard Time,0,Chrome 81,Desktop,Intel(R) Iris(TM) Plus Graphics 655,English,1,0,WebGLPlayer,256,0,0,4,"{456, 183}","{99, 293}",N/A,N/A,N/A,N/A,N/A,"{640, 122}","{230, 224}",N/A,N/A,N/A,N/A,N/A,N/A,717,-1,5000,400,317,N/A,N/A,N/A,N/A,N/A,N/A,N/A,N/A,N/A,N/A,N/A,N/A,N/A,2
nsinternal_clg,2020-05-21T23:57:16.659Z,2020-05-21T23:57:16.659Z,,default,0,96.93887,497.2781,Successful,Real,N/A,Mac OS X 10_14_6,748,1198,1.16.36,Pacific Standard Time,0,Chrome 81,Desktop,Intel(R) Iris(TM) Graphics 6100,English,1,0,WebGLPlayer,256,0,1,3,"{99, 293}","{230, 224}",N/A,N/A,N/A,N/A,N/A,"{446, 61}",N/A,N/A,N/A,N/A,N/A,N/A,N/A,2966,8000,4000,1233,617,N/A,N/A,N/A,N/A,N/A,1116,N/A,N/A,N/A,N/A,N/A,N/A,N/A,3
nsinternal_clg,2020-05-21T23:57:16.659Z,2020-05-21T23:57:16.659Z,,default,1,100.382439,459.134338,Successful,Real,N/A,Mac OS X 10_14_6,748,1198,1.16.36,Pacific Standard Time,0,Chrome 81,Desktop,Intel(R) Iris(TM) Graphics 6100,English,1,0,WebGLPlayer,256,0,1,3,"{456, 183}","{230, 224}",N/A,N/A,N/A,N/A,N/A,"{591, 244}",N/A,N/A,N/A,N/A,N/A,N/A,N/A,2717,8000,4000,1200,633,N/A,N/A,N/A,N/A,N/A,884,N/A,N/A,N/A,N/A,N/A,N/A,N/A,3
nsinternal_clg,2020-05-21T23:57:16.659Z,2020-05-21T23:57:16.659Z,,default,2,95.0889,472.392181,Successful,Real,N/A,Mac OS X 10_14_6,748,1198,1.16.36,Pacific Standard Time,0,Chrome 81,Desktop,Intel(R) Iris(TM) Graphics 6100,English,1,0,WebGLPlayer,256,0,1,4,"{456, 183}","{99, 293}",N/A,N/A,N/A,N/A,N/A,"{640, 122}","{230, 224}",N/A,N/A,N/A,N/A,N/A,N/A,2850,9000,5000,450,700,N/A,N/A,N/A,N/A,N/A,833,867,N/A,N/A,N/A,N/A,N/A,N/A,4
nsinternal_clg,2020-05-21T23:57:16.659Z,2020-05-21T23:57:16.659Z,,default,3,89.37547,704.3597,Successful,Real,N/A,Mac OS X 10_14_6,748,1198,1.16.36,Pacific Standard Time,0,Chrome 81,Desktop,Intel(R) Iris(TM) Graphics 6100,English,1,0,WebGLPlayer,256,0,1,4,"{249, 41}","{640, 122}",N/A,N/A,N/A,N/A,N/A,"{99, 293}","{49, 102}",N/A,N/A,N/A,N/A,N/A,N/A,3583,9000,5000,500,633,N/A,N/A,N/A,N/A,N/A,1533,917,N/A,N/A,N/A,N/A,N/A,N/A,4
nsinternal_clg,2020-05-21T23:57:16.659Z,2020-05-21T23:57:16.659Z,,default,4,91.3711,567.1739,Successful,Real,N/A,Mac OS X 10_14_6,748,1198,1.16.36,Pacific Standard Time,0,Chrome 81,Desktop,Intel(R) Iris(TM) Graphics 6100,English,1,0,WebGLPlayer,256,0,1,5,"{99, 293}","{427, 315}",N/A,N/A,N/A,N/A,N/A,"{591, 244}","{230, 224}","{249, 41}",N/A,N/A,N/A,N/A,N/A,3717,10000,6000,500,600,N/A,N/A,N/A,N/A,N/A,567,1283,767,N/A,N/A,N/A,N/A,N/A,5
nsinternal_clg,2020-05-21T23:57:16.659Z,2020-05-21T23:57:16.659Z,,default,5,91.52249,504.101532,Successful,Real,N/A,Mac OS X 10_14_6,748,1198,1.16.36,Pacific Standard Time,0,Chrome 81,Desktop,Intel(R) Iris(TM) Graphics 6100,English,1,0,WebGLPlayer,256,0,1,5,"{640, 122}","{230, 224}",N/A,N/A,N/A,N/A,N/A,"{99, 293}","{456, 183}","{446, 61}",N/A,N/A,N/A,N/A,N/A,4884,10000,6000,600,1917,N/A,N/A,N/A,N/A,N/A,883,800,684,N/A,N/A,N/A,N/A,N/A,5
nsinternal_clg,2020-05-21T23:57:16.659Z,2020-05-21T23:57:16.659Z,,default,6,92.95017,483.064362,Successful,Real,N/A,Mac OS X 10_14_6,748,1198,1.16.36,Pacific Standard Time,0,Chrome 81,Desktop,Intel(R) Iris(TM) Graphics 6100,English,1,0,WebGLPlayer,256,0,1,6,"{446, 61}","{49, 102}",N/A,N/A,N/A,N/A,N/A,"{456, 183}","{230, 224}","{427, 315}","{249, 41}",N/A,N/A,N/A,N/A,4150,11000,7000,334,700,N/A,N/A,N/A,N/A,N/A,1050,616,650,800,N/A,N/A,N/A,N/A,6
nsinternal_clg,2020-05-21T23:57:16.659Z,2020-05-21T23:57:16.659Z,,default,7,94.78246,453.161652,Successful,Real,N/A,Mac OS X 10_14_6,748,1198,1.16.36,Pacific Standard Time,0,Chrome 81,Desktop,Intel(R) Iris(TM) Graphics 6100,English,1,0,WebGLPlayer,256,0,1,6,"{249, 41}","{446, 61}",N/A,N/A,N/A,N/A,N/A,"{640, 122}","{49, 102}","{99, 293}","{427, 315}",N/A,N/A,N/A,N/A,4684,11000,7000,434,517,N/A,N/A,N/A,N/A,N/A,750,1600,633,750,N/A,N/A,N/A,N/A,6
nsinternal_clg,2020-05-21T23:57:16.659Z,2020-05-21T23:57:16.659Z,,default,8,93.5743942,448.487885,Successful,Real,N/A,Mac OS X 10_14_6,748,1198,1.16.36,Pacific Standard Time,0,Chrome 81,Desktop,Intel(R) Iris(TM) Graphics 6100,English,1,0,WebGLPlayer,256,0,0,7,"{49, 102}","{249, 41}",N/A,N/A,N/A,N/A,N/A,"{230, 224}","{99, 293}","{591, 244}","{456, 183}","{446, 61}",N/A,N/A,N/A,1100,12000,8000,416,684,N/A,N/A,N/A,N/A,N/A,N/A,N/A,N/A,N/A,N/A,N/A,N/A,N/A,2
nsinternal_clg,2020-05-21T23:57:16.659Z,2020-05-21T23:57:16.659Z,,default,9,91.56535,471.950653,Successful,Real,N/A,Mac OS X 10_14_6,748,1198,1.16.36,Pacific Standard Time,0,Chrome 81,Desktop,Intel(R) Iris(TM) Graphics 6100,English,1,0,WebGLPlayer,256,0,0,7,"{456, 183}","{591, 244}",N/A,N/A,N/A,N/A,N/A,"{99, 293}","{230, 224}","{49, 102}","{427, 315}","{640, 122}",N/A,N/A,N/A,2783,12000,8000,666,984,N/A,N/A,N/A,N/A,N/A,1133,N/A,N/A,N/A,N/A,N/A,N/A,N/A,3
nsinternal_clg,2020-05-21T23:57:16.659Z,2020-05-21T23:57:16.659Z,,default,10,93.5822754,448.358276,Successful,Real,N/A,Mac OS X 10_14_6,748,1198,1.16.36,Pacific Standard Time,0,Chrome 81,Desktop,Intel(R) Iris(TM) Graphics 6100,English,1,0,WebGLPlayer,256,0,0,7,"{99, 293}","{640, 122}",N/A,N/A,N/A,N/A,N/A,"{230, 224}","{591, 244}","{456, 183}","{249, 41}","{446, 61}",N/A,N/A,N/A,4134,12000,8000,4134,N/A,N/A,N/A,N/A,N/A,N/A,N/A,N/A,N/A,N/A,N/A,N/A,N/A,N/A,1
nsinternal_clg,2020-05-21T23:56:45.829Z,2020-05-21T23:56:45.829Z,,default,0,88.2846756,463.0097,Successful,StartingWindow,N/A,Mac OS X 10_14_6,748,1198,1.16.36,Pacific Standard Time,0,Chrome 81,Desktop,Intel(R) Iris(TM) Graphics 6100,English,1,0,WebGLPlayer,256,0,1,3,"{99, 293}","{230, 224}",N/A,N/A,N/A,N/A,N/A,"{446, 61}",N/A,N/A,N/A,N/A,N/A,N/A,N/A,2033,-1,4000,533,600,N/A,N/A,N/A,N/A,N/A,900,N/A,N/A,N/A,N/A,N/A,N/A,N/A,3
nsinternal_clg,2020-05-21T23:56:45.829Z,2020-05-21T23:56:45.829Z,,default,1,85.5297852,545.0116,Successful,StartingWindow,N/A,Mac OS X 10_14_6,748,1198,1.16.36,Pacific Standard Time,0,Chrome 81,Desktop,Intel(R) Iris(TM) Graphics 6100,English,1,0,WebGLPlayer,256,0,1,3,"{456, 183}","{230, 224}",N/A,N/A,N/A,N/A,N/A,"{591, 244}",N/A,N/A,N/A,N/A,N/A,N/A,N/A,2017,-1,4000,533,567,N/A,N/A,N/A,N/A,N/A,917,N/A,N/A,N/A,N/A,N/A,N/A,N/A,3
nsinternal_clg,2020-05-21T23:56:45.829Z,2020-05-21T23:56:45.829Z,,default,2,85.6977844,490.8942,Successful,StartingWindow,N/A,Mac OS X 10_14_6,748,1198,1.16.36,Pacific Standard Time,0,Chrome 81,Desktop,Intel(R) Iris(TM) Graphics 6100,English,1,0,WebGLPlayer,256,0,1,4,"{456, 183}","{99, 293}",N/A,N/A,N/A,N/A,N/A,"{640, 122}","{230, 224}",N/A,N/A,N/A,N/A,N/A,N/A,3367,-1,5000,750,883,N/A,N/A,N/A,N/A,N/A,917,817,N/A,N/A,N/A,N/A,N/A,N/A,4
nsinternal_kb,2020-05-27T03:17:02.638Z,2020-05-27T03:17:02.638Z,,default,0,,,Successful,StartingWindow,N/A,Mac OS X 10_14_6,612,1198,1.16.36,GMT,0,Chrome 83,Desktop,Intel(R) Iris(TM) Graphics 6100,English,1,0,WebGLPlayer,256,0,1,N/A,N/A,N/A,N/A,N/A,"{446, 61}",N/A,N/A,N/A,N/A,N/A,N/A,N/A,2233,4000,967,616,N/A,N/A,N/A,N/A,N/A,650,N/A,N/A,N/A,N/A,N/A,N/A,N/A,3,,,,
nsinternal_kb,2020-05-27T03:17:02.638Z,2020-05-27T03:17:02.638Z,,default,1,,,Successful,StartingWindow,N/A,Mac OS X 10_14_6,612,1198,1.16.36,GMT,0,Chrome 83,Desktop,Intel(R) Iris(TM) Graphics 6100,English,1,0,WebGLPlayer,256,0,0,N/A,N/A,N/A,N/A,N/A,"{591, 244}",N/A,N/A,N/A,N/A,N/A,N/A,N/A,1683,4000,450,649,N/A,N/A,N/A,N/A,N/A,584,N/A,N/A,N/A,N/A,N/A,N/A,N/A,3,,,,
nsinternal_kb,2020-05-27T03:17:02.638Z,2020-05-27T03:17:02.638Z,,default,2,,,Successful,StartingWindow,N/A,Mac OS X 10_14_6,612,1198,1.16.36,GMT,0,Chrome 83,Desktop,Intel(R) Iris(TM) Graphics 6100,English,1,0,WebGLPlayer,256,0,1,N/A,N/A,N/A,N/A,N/A,"{49, 102}",N/A,N/A,N/A,N/A,N/A,N/A,N/A,5617,4000,3934,917,N/A,N/A,N/A,N/A,N/A,766,N/A,N/A,N/A,N/A,N/A,N/A,N/A,3,,,,
nsinternal_kb,2020-05-27T03:17:36.690Z,2020-05-27T03:17:36.690Z,,default,0,,,Successful,Real,N/A,Mac OS X 10_14_6,612,1198,1.16.36,GMT,0,Chrome 83,Desktop,Intel(R) Iris(TM) Graphics 6100,English,1,0,WebGLPlayer,256,0,0,N/A,N/A,N/A,N/A,N/A,"{446, 61}",N/A,N/A,N/A,N/A,N/A,N/A,N/A,7616,4000,3517,2583,N/A,N/A,N/A,N/A,N/A,1516,N/A,N/A,N/A,N/A,N/A,N/A,N/A,3,,,,
nsinternal_kb,2020-05-27T03:17:36.690Z,2020-05-27T03:17:36.690Z,,default,1,,,Successful,Real,N/A,Mac OS X 10_14_6,612,1198,1.16.36,GMT,0,Chrome 83,Desktop,Intel(R) Iris(TM) Graphics 6100,English,1,0,WebGLPlayer,256,0,0,N/A,N/A,N/A,N/A,N/A,"{591, 244}",N/A,N/A,N/A,N/A,N/A,N/A,N/A,2167,4000,417,1750,N/A,N/A,N/A,N/A,N/A,N/A,N/A,N/A,N/A,N/A,N/A,N/A,N/A,2,,,,
nsinternal_kb,2020-05-27T03:17:36.690Z,2020-05-27T03:17:36.690Z,,default,2,,,Successful,Real,N/A,Mac OS X 10_14_6,612,1198,1.16.36,GMT,0,Chrome 83,Desktop,Intel(R) Iris(TM) Graphics 6100,English,1,0,WebGLPlayer,256,0,0,N/A,N/A,N/A,N/A,N/A,"{49, 102}",N/A,N/A,N/A,N/A,N/A,N/A,N/A,1067,4000,366,701,N/A,N/A,N/A,N/A,N/A,N/A,N/A,N/A,N/A,N/A,N/A,N/A,N/A,2,,,,
nsinternal_ma,2020-05-22T19:44:57.976Z,2020-05-22T19:44:57.976Z,,default,0,113.919083,190.571289,Successful,StartingWindow,N/A,Mac OS X 10_13_6,699,1198,1.16.36,Pacific Standard Time,0,Chrome 81,Desktop,Intel(R) HD Graphics 6000,English,1,0,WebGLPlayer,256,0,1,3,"{99, 293}","{230, 224}",N/A,N/A,N/A,N/A,N/A,"{446, 61}",N/A,N/A,N/A,N/A,N/A,N/A,N/A,2617,-1,4000,1150,683,N/A,N/A,N/A,N/A,N/A,784,N/A,N/A,N/A,N/A,N/A,N/A,N/A,3
nsinternal_ma,2020-05-22T19:44:57.976Z,2020-05-22T19:44:57.976Z,,default,1,116.563629,138.530365,Successful,StartingWindow,N/A,Mac OS X 10_13_6,699,1198,1.16.36,Pacific Standard Time,0,Chrome 81,Desktop,Intel(R) HD Graphics 6000,English,1,0,WebGLPlayer,256,0,1,3,"{456, 183}","{230, 224}",N/A,N/A,N/A,N/A,N/A,"{591, 244}",N/A,N/A,N/A,N/A,N/A,N/A,N/A,2534,-1,4000,883,917,N/A,N/A,N/A,N/A,N/A,734,N/A,N/A,N/A,N/A,N/A,N/A,N/A,3
nsinternal_ma,2020-05-22T19:44:57.976Z,2020-05-22T19:44:57.976Z,,default,2,116.332146,141.80838,Successful,StartingWindow,N/A,Mac OS X 10_13_6,699,1198,1.16.36,Pacific Standard Time,0,Chrome 81,Desktop,Intel(R) HD Graphics 6000,English,1,0,WebGLPlayer,256,0,0,4,"{456, 183}","{99, 293}",N/A,N/A,N/A,N/A,N/A,"{640, 122}","{230, 224}",N/A,N/A,N/A,N/A,N/A,N/A,2050,-1,5000,517,800,N/A,N/A,N/A,N/A,N/A,733,N/A,N/A,N/A,N/A,N/A,N/A,N/A,3
nsinternal_ma,2020-05-22T19:45:28.524Z,2020-05-22T19:45:28.524Z,,default,0,101.378891,232.055817,Successful,Real,N/A,Mac OS X 10_13_6,699,1198,1.16.36,Pacific Standard Time,0,Chrome 81,Desktop,Intel(R) HD Graphics 6000,English,1,0,WebGLPlayer,256,0,1,3,"{99, 293}","{230, 224}",N/A,N/A,N/A,N/A,N/A,"{446, 61}",N/A,N/A,N/A,N/A,N/A,N/A,N/A,2417,8000,4000,917,683,N/A,N/A,N/A,N/A,N/A,817,N/A,N/A,N/A,N/A,N/A,N/A,N/A,3
nsinternal_ma,2020-05-22T19:45:28.524Z,2020-05-22T19:45:28.524Z,,default,1,99.8556442,237.773178,Successful,Real,N/A,Mac OS X 10_13_6,699,1198,1.16.36,Pacific Standard Time,0,Chrome 81,Desktop,Intel(R) HD Graphics 6000,English,1,0,WebGLPlayer,256,0,1,3,"{456, 183}","{230, 224}",N/A,N/A,N/A,N/A,N/A,"{591, 244}",N/A,N/A,N/A,N/A,N/A,N/A,N/A,2166,8000,4000,766,717,N/A,N/A,N/A,N/A,N/A,683,N/A,N/A,N/A,N/A,N/A,N/A,N/A,3
nsinternal_ma,2020-05-22T19:45:28.524Z,2020-05-22T19:45:28.524Z,,default,2,102.121048,216.350357,Successful,Real,N/A,Mac OS X 10_13_6,699,1198,1.16.36,Pacific Standard Time,0,Chrome 81,Desktop,Intel(R) HD Graphics 6000,English,1,0,WebGLPlayer,256,0,1,4,"{456, 183}","{99, 293}",N/A,N/A,N/A,N/A,N/A,"{640, 122}","{230, 224}",N/A,N/A,N/A,N/A,N/A,N/A,3667,9000,5000,1150,967,N/A,N/A,N/A,N/A,N/A,833,717,N/A,N/A,N/A,N/A,N/A,N/A,4
nsinternal_ma,2020-05-22T19:45:28.524Z,2020-05-22T19:45:28.524Z,,default,3,96.00711,274.019318,Successful,Real,N/A,Mac OS X 10_13_6,699,1198,1.16.36,Pacific Standard Time,0,Chrome 81,Desktop,Intel(R) HD Graphics 6000,English,1,0,WebGLPlayer,256,0,1,4,"{249, 41}","{640, 122}",N/A,N/A,N/A,N/A,N/A,"{99, 293}","{49, 102}",N/A,N/A,N/A,N/A,N/A,N/A,4233,9000,5000,1500,1000,N/A,N/A,N/A,N/A,N/A,1000,733,N/A,N/A,N/A,N/A,N/A,N/A,4
nsinternal_ma,2020-05-22T19:45:28.524Z,2020-05-22T19:45:28.524Z,,default,4,98.87191,207.93187,Successful,Real,N/A,Mac OS X 10_13_6,699,1198,1.16.36,Pacific Standard Time,0,Chrome 81,Desktop,Intel(R) HD Graphics 6000,English,1,0,WebGLPlayer,256,0,1,5,"{99, 293}","{427, 315}",N/A,N/A,N/A,N/A,N/A,"{591, 244}","{230, 224}","{249, 41}",N/A,N/A,N/A,N/A,N/A,3616,10000,6000,616,1017,N/A,N/A,N/A,N/A,N/A,633,717,633,N/A,N/A,N/A,N/A,N/A,5
nsinternal_ma,2020-05-22T19:45:28.524Z,2020-05-22T19:45:28.524Z,,default,5,102.277527,205.395386,Successful,Real,N/A,Mac OS X 10_13_6,699,1198,1.16.36,Pacific Standard Time,0,Chrome 81,Desktop,Intel(R) HD Graphics 6000,English,1,0,WebGLPlayer,256,0,0,5,"{640, 122}","{230, 224}",N/A,N/A,N/A,N/A,N/A,"{99, 293}","{456, 183}","{446, 61}",N/A,N/A,N/A,N/A,N/A,3550,10000,6000,2500,1050,N/A,N/A,N/A,N/A,N/A,N/A,N/A,N/A,N/A,N/A,N/A,N/A,N/A,2
nsinternal_ma,2020-05-22T19:45:28.524Z,2020-05-22T19:45:28.524Z,,default,6,99.921936,193.263443,Successful,Real,N/A,Mac OS X 10_13_6,699,1198,1.16.36,Pacific Standard Time,0,Chrome 81,Desktop,Intel(R) HD Graphics 6000,English,1,0,WebGLPlayer,256,0,1,5,"{249, 41}","{446, 61}",N/A,N/A,N/A,N/A,N/A,"{640, 122}","{427, 315}","{230, 224}",N/A,N/A,N/A,N/A,N/A,4384,10000,6000,1200,833,N/A,N/A,N/A,N/A,N/A,751,883,717,N/A,N/A,N/A,N/A,N/A,5
nsinternal_ma,2020-05-22T19:45:28.524Z,2020-05-22T19:45:28.524Z,,default,7,96.46291,198.1784,Successful,Real,N/A,Mac OS X 10_13_6,699,1198,1.16.36,Pacific Standard Time,0,Chrome 81,Desktop,Intel(R) HD Graphics 6000,English,1,0,WebGLPlayer,256,0,1,5,"{230, 224}","{640, 122}",N/A,N/A,N/A,N/A,N/A,"{456, 183}","{591, 244}","{249, 41}",N/A,N/A,N/A,N/A,N/A,4350,10000,6000,783,933,N/A,N/A,N/A,N/A,N/A,634,1083,917,N/A,N/A,N/A,N/A,N/A,5
nsinternal_ma,2020-05-22T19:45:28.524Z,2020-05-22T19:45:28.524Z,,default,8,97.75684,169.314072,Successful,Real,N/A,Mac OS X 10_13_6,699,1198,1.16.36,Pacific Standard Time,0,Chrome 81,Desktop,Intel(R) HD Graphics 6000,English,1,0,WebGLPlayer,256,0,0,6,"{446, 61}","{49, 102}",N/A,N/A,N/A,N/A,N/A,"{456, 183}","{230, 224}","{427, 315}","{249, 41}",N/A,N/A,N/A,N/A,2567,11000,7000,1684,883,N/A,N/A,N/A,N/A,N/A,N/A,N/A,N/A,N/A,N/A,N/A,N/A,N/A,2
nsinternal_ma,2020-05-22T19:45:28.524Z,2020-05-22T19:45:28.524Z,,default,9,96.83387,180.962372,Successful,Real,N/A,Mac OS X 10_13_6,699,1198,1.16.36,Pacific Standard Time,0,Chrome 81,Desktop,Intel(R) HD Graphics 6000,English,1,0,WebGLPlayer,256,0,1,6,"{249, 41}","{446, 61}",N/A,N/A,N/A,N/A,N/A,"{640, 122}","{49, 102}","{99, 293}","{427, 315}",N/A,N/A,N/A,N/A,5633,11000,7000,1050,1083,N/A,N/A,N/A,N/A,N/A,717,1050,800,933,N/A,N/A,N/A,N/A,6
nsinternal_ma,2020-05-22T19:45:28.524Z,2020-05-22T19:45:28.524Z,,default,10,95.27257,204.758621,Successful,Real,N/A,Mac OS X 10_13_6,699,1198,1.16.36,Pacific Standard Time,0,Chrome 81,Desktop,Intel(R) HD Graphics 6000,English,1,0,WebGLPlayer,256,0,1,6,"{249, 41}","{99, 293}",N/A,N/A,N/A,N/A,N/A,"{49, 102}","{591, 244}","{230, 224}","{640, 122}",N/A,N/A,N/A,N/A,5066,11000,7000,1183,750,N/A,N/A,N/A,N/A,N/A,650,1083,667,733,N/A,N/A,N/A,N/A,6
nsinternal_ma,2020-05-22T19:45:28.524Z,2020-05-22T19:45:28.524Z,,default,11,97.72261,168.287735,Successful,Real,N/A,Mac OS X 10_13_6,699,1198,1.16.36,Pacific Standard Time,0,Chrome 81,Desktop,Intel(R) HD Graphics 6000,English,1,0,WebGLPlayer,256,0,0,7,"{49, 102}","{249, 41}",N/A,N/A,N/A,N/A,N/A,"{230, 224}","{99, 293}","{591, 244}","{456, 183}","{446, 61}",N/A,N/A,N/A,1500,12000,8000,1500,N/A,N/A,N/A,N/A,N/A,N/A,N/A,N/A,N/A,N/A,N/A,N/A,N/A,N/A,1
nsinternal_ma,2020-05-22T19:45:28.524Z,2020-05-22T19:45:28.524Z,,default,12,96.27399,161.957169,Successful,Real,N/A,Mac OS X 10_13_6,699,1198,1.16.36,Pacific Standard Time,0,Chrome 81,Desktop,Intel(R) HD Graphics 6000,English,1,0,WebGLPlayer,256,0,1,7,"{456, 183}","{591, 244}",N/A,N/A,N/A,N/A,N/A,"{99, 293}","{230, 224}","{49, 102}","{427, 315}","{640, 122}",N/A,N/A,N/A,5650,12000,8000,800,583,N/A,N/A,N/A,N/A,N/A,984,750,650,1033,850,N/A,N/A,N/A,7
nsinternal_ma,2020-05-22T19:45:28.524Z,2020-05-22T19:45:28.524Z,,default,13,96.57813,171.1934,Successful,Real,N/A,Mac OS X 10_13_6,699,1198,1.16.36,Pacific Standard Time,0,Chrome 81,Desktop,Intel(R) HD Graphics 6000,English,1,0,WebGLPlayer,256,0,0,7,"{99, 293}","{640, 122}",N/A,N/A,N/A,N/A,N/A,"{230, 224}","{591, 244}","{456, 183}","{249, 41}","{446, 61}",N/A,N/A,N/A,1634,12000,8000,1634,N/A,N/A,N/A,N/A,N/A,N/A,N/A,N/A,N/A,N/A,N/A,N/A,N/A,N/A,1
nsinternal_ma,2020-05-22T19:45:28.524Z,2020-05-22T19:45:28.524Z,,default,14,93.6572342,164.655731,Successful,Real,N/A,Mac OS X 10_13_6,699,1198,1.16.36,Pacific Standard Time,0,Chrome 81,Desktop,Intel(R) HD Graphics 6000,English,1,0,WebGLPlayer,256,0,0,7,"{249, 41}","{446, 61}",N/A,N/A,N/A,N/A,N/A,"{230, 224}","{456, 183}","{591, 244}","{640, 122}","{99, 293}",N/A,N/A,N/A,1100,12000,8000,1100,N/A,N/A,N/A,N/A,N/A,N/A,N/A,N/A,N/A,N/A,N/A,N/A,N/A,N/A,1
nsinternal_ma,2020-05-22T19:45:28.524Z,2020-05-22T19:45:28.524Z,,default,15,92.6323242,191.332962,Successful,Real,N/A,Mac OS X 10_13_6,699,1198,1.16.36,Pacific Standard Time,0,Chrome 81,Desktop,Intel(R) HD Graphics 6000,English,1,0,WebGLPlayer,256,0,0,7,"{49, 102}","{591, 244}",N/A,N/A,N/A,N/A,N/A,"{230, 224}","{446, 61}","{427, 315}","{249, 41}","{640, 122}",N/A,N/A,N/A,3133,12000,8000,600,1433,N/A,N/A,N/A,N/A,N/A,1100,N/A,N/A,N/A,N/A,N/A,N/A,N/A,3
nsinternal_ras,2020-05-20T11:43:39.171Z,2020-05-20T11:43:39.171Z,,default,0,110.941757,219.762314,Successful,StartingWindow,N/A,Windows 10,799,1198,1.16.35,Central European Standard Time,0,Chrome 81,Desktop,ANGLE (NVIDIA GeForce GTX 1080 Direct3D11 vs_5_0 ps_5_0),English,1,0,WebGLPlayer,256,0,1,3,"{99, 293}","{230, 224}",N/A,N/A,N/A,N/A,N/A,"{446, 61}",N/A,N/A,N/A,N/A,N/A,N/A,N/A,1333,-1,4000,500,383,N/A,N/A,N/A,N/A,N/A,450,N/A,N/A,N/A,N/A,N/A,N/A,N/A,3
nsinternal_ras,2020-05-20T11:43:39.171Z,2020-05-20T11:43:39.171Z,,default,1,112.650887,217.551529,Successful,StartingWindow,N/A,Windows 10,799,1198,1.16.35,Central European Standard Time,0,Chrome 81,Desktop,ANGLE (NVIDIA GeForce GTX 1080 Direct3D11 vs_5_0 ps_5_0),English,1,0,WebGLPlayer,256,0,1,3,"{456, 183}","{230, 224}",N/A,N/A,N/A,N/A,N/A,"{591, 244}",N/A,N/A,N/A,N/A,N/A,N/A,N/A,1033,-1,4000,333,317,N/A,N/A,N/A,N/A,N/A,383,N/A,N/A,N/A,N/A,N/A,N/A,N/A,3
nsinternal_ras,2020-05-20T11:43:39.171Z,2020-05-20T11:43:39.171Z,,default,2,114.017685,207.870972,Successful,StartingWindow,N/A,Windows 10,799,1198,1.16.35,Central European Standard Time,0,Chrome 81,Desktop,ANGLE (NVIDIA GeForce GTX 1080 Direct3D11 vs_5_0 ps_5_0),English,1,0,WebGLPlayer,256,0,1,4,"{456, 183}","{99, 293}",N/A,N/A,N/A,N/A,N/A,"{640, 122}","{230, 224}",N/A,N/A,N/A,N/A,N/A,N/A,1766,-1,5000,416,417,N/A,N/A,N/A,N/A,N/A,517,416,N/A,N/A,N/A,N/A,N/A,N/A,4
nsinternal_ras,2020-05-20T11:44:44.148Z,2020-05-20T11:44:44.148Z,,default,0,112.800575,203.933289,Successful,Real,N/A,Windows 10,799,1198,1.16.35,Central European Standard Time,0,Chrome 81,Desktop,ANGLE (NVIDIA GeForce GTX 1080 Direct3D11 vs_5_0 ps_5_0),English,1,0,WebGLPlayer,256,0,1,3,"{99, 293}","{230, 224}",N/A,N/A,N/A,N/A,N/A,"{446, 61}",N/A,N/A,N/A,N/A,N/A,N/A,N/A,1267,8000,4000,484,383,N/A,N/A,N/A,N/A,N/A,400,N/A,N/A,N/A,N/A,N/A,N/A,N/A,3
nsinternal_ras,2020-05-20T11:44:44.148Z,2020-05-20T11:44:44.148Z,,default,1,112.260788,198.282318,Successful,Real,N/A,Windows 10,799,1198,1.16.35,Central European Standard Time,0,Chrome 81,Desktop,ANGLE (NVIDIA GeForce GTX 1080 Direct3D11 vs_5_0 ps_5_0),English,1,0,WebGLPlayer,256,0,1,3,"{456, 183}","{230, 224}",N/A,N/A,N/A,N/A,N/A,"{591, 244}",N/A,N/A,N/A,N/A,N/A,N/A,N/A,1200,8000,4000,400,400,N/A,N/A,N/A,N/A,N/A,400,N/A,N/A,N/A,N/A,N/A,N/A,N/A,3
nsinternal_ras,2020-05-20T11:44:44.148Z,2020-05-20T11:44:44.148Z,,default,2,111.62059,192.721954,Successful,Real,N/A,Windows 10,799,1198,1.16.35,Central European Standard Time,0,Chrome 81,Desktop,ANGLE (NVIDIA GeForce GTX 1080 Direct3D11 vs_5_0 ps_5_0),English,1,0,WebGLPlayer,256,0,1,4,"{456, 183}","{99, 293}",N/A,N/A,N/A,N/A,N/A,"{640, 122}","{230, 224}",N/A,N/A,N/A,N/A,N/A,N/A,2017,9000,5000,417,466,N/A,N/A,N/A,N/A,N/A,717,417,N/A,N/A,N/A,N/A,N/A,N/A,4
nsinternal_ras,2020-05-20T11:44:44.148Z,2020-05-20T11:44:44.148Z,,default,3,110.970238,188.910248,Successful,Real,N/A,Windows 10,799,1198,1.16.35,Central European Standard Time,0,Chrome 81,Desktop,ANGLE (NVIDIA GeForce GTX 1080 Direct3D11 vs_5_0 ps_5_0),English,1,0,WebGLPlayer,256,0,1,4,"{249, 41}","{640, 122}",N/A,N/A,N/A,N/A,N/A,"{99, 293}","{49, 102}",N/A,N/A,N/A,N/A,N/A,N/A,2267,9000,5000,767,650,N/A,N/A,N/A,N/A,N/A,500,350,N/A,N/A,N/A,N/A,N/A,N/A,4
nsinternal_ras,2020-05-20T11:44:44.148Z,2020-05-20T11:44:44.148Z,,default,4,110.298332,184.836258,Successful,Real,N/A,Windows 10,799,1198,1.16.35,Central European Standard Time,0,Chrome 81,Desktop,ANGLE (NVIDIA GeForce GTX 1080 Direct3D11 vs_5_0 ps_5_0),English,1,0,WebGLPlayer,256,0,1,5,"{99, 293}","{427, 315}",N/A,N/A,N/A,N/A,N/A,"{591, 244}","{230, 224}","{249, 41}",N/A,N/A,N/A,N/A,N/A,2233,10000,6000,567,433,N/A,N/A,N/A,N/A,N/A,384,433,416,N/A,N/A,N/A,N/A,N/A,5
nsinternal_ras,2020-05-20T11:44:44.148Z,2020-05-20T11:44:44.148Z,,default,5,109.625946,182.325317,Successful,Real,N/A,Windows 10,799,1198,1.16.35,Central European Standard Time,0,Chrome 81,Desktop,ANGLE (NVIDIA GeForce GTX 1080 Direct3D11 vs_5_0 ps_5_0),English,1,0,WebGLPlayer,256,0,1,5,"{640, 122}","{230, 224}",N/A,N/A,N/A,N/A,N/A,"{99, 293}","{456, 183}","{446, 61}",N/A,N/A,N/A,N/A,N/A,2183,10000,6000,717,416,N/A,N/A,N/A,N/A,N/A,300,467,283,N/A,N/A,N/A,N/A,N/A,5
nsinternal_ras,2020-05-20T11:44:44.148Z,2020-05-20T11:44:44.148Z,,default,6,108.917763,179.9297,Successful,Real,N/A,Windows 10,799,1198,1.16.35,Central European Standard Time,0,Chrome 81,Desktop,ANGLE (NVIDIA GeForce GTX 1080 Direct3D11 vs_5_0 ps_5_0),English,1,0,WebGLPlayer,256,0,1,6,"{446, 61}","{49, 102}",N/A,N/A,N/A,N/A,N/A,"{456, 183}","{230, 224}","{427, 315}","{249, 41}",N/A,N/A,N/A,N/A,2617,11000,7000,500,517,N/A,N/A,N/A,N/A,N/A,433,367,283,517,N/A,N/A,N/A,N/A,6
nsinternal_ras,2020-05-20T11:44:44.148Z,2020-05-20T11:44:44.148Z,,default,7,108.247841,178.5245,Successful,Real,N/A,Windows 10,799,1198,1.16.35,Central European Standard Time,0,Chrome 81,Desktop,ANGLE (NVIDIA GeForce GTX 1080 Direct3D11 vs_5_0 ps_5_0),English,1,0,WebGLPlayer,256,0,1,6,"{249, 41}","{446, 61}",N/A,N/A,N/A,N/A,N/A,"{640, 122}","{49, 102}","{99, 293}","{427, 315}",N/A,N/A,N/A,N/A,2517,11000,7000,483,417,N/A,N/A,N/A,N/A,N/A,350,467,433,367,N/A,N/A,N/A,N/A,6
nsinternal_ras,2020-05-20T11:44:44.148Z,2020-05-20T11:44:44.148Z,,default,8,107.62178,174.9195,Successful,Real,N/A,Windows 10,799,1198,1.16.35,Central European Standard Time,0,Chrome 81,Desktop,ANGLE (NVIDIA GeForce GTX 1080 Direct3D11 vs_5_0 ps_5_0),English,1,0,WebGLPlayer,256,0,1,7,"{49, 102}","{249, 41}",N/A,N/A,N/A,N/A,N/A,"{230, 224}","{99, 293}","{591, 244}","{456, 183}","{446, 61}",N/A,N/A,N/A,2834,12000,8000,467,400,N/A,N/A,N/A,N/A,N/A,417,383,483,384,300,N/A,N/A,N/A,7
nsinternal_ras,2020-05-20T11:44:44.148Z,2020-05-20T11:44:44.148Z,,default,9,107.044746,171.371323,Successful,Real,N/A,Windows 10,799,1198,1.16.35,Central European Standard Time,0,Chrome 81,Desktop,ANGLE (NVIDIA GeForce GTX 1080 Direct3D11 vs_5_0 ps_5_0),English,1,0,WebGLPlayer,256,0,1,7,"{456, 183}","{591, 244}",N/A,N/A,N/A,N/A,N/A,"{99, 293}","{230, 224}","{49, 102}","{427, 315}","{640, 122}",N/A,N/A,N/A,3084,12000,8000,467,267,N/A,N/A,N/A,N/A,N/A,533,317,400,750,350,N/A,N/A,N/A,7
nsinternal_ras,2020-05-20T11:44:44.148Z,2020-05-20T11:44:44.148Z,,default,10,106.54464,166.844849,Successful,Real,N/A,Windows 10,799,1198,1.16.35,Central European Standard Time,0,Chrome 81,Desktop,ANGLE (NVIDIA GeForce GTX 1080 Direct3D11 vs_5_0 ps_5_0),English,1,0,WebGLPlayer,256,0,0,8,"{591, 244}","{230, 224}",N/A,N/A,N/A,N/A,N/A,"{49, 102}","{456, 183}","{249, 41}","{427, 315}","{99, 293}","{640, 122}",N/A,N/A,2283,13000,9000,350,533,N/A,N/A,N/A,N/A,N/A,384,483,533,N/A,N/A,N/A,N/A,N/A,5
nsinternal_ras,2020-05-20T11:44:44.148Z,2020-05-20T11:44:44.148Z,,default,11,106.005745,163.079987,Successful,Real,N/A,Windows 10,799,1198,1.16.35,Central European Standard Time,0,Chrome 81,Desktop,ANGLE (NVIDIA GeForce GTX 1080 Direct3D11 vs_5_0 ps_5_0),English,1,0,WebGLPlayer,256,0,1,8,"{591, 244}","{446, 61}",N/A,N/A,N/A,N/A,N/A,"{456, 183}","{427, 315}","{249, 41}","{99, 293}","{49, 102}","{640, 122}",N/A,N/A,3767,13000,9000,500,666,N/A,N/A,N/A,N/A,N/A,417,300,500,434,433,517,N/A,N/A,8
nsinternal_ras,2020-05-20T11:44:44.148Z,2020-05-20T11:44:44.148Z,,default,12,105.534317,159.524323,Successful,Real,N/A,Windows 10,799,1198,1.16.35,Central European Standard Time,0,Chrome 81,Desktop,ANGLE (NVIDIA GeForce GTX 1080 Direct3D11 vs_5_0 ps_5_0),English,1,0,WebGLPlayer,256,0,1,8,"{427, 315}","{446, 61}",N/A,N/A,N/A,N/A,N/A,"{591, 244}","{640, 122}","{456, 183}","{249, 41}","{99, 293}","{230, 224}",N/A,N/A,3567,13000,9000,967,384,N/A,N/A,N/A,N/A,N/A,399,267,383,451,466,250,N/A,N/A,8
nsinternal_ras,2020-05-20T11:44:44.148Z,2020-05-20T11:44:44.148Z,,default,13,105.159805,155.443344,Successful,Real,N/A,Windows 10,799,1198,1.16.35,Central European Standard Time,0,Chrome 81,Desktop,ANGLE (NVIDIA GeForce GTX 1080 Direct3D11 vs_5_0 ps_5_0),English,1,0,WebGLPlayer,256,0,0,9,"{446, 61}","{427, 315}",N/A,N/A,N/A,N/A,N/A,"{99, 293}","{456, 183}","{591, 244}","{49, 102}","{230, 224}","{640, 122}","{249, 41}",N/A,884,14000,10000,884,N/A,N/A,N/A,N/A,N/A,N/A,N/A,N/A,N/A,N/A,N/A,N/A,N/A,N/A,1
nsinternal_ras,2020-05-20T11:44:44.148Z,2020-05-20T11:44:44.148Z,,default,14,104.81926,152.008377,Successful,Real,N/A,Windows 10,799,1198,1.16.35,Central European Standard Time,0,Chrome 81,Desktop,ANGLE (NVIDIA GeForce GTX 1080 Direct3D11 vs_5_0 ps_5_0),English,1,0,WebGLPlayer,256,0,0,9,"{230, 224}","{640, 122}",N/A,N/A,N/A,N/A,N/A,"{427, 315}","{446, 61}","{456, 183}","{591, 244}","{99, 293}","{249, 41}","{49, 102}",N/A,867,14000,10000,467,400,N/A,N/A,N/A,N/A,N/A,N/A,N/A,N/A,N/A,N/A,N/A,N/A,N/A,2
nsinternal_ras,2020-05-20T11:44:44.148Z,2020-05-20T11:44:44.148Z,,default,15,104.322182,149.975357,Successful,Real,N/A,Windows 10,799,1198,1.16.35,Central European Standard Time,0,Chrome 81,Desktop,ANGLE (NVIDIA GeForce GTX 1080 Direct3D11 vs_5_0 ps_5_0),English,1,0,WebGLPlayer,256,0,1,9,"{49, 102}","{446, 61}",N/A,N/A,N/A,N/A,N/A,"{640, 122}","{591, 244}","{249, 41}","{99, 293}","{230, 224}","{456, 183}","{427, 315}",N/A,6016,14000,10000,766,567,N/A,N/A,N/A,N/A,N/A,617,400,550,583,1567,667,299,N/A,9
nsinternal_ras,2020-05-20T11:44:44.148Z,2020-05-20T11:44:44.148Z,,default,16,103.932785,147.6186,Successful,Real,N/A,Windows 10,799,1198,1.16.35,Central European Standard Time,0,Chrome 81,Desktop,ANGLE (NVIDIA GeForce GTX 1080 Direct3D11 vs_5_0 ps_5_0),English,1,0,WebGLPlayer,256,0,1,9,"{446, 61}","{591, 244}",N/A,N/A,N/A,N/A,N/A,"{427, 315}","{230, 224}","{456, 183}","{640, 122}","{249, 41}","{49, 102}","{99, 293}",N/A,4100,14000,10000,467,383,N/A,N/A,N/A,N/A,N/A,350,534,550,466,600,384,366,N/A,9
nsinternal_rc,2020-05-22T16:24:32.059Z,2020-05-22T16:24:32.059Z,,default,0,112.126793,151.695862,Successful,Real,N/A,Windows 10,799,1198,1.16.36,Pacific Standard Time,0,Firefox 76,Desktop,ANGLE (Intel(R) HD Graphics 630 Direct3D11 vs_5_0 ps_5_0),English,1,0,WebGLPlayer,256,0,1,3,"{99, 293}","{230, 224}",N/A,N/A,N/A,N/A,N/A,"{446, 61}",N/A,N/A,N/A,N/A,N/A,N/A,N/A,1433,8000,4000,333,450,N/A,N/A,N/A,N/A,N/A,650,N/A,N/A,N/A,N/A,N/A,N/A,N/A,3
nsinternal_rc,2020-05-22T16:24:32.059Z,2020-05-22T16:24:32.059Z,,default,1,110.94223,160.141464,Successful,Real,N/A,Windows 10,799,1198,1.16.36,Pacific Standard Time,0,Firefox 76,Desktop,ANGLE (Intel(R) HD Graphics 630 Direct3D11 vs_5_0 ps_5_0),English,1,0,WebGLPlayer,256,0,1,3,"{456, 183}","{230, 224}",N/A,N/A,N/A,N/A,N/A,"{591, 244}",N/A,N/A,N/A,N/A,N/A,N/A,N/A,1417,8000,4000,450,417,N/A,N/A,N/A,N/A,N/A,550,N/A,N/A,N/A,N/A,N/A,N/A,N/A,3
nsinternal_rc,2020-05-22T16:24:32.059Z,2020-05-22T16:24:32.059Z,,default,2,111.034431,151.134521,Successful,Real,N/A,Windows 10,799,1198,1.16.36,Pacific Standard Time,0,Firefox 76,Desktop,ANGLE (Intel(R) HD Graphics 630 Direct3D11 vs_5_0 ps_5_0),English,1,0,WebGLPlayer,256,0,1,4,"{456, 183}","{99, 293}",N/A,N/A,N/A,N/A,N/A,"{640, 122}","{230, 224}",N/A,N/A,N/A,N/A,N/A,N/A,2217,9000,5000,417,617,N/A,N/A,N/A,N/A,N/A,616,567,N/A,N/A,N/A,N/A,N/A,N/A,4
nsinternal_rc,2020-05-22T16:24:32.059Z,2020-05-22T16:24:32.059Z,,default,3,110.831429,157.021057,Successful,Real,N/A,Windows 10,799,1198,1.16.36,Pacific Standard Time,0,Firefox 76,Desktop,ANGLE (Intel(R) HD Graphics 630 Direct3D11 vs_5_0 ps_5_0),English,1,0,WebGLPlayer,256,0,1,4,"{249, 41}","{640, 122}",N/A,N/A,N/A,N/A,N/A,"{99, 293}","{49, 102}",N/A,N/A,N/A,N/A,N/A,N/A,2466,9000,5000,350,866,N/A,N/A,N/A,N/A,N/A,634,616,N/A,N/A,N/A,N/A,N/A,N/A,4
nsinternal_rc,2020-05-22T16:24:32.059Z,2020-05-22T16:24:32.059Z,,default,4,109.812355,169.260773,Successful,Real,N/A,Windows 10,799,1198,1.16.36,Pacific Standard Time,0,Firefox 76,Desktop,ANGLE (Intel(R) HD Graphics 630 Direct3D11 vs_5_0 ps_5_0),English,1,0,WebGLPlayer,256,0,1,5,"{99, 293}","{427, 315}",N/A,N/A,N/A,N/A,N/A,"{591, 244}","{230, 224}","{249, 41}",N/A,N/A,N/A,N/A,N/A,2666,10000,6000,599,534,N/A,N/A,N/A,N/A,N/A,466,600,467,N/A,N/A,N/A,N/A,N/A,5
nsinternal_rc,2020-05-22T16:24:32.059Z,2020-05-22T16:24:32.059Z,,default,5,112.38195,158.717667,Successful,Real,N/A,Windows 10,799,1198,1.16.36,Pacific Standard Time,0,Firefox 76,Desktop,ANGLE (Intel(R) HD Graphics 630 Direct3D11 vs_5_0 ps_5_0),English,1,0,WebGLPlayer,256,0,1,5,"{640, 122}","{230, 224}",N/A,N/A,N/A,N/A,N/A,"{99, 293}","{456, 183}","{446, 61}",N/A,N/A,N/A,N/A,N/A,2283,10000,6000,316,534,N/A,N/A,N/A,N/A,N/A,450,466,517,N/A,N/A,N/A,N/A,N/A,5
nsinternal_rc,2020-05-22T16:24:32.059Z,2020-05-22T16:24:32.059Z,,default,6,111.466919,151.700851,Successful,Real,N/A,Windows 10,799,1198,1.16.36,Pacific Standard Time,0,Firefox 76,Desktop,ANGLE (Intel(R) HD Graphics 630 Direct3D11 vs_5_0 ps_5_0),English,1,0,WebGLPlayer,256,0,1,6,"{446, 61}","{49, 102}",N/A,N/A,N/A,N/A,N/A,"{456, 183}","{230, 224}","{427, 315}","{249, 41}",N/A,N/A,N/A,N/A,3333,11000,7000,283,800,N/A,N/A,N/A,N/A,N/A,617,450,533,650,N/A,N/A,N/A,N/A,6
nsinternal_rc,2020-05-22T16:24:32.059Z,2020-05-22T16:24:32.059Z,,default,7,111.5796,162.1554,Successful,Real,N/A,Windows 10,799,1198,1.16.36,Pacific Standard Time,0,Firefox 76,Desktop,ANGLE (Intel(R) HD Graphics 630 Direct3D11 vs_5_0 ps_5_0),English,1,0,WebGLPlayer,256,0,1,6,"{249, 41}","{446, 61}",N/A,N/A,N/A,N/A,N/A,"{640, 122}","{49, 102}","{99, 293}","{427, 315}",N/A,N/A,N/A,N/A,3017,11000,7000,334,550,N/A,N/A,N/A,N/A,N/A,417,599,534,583,N/A,N/A,N/A,N/A,6
nsinternal_rc,2020-05-22T16:24:32.059Z,2020-05-22T16:24:32.059Z,,default,8,107.910019,179.150955,Successful,Real,N/A,Windows 10,799,1198,1.16.36,Pacific Standard Time,0,Firefox 76,Desktop,ANGLE (Intel(R) HD Graphics 630 Direct3D11 vs_5_0 ps_5_0),English,1,0,WebGLPlayer,256,0,0,7,"{49, 102}","{249, 41}",N/A,N/A,N/A,N/A,N/A,"{230, 224}","{99, 293}","{591, 244}","{456, 183}","{446, 61}",N/A,N/A,N/A,1634,12000,8000,783,434,N/A,N/A,N/A,N/A,N/A,417,N/A,N/A,N/A,N/A,N/A,N/A,N/A,3
nsinternal_rc,2020-05-22T16:24:32.059Z,2020-05-22T16:24:32.059Z,,default,9,111.299438,170.715927,Successful,Real,N/A,Windows 10,799,1198,1.16.36,Pacific Standard Time,0,Firefox 76,Desktop,ANGLE (Intel(R) HD Graphics 630 Direct3D11 vs_5_0 ps_5_0),English,1,0,WebGLPlayer,256,0,0,7,"{456, 183}","{591, 244}",N/A,N/A,N/A,N/A,N/A,"{99, 293}","{230, 224}","{49, 102}","{427, 315}","{640, 122}",N/A,N/A,N/A,1900,12000,8000,734,550,N/A,N/A,N/A,N/A,N/A,616,N/A,N/A,N/A,N/A,N/A,N/A,N/A,3
nsinternal_rc,2020-05-22T16:24:32.059Z,2020-05-22T16:24:32.059Z,,default,10,111.142921,162.682587,Successful,Real,N/A,Windows 10,799,1198,1.16.36,Pacific Standard Time,0,Firefox 76,Desktop,ANGLE (Intel(R) HD Graphics 630 Direct3D11 vs_5_0 ps_5_0),English,1,0,WebGLPlayer,256,0,0,7,"{99, 293}","{640, 122}",N/A,N/A,N/A,N/A,N/A,"{230, 224}","{591, 244}","{456, 183}","{249, 41}","{446, 61}",N/A,N/A,N/A,4916,12000,8000,816,734,N/A,N/A,N/A,N/A,N/A,1333,833,650,550,N/A,N/A,N/A,N/A,6
nsinternal_rc,2020-05-22T16:24:02.522Z,2020-05-22T16:24:02.522Z,,default,0,111.486244,140.3091,Successful,StartingWindow,N/A,Windows 10,799,1198,1.16.36,Pacific Standard Time,0,Firefox 76,Desktop,ANGLE (Intel(R) HD Graphics 630 Direct3D11 vs_5_0 ps_5_0),English,1,0,WebGLPlayer,256,0,1,3,"{99, 293}","{230, 224}",N/A,N/A,N/A,N/A,N/A,"{446, 61}",N/A,N/A,N/A,N/A,N/A,N/A,N/A,1400,-1,4000,300,466,N/A,N/A,N/A,N/A,N/A,634,N/A,N/A,N/A,N/A,N/A,N/A,N/A,3
nsinternal_rc,2020-05-22T16:24:02.522Z,2020-05-22T16:24:02.522Z,,default,1,110.6757,147.825211,Successful,StartingWindow,N/A,Windows 10,799,1198,1.16.36,Pacific Standard Time,0,Firefox 76,Desktop,ANGLE (Intel(R) HD Graphics 630 Direct3D11 vs_5_0 ps_5_0),English,1,0,WebGLPlayer,256,0,1,3,"{456, 183}","{230, 224}",N/A,N/A,N/A,N/A,N/A,"{591, 244}",N/A,N/A,N/A,N/A,N/A,N/A,N/A,1850,-1,4000,550,617,N/A,N/A,N/A,N/A,N/A,683,N/A,N/A,N/A,N/A,N/A,N/A,N/A,3
nsinternal_rc,2020-05-22T16:24:02.522Z,2020-05-22T16:24:02.522Z,,default,2,111.3527,151.734909,Successful,StartingWindow,N/A,Windows 10,799,1198,1.16.36,Pacific Standard Time,0,Firefox 76,Desktop,ANGLE (Intel(R) HD Graphics 630 Direct3D11 vs_5_0 ps_5_0),English,1,0,WebGLPlayer,256,0,1,4,"{456, 183}","{99, 293}",N/A,N/A,N/A,N/A,N/A,"{640, 122}","{230, 224}",N/A,N/A,N/A,N/A,N/A,N/A,2334,-1,5000,334,616,N/A,N/A,N/A,N/A,N/A,717,667,N/A,N/A,N/A,N/A,N/A,N/A,4
nsinternal_so,2020-05-22T19:03:15.208Z,2020-05-22T19:03:15.208Z,,default,0,119.644264,175.777649,Successful,Real,N/A,Mac OS X 10_15_4,799,1198,1.16.36,Pacific Standard Time,0,Chrome 81,Desktop,Intel(R) Iris(TM) Plus Graphics 655,English,1,0,WebGLPlayer,256,0,1,3,"{99, 293}","{230, 224}",N/A,N/A,N/A,N/A,N/A,"{446, 61}",N/A,N/A,N/A,N/A,N/A,N/A,N/A,1766,8000,4000,366,467,N/A,N/A,N/A,N/A,N/A,933,N/A,N/A,N/A,N/A,N/A,N/A,N/A,3
nsinternal_so,2020-05-22T19:03:15.208Z,2020-05-22T19:03:15.208Z,,default,1,119.981918,147.5995,Successful,Real,N/A,Mac OS X 10_15_4,799,1198,1.16.36,Pacific Standard Time,0,Chrome 81,Desktop,Intel(R) Iris(TM) Plus Graphics 655,English,1,0,WebGLPlayer,256,0,1,3,"{456, 183}","{230, 224}",N/A,N/A,N/A,N/A,N/A,"{591, 244}",N/A,N/A,N/A,N/A,N/A,N/A,N/A,2050,8000,4000,1000,500,N/A,N/A,N/A,N/A,N/A,550,N/A,N/A,N/A,N/A,N/A,N/A,N/A,3
nsinternal_so,2020-05-22T19:03:15.208Z,2020-05-22T19:03:15.208Z,,default,2,119.637939,150.710922,Successful,Real,N/A,Mac OS X 10_15_4,799,1198,1.16.36,Pacific Standard Time,0,Chrome 81,Desktop,Intel(R) Iris(TM) Plus Graphics 655,English,1,0,WebGLPlayer,256,0,1,4,"{456, 183}","{99, 293}",N/A,N/A,N/A,N/A,N/A,"{640, 122}","{230, 224}",N/A,N/A,N/A,N/A,N/A,N/A,3283,9000,5000,1400,550,N/A,N/A,N/A,N/A,N/A,733,600,N/A,N/A,N/A,N/A,N/A,N/A,4
nsinternal_so,2020-05-22T19:03:15.208Z,2020-05-22T19:03:15.208Z,,default,3,117.7321,157.9452,Successful,Real,N/A,Mac OS X 10_15_4,799,1198,1.16.36,Pacific Standard Time,0,Chrome 81,Desktop,Intel(R) Iris(TM) Plus Graphics 655,English,1,0,WebGLPlayer,256,0,1,4,"{249, 41}","{640, 122}",N/A,N/A,N/A,N/A,N/A,"{99, 293}","{49, 102}",N/A,N/A,N/A,N/A,N/A,N/A,2366,9000,5000,350,700,N/A,N/A,N/A,N/A,N/A,750,566,N/A,N/A,N/A,N/A,N/A,N/A,4
nsinternal_so,2020-05-22T19:03:15.208Z,2020-05-22T19:03:15.208Z,,default,4,116.644836,156.370926,Successful,Real,N/A,Mac OS X 10_15_4,799,1198,1.16.36,Pacific Standard Time,0,Chrome 81,Desktop,Intel(R) Iris(TM) Plus Graphics 655,English,1,0,WebGLPlayer,256,0,1,5,"{99, 293}","{427, 315}",N/A,N/A,N/A,N/A,N/A,"{591, 244}","{230, 224}","{249, 41}",N/A,N/A,N/A,N/A,N/A,2917,10000,6000,267,866,N/A,N/A,N/A,N/A,N/A,567,600,617,N/A,N/A,N/A,N/A,N/A,5
nsinternal_so,2020-05-22T19:03:15.208Z,2020-05-22T19:03:15.208Z,,default,5,116.3458,149.688354,Successful,Real,N/A,Mac OS X 10_15_4,799,1198,1.16.36,Pacific Standard Time,0,Chrome 81,Desktop,Intel(R) Iris(TM) Plus Graphics 655,English,1,0,WebGLPlayer,256,0,1,5,"{640, 122}","{230, 224}",N/A,N/A,N/A,N/A,N/A,"{99, 293}","{456, 183}","{446, 61}",N/A,N/A,N/A,N/A,N/A,2784,10000,6000,400,684,N/A,N/A,N/A,N/A,N/A,467,683,550,N/A,N/A,N/A,N/A,N/A,5
nsinternal_so,2020-05-22T19:03:15.208Z,2020-05-22T19:03:15.208Z,,default,6,114.726105,149.774414,Successful,Real,N/A,Mac OS X 10_15_4,799,1198,1.16.36,Pacific Standard Time,0,Chrome 81,Desktop,Intel(R) Iris(TM) Plus Graphics 655,English,1,0,WebGLPlayer,256,0,1,6,"{446, 61}","{49, 102}",N/A,N/A,N/A,N/A,N/A,"{456, 183}","{230, 224}","{427, 315}","{249, 41}",N/A,N/A,N/A,N/A,3934,11000,7000,300,967,N/A,N/A,N/A,N/A,N/A,683,484,783,717,N/A,N/A,N/A,N/A,6
nsinternal_so,2020-05-22T19:03:15.208Z,2020-05-22T19:03:15.208Z,,default,7,113.31282,150.780548,Successful,Real,N/A,Mac OS X 10_15_4,799,1198,1.16.36,Pacific Standard Time,0,Chrome 81,Desktop,Intel(R) Iris(TM) Plus Graphics 655,English,1,0,WebGLPlayer,256,0,1,6,"{249, 41}","{446, 61}",N/A,N/A,N/A,N/A,N/A,"{640, 122}","{49, 102}","{99, 293}","{427, 315}",N/A,N/A,N/A,N/A,3400,11000,7000,217,483,N/A,N/A,N/A,N/A,N/A,634,850,550,666,N/A,N/A,N/A,N/A,6
nsinternal_so,2020-05-22T19:03:15.208Z,2020-05-22T19:03:15.208Z,,default,8,112.977577,144.8617,Successful,Real,N/A,Mac OS X 10_15_4,799,1198,1.16.36,Pacific Standard Time,0,Chrome 81,Desktop,Intel(R) Iris(TM) Plus Graphics 655,English,1,0,WebGLPlayer,256,0,1,7,"{49, 102}","{249, 41}",N/A,N/A,N/A,N/A,N/A,"{230, 224}","{99, 293}","{591, 244}","{456, 183}","{446, 61}",N/A,N/A,N/A,3817,12000,8000,451,583,N/A,N/A,N/A,N/A,N/A,550,483,717,483,550,N/A,N/A,N/A,7
nsinternal_so,2020-05-22T19:03:15.208Z,2020-05-22T19:03:15.208Z,,default,9,111.956779,134.001984,Successful,Real,N/A,Mac OS X 10_15_4,799,1198,1.16.36,Pacific Standard Time,0,Chrome 81,Desktop,Intel(R) Iris(TM) Plus Graphics 655,English,1,0,WebGLPlayer,256,0,0,7,"{456, 183}","{591, 244}",N/A,N/A,N/A,N/A,N/A,"{99, 293}","{230, 224}","{49, 102}","{427, 315}","{640, 122}",N/A,N/A,N/A,2183,12000,8000,600,483,N/A,N/A,N/A,N/A,N/A,517,583,N/A,N/A,N/A,N/A,N/A,N/A,4
nsinternal_so,2020-05-22T19:03:15.208Z,2020-05-22T19:03:15.208Z,,default,10,110.9445,126.455452,Successful,Real,N/A,Mac OS X 10_15_4,799,1198,1.16.36,Pacific Standard Time,0,Chrome 81,Desktop,Intel(R) Iris(TM) Plus Graphics 655,English,1,0,WebGLPlayer,256,0,0,7,"{99, 293}","{640, 122}",N/A,N/A,N/A,N/A,N/A,"{230, 224}","{591, 244}","{456, 183}","{249, 41}","{446, 61}",N/A,N/A,N/A,7767,12000,8000,867,816,N/A,N/A,N/A,N/A,N/A,684,750,500,616,3534,N/A,N/A,N/A,7
nsinternal_so,2020-05-22T19:03:15.208Z,2020-05-22T19:03:15.208Z,,default,11,109.585808,131.182281,Successful,Real,N/A,Mac OS X 10_15_4,799,1198,1.16.36,Pacific Standard Time,0,Chrome 81,Desktop,Intel(R) Iris(TM) Plus Graphics 655,English,1,0,WebGLPlayer,256,0,1,7,"{249, 41}","{446, 61}",N/A,N/A,N/A,N/A,N/A,"{230, 224}","{456, 183}","{591, 244}","{640, 122}","{99, 293}",N/A,N/A,N/A,5367,12000,8000,1517,850,N/A,N/A,N/A,N/A,N/A,667,583,533,500,717,N/A,N/A,N/A,7
nsinternal_so,2020-05-22T19:03:15.208Z,2020-05-22T19:03:15.208Z,,default,12,108.878448,125.606415,Successful,Real,N/A,Mac OS X 10_15_4,799,1198,1.16.36,Pacific Standard Time,0,Chrome 81,Desktop,Intel(R) Iris(TM) Plus Graphics 655,English,1,0,WebGLPlayer,256,0,1,7,"{49, 102}","{591, 244}",N/A,N/A,N/A,N/A,N/A,"{230, 224}","{446, 61}","{427, 315}","{249, 41}","{640, 122}",N/A,N/A,N/A,5384,12000,8000,1267,1100,N/A,N/A,N/A,N/A,N/A,533,567,550,667,700,N/A,N/A,N/A,7
nsinternal_so,2020-05-22T19:03:15.208Z,2020-05-22T19:03:15.208Z,,default,13,108.23616,114.929054,Successful,Real,N/A,Mac OS X 10_15_4,799,1198,1.16.36,Pacific Standard Time,0,Chrome 81,Desktop,Intel(R) Iris(TM) Plus Graphics 655,English,1,0,WebGLPlayer,256,0,0,8,"{591, 244}","{230, 224}",N/A,N/A,N/A,N/A,N/A,"{49, 102}","{456, 183}","{249, 41}","{427, 315}","{99, 293}","{640, 122}",N/A,N/A,3200,13000,9000,400,650,N/A,N/A,N/A,N/A,N/A,483,767,900,N/A,N/A,N/A,N/A,N/A,5
nsinternal_so,2020-05-22T19:03:15.208Z,2020-05-22T19:03:15.208Z,,default,14,107.077095,112.444832,Successful,Real,N/A,Mac OS X 10_15_4,799,1198,1.16.36,Pacific Standard Time,0,Chrome 81,Desktop,Intel(R) Iris(TM) Plus Graphics 655,English,1,0,WebGLPlayer,256,0,0,8,"{591, 244}","{446, 61}",N/A,N/A,N/A,N/A,N/A,"{456, 183}","{427, 315}","{249, 41}","{99, 293}","{49, 102}","{640, 122}",N/A,N/A,5250,13000,9000,667,1300,N/A,N/A,N/A,N/A,N/A,550,567,650,933,583,N/A,N/A,N/A,7
nsinternal_so,2020-05-22T19:03:15.208Z,2020-05-22T19:03:15.208Z,,default,15,108.279922,106.156387,Successful,Real,N/A,Mac OS X 10_15_4,799,1198,1.16.36,Pacific Standard Time,0,Chrome 81,Desktop,Intel(R) Iris(TM) Plus Graphics 655,English,1,0,WebGLPlayer,256,0,0,8,"{427, 315}","{446, 61}",N/A,N/A,N/A,N/A,N/A,"{591, 244}","{640, 122}","{456, 183}","{249, 41}","{99, 293}","{230, 224}",N/A,N/A,1767,13000,9000,1000,767,N/A,N/A,N/A,N/A,N/A,N/A,N/A,N/A,N/A,N/A,N/A,N/A,N/A,2
nsinternal_so,2020-05-22T19:02:45.161Z,2020-05-22T19:02:45.161Z,,default,0,119.584564,173.90802,Successful,StartingWindow,N/A,Mac OS X 10_15_4,799,1198,1.16.36,Pacific Standard Time,0,Chrome 81,Desktop,Intel(R) Iris(TM) Plus Graphics 655,English,1,0,WebGLPlayer,256,0,1,3,"{99, 293}","{230, 224}",N/A,N/A,N/A,N/A,N/A,"{446, 61}",N/A,N/A,N/A,N/A,N/A,N/A,N/A,1966,-1,4000,350,533,N/A,N/A,N/A,N/A,N/A,1083,N/A,N/A,N/A,N/A,N/A,N/A,N/A,3
nsinternal_so,2020-05-22T19:02:45.161Z,2020-05-22T19:02:45.161Z,,default,1,119.887329,165.205292,Successful,StartingWindow,N/A,Mac OS X 10_15_4,799,1198,1.16.36,Pacific Standard Time,0,Chrome 81,Desktop,Intel(R) Iris(TM) Plus Graphics 655,English,1,0,WebGLPlayer,256,0,1,3,"{456, 183}","{230, 224}",N/A,N/A,N/A,N/A,N/A,"{591, 244}",N/A,N/A,N/A,N/A,N/A,N/A,N/A,1683,-1,4000,417,566,N/A,N/A,N/A,N/A,N/A,700,N/A,N/A,N/A,N/A,N/A,N/A,N/A,3
nsinternal_so,2020-05-22T19:02:45.161Z,2020-05-22T19:02:45.161Z,,default,2,119.43821,173.226181,Successful,StartingWindow,N/A,Mac OS X 10_15_4,799,1198,1.16.36,Pacific Standard Time,0,Chrome 81,Desktop,Intel(R) Iris(TM) Plus Graphics 655,English,1,0,WebGLPlayer,256,0,1,4,"{456, 183}","{99, 293}",N/A,N/A,N/A,N/A,N/A,"{640, 122}","{230, 224}",N/A,N/A,N/A,N/A,N/A,N/A,2200,-1,5000,83,700,N/A,N/A,N/A,N/A,N/A,784,633,N/A,N/A,N/A,N/A,N/A,N/A,4
nsinternal_ss,2020-05-20T01:17:14.255Z,2020-05-20T01:17:14.255Z,,default,0,115.060905,202.97728,Successful,StartingWindow,N/A,Mac OS X 10_15_4,799,839,1.16.35,Pacific Standard Time,0,Chrome 81,Desktop,NVIDIA GeForce GT 750M OpenGL Engine,English,1,0,WebGLPlayer,256,0,1,3,"{99, 293}","{230, 224}",N/A,N/A,N/A,N/A,N/A,"{446, 61}",N/A,N/A,N/A,N/A,N/A,N/A,N/A,1567,-1,4000,366,500,N/A,N/A,N/A,N/A,N/A,701,N/A,N/A,N/A,N/A,N/A,N/A,N/A,3
nsinternal_ss,2020-05-20T01:17:14.255Z,2020-05-20T01:17:14.255Z,,default,1,117.346344,216.258331,Successful,StartingWindow,N/A,Mac OS X 10_15_4,799,839,1.16.35,Pacific Standard Time,0,Chrome 81,Desktop,NVIDIA GeForce GT 750M OpenGL Engine,English,1,0,WebGLPlayer,256,0,1,3,"{456, 183}","{230, 224}",N/A,N/A,N/A,N/A,N/A,"{591, 244}",N/A,N/A,N/A,N/A,N/A,N/A,N/A,1817,-1,4000,416,667,N/A,N/A,N/A,N/A,N/A,734,N/A,N/A,N/A,N/A,N/A,N/A,N/A,3
nsinternal_ss,2020-05-20T01:17:14.255Z,2020-05-20T01:17:14.255Z,,default,2,119.09285,206.743225,Successful,StartingWindow,N/A,Mac OS X 10_15_4,799,839,1.16.35,Pacific Standard Time,0,Chrome 81,Desktop,NVIDIA GeForce GT 750M OpenGL Engine,English,1,0,WebGLPlayer,256,0,1,4,"{456, 183}","{99, 293}",N/A,N/A,N/A,N/A,N/A,"{640, 122}","{230, 224}",N/A,N/A,N/A,N/A,N/A,N/A,2834,-1,5000,317,633,N/A,N/A,N/A,N/A,N/A,1167,717,N/A,N/A,N/A,N/A,N/A,N/A,4
nsinternal_ss,2020-05-20T01:17:42.947Z,2020-05-20T01:17:42.947Z,,default,0,117.01487,270.6416,Successful,Real,N/A,Mac OS X 10_15_4,799,839,1.16.35,Pacific Standard Time,0,Chrome 81,Desktop,NVIDIA GeForce GT 750M OpenGL Engine,English,1,0,WebGLPlayer,256,0,1,3,"{99, 293}","{230, 224}",N/A,N/A,N/A,N/A,N/A,"{446, 61}",N/A,N/A,N/A,N/A,N/A,N/A,N/A,1567,8000,4000,84,733,N/A,N/A,N/A,N/A,N/A,750,N/A,N/A,N/A,N/A,N/A,N/A,N/A,3
nsinternal_ss,2020-05-20T01:17:42.947Z,2020-05-20T01:17:42.947Z,,default,1,116.40934,264.667816,Successful,Real,N/A,Mac OS X 10_15_4,799,839,1.16.35,Pacific Standard Time,0,Chrome 81,Desktop,NVIDIA GeForce GT 750M OpenGL Engine,English,1,0,WebGLPlayer,256,0,1,3,"{456, 183}","{230, 224}",N/A,N/A,N/A,N/A,N/A,"{591, 244}",N/A,N/A,N/A,N/A,N/A,N/A,N/A,1866,8000,4000,466,584,N/A,N/A,N/A,N/A,N/A,816,N/A,N/A,N/A,N/A,N/A,N/A,N/A,3
nsinternal_ss,2020-05-20T01:17:42.947Z,2020-05-20T01:17:42.947Z,,default,2,115.832436,259.880157,Successful,Real,N/A,Mac OS X 10_15_4,799,839,1.16.35,Pacific Standard Time,0,Chrome 81,Desktop,NVIDIA GeForce GT 750M OpenGL Engine,English,1,0,WebGLPlayer,256,0,1,4,"{456, 183}","{99, 293}",N/A,N/A,N/A,N/A,N/A,"{640, 122}","{230, 224}",N/A,N/A,N/A,N/A,N/A,N/A,2800,9000,5000,400,833,N/A,N/A,N/A,N/A,N/A,750,817,N/A,N/A,N/A,N/A,N/A,N/A,4
nsinternal_ss,2020-05-20T01:17:42.947Z,2020-05-20T01:17:42.947Z,,default,3,115.370636,256.3297,Successful,Real,N/A,Mac OS X 10_15_4,799,839,1.16.35,Pacific Standard Time,0,Chrome 81,Desktop,NVIDIA GeForce GT 750M OpenGL Engine,English,1,0,WebGLPlayer,256,0,1,4,"{249, 41}","{640, 122}",N/A,N/A,N/A,N/A,N/A,"{99, 293}","{49, 102}",N/A,N/A,N/A,N/A,N/A,N/A,2933,9000,5000,266,967,N/A,N/A,N/A,N/A,N/A,917,783,N/A,N/A,N/A,N/A,N/A,N/A,4
nsinternal_ss,2020-05-20T01:17:42.947Z,2020-05-20T01:17:42.947Z,,default,4,115.012108,255.2909,Successful,Real,N/A,Mac OS X 10_15_4,799,839,1.16.35,Pacific Standard Time,0,Chrome 81,Desktop,NVIDIA GeForce GT 750M OpenGL Engine,English,1,0,WebGLPlayer,256,0,1,5,"{99, 293}","{427, 315}",N/A,N/A,N/A,N/A,N/A,"{591, 244}","{230, 224}","{249, 41}",N/A,N/A,N/A,N/A,N/A,3000,10000,6000,100,667,N/A,N/A,N/A,N/A,N/A,700,683,850,N/A,N/A,N/A,N/A,N/A,5
nsinternal_ss,2020-05-20T01:17:42.947Z,2020-05-20T01:17:42.947Z,,default,5,114.705536,255.443756,Successful,Real,N/A,Mac OS X 10_15_4,799,839,1.16.35,Pacific Standard Time,0,Chrome 81,Desktop,NVIDIA GeForce GT 750M OpenGL Engine,English,1,0,WebGLPlayer,256,0,1,5,"{640, 122}","{230, 224}",N/A,N/A,N/A,N/A,N/A,"{99, 293}","{456, 183}","{446, 61}",N/A,N/A,N/A,N/A,N/A,3283,10000,6000,583,634,N/A,N/A,N/A,N/A,N/A,616,750,700,N/A,N/A,N/A,N/A,N/A,5
nsinternal_ss,2020-05-20T01:17:42.947Z,2020-05-20T01:17:42.947Z,,default,6,114.479584,252.522141,Successful,Real,N/A,Mac OS X 10_15_4,799,839,1.16.35,Pacific Standard Time,0,Chrome 81,Desktop,NVIDIA GeForce GT 750M OpenGL Engine,English,1,0,WebGLPlayer,256,0,1,6,"{446, 61}","{49, 102}",N/A,N/A,N/A,N/A,N/A,"{456, 183}","{230, 224}","{427, 315}","{249, 41}",N/A,N/A,N/A,N/A,3667,11000,7000,333,650,N/A,N/A,N/A,N/A,N/A,701,616,600,767,N/A,N/A,N/A,N/A,6
nsinternal_ss,2020-05-20T01:17:42.947Z,2020-05-20T01:17:42.947Z,,default,7,114.200348,251.313934,Successful,Real,N/A,Mac OS X 10_15_4,799,839,1.16.35,Pacific Standard Time,0,Chrome 81,Desktop,NVIDIA GeForce GT 750M OpenGL Engine,English,1,0,WebGLPlayer,256,0,1,6,"{249, 41}","{446, 61}",N/A,N/A,N/A,N/A,N/A,"{640, 122}","{49, 102}","{99, 293}","{427, 315}",N/A,N/A,N/A,N/A,3584,11000,7000,467,533,N/A,N/A,N/A,N/A,N/A,600,783,600,601,N/A,N/A,N/A,N/A,6
nsinternal_ss,2020-05-20T01:17:42.947Z,2020-05-20T01:17:42.947Z,,default,8,114.046715,251.0446,Successful,Real,N/A,Mac OS X 10_15_4,799,839,1.16.35,Pacific Standard Time,0,Chrome 81,Desktop,NVIDIA GeForce GT 750M OpenGL Engine,English,1,0,WebGLPlayer,256,0,1,7,"{49, 102}","{249, 41}",N/A,N/A,N/A,N/A,N/A,"{230, 224}","{99, 293}","{591, 244}","{456, 183}","{446, 61}",N/A,N/A,N/A,4017,12000,8000,433,467,N/A,N/A,N/A,N/A,N/A,700,550,834,449,584,N/A,N/A,N/A,7
nsinternal_ss,2020-05-20T01:17:42.947Z,2020-05-20T01:17:42.947Z,,default,9,113.957428,252.147308,Successful,Real,N/A,Mac OS X 10_15_4,799,839,1.16.35,Pacific Standard Time,0,Chrome 81,Desktop,NVIDIA GeForce GT 750M OpenGL Engine,English,1,0,WebGLPlayer,256,0,1,7,"{456, 183}","{591, 244}",N/A,N/A,N/A,N/A,N/A,"{99, 293}","{230, 224}","{49, 102}","{427, 315}","{640, 122}",N/A,N/A,N/A,5050,12000,8000,1050,566,N/A,N/A,N/A,N/A,N/A,750,667,667,683,667,N/A,N/A,N/A,7
nsinternal_ss,2020-05-20T01:17:42.947Z,2020-05-20T01:17:42.947Z,,default,10,113.765205,250.8104,Successful,Real,N/A,Mac OS X 10_15_4,799,839,1.16.35,Pacific Standard Time,0,Chrome 81,Desktop,NVIDIA GeForce GT 750M OpenGL Engine,English,1,0,WebGLPlayer,256,0,0,8,"{591, 244}","{230, 224}",N/A,N/A,N/A,N/A,N/A,"{49, 102}","{456, 183}","{249, 41}","{427, 315}","{99, 293}","{640, 122}",N/A,N/A,3750,13000,9000,1233,1084,N/A,N/A,N/A,N/A,N/A,783,650,N/A,N/A,N/A,N/A,N/A,N/A,4
nsinternal_ss,2020-05-20T01:17:42.947Z,2020-05-20T01:17:42.947Z,,default,11,113.5863,249.080124,Successful,Real,N/A,Mac OS X 10_15_4,799,839,1.16.35,Pacific Standard Time,0,Chrome 81,Desktop,NVIDIA GeForce GT 750M OpenGL Engine,English,1,0,WebGLPlayer,256,0,0,8,"{591, 244}","{446, 61}",N/A,N/A,N/A,N/A,N/A,"{456, 183}","{427, 315}","{249, 41}","{99, 293}","{49, 102}","{640, 122}",N/A,N/A,1517,13000,9000,916,601,N/A,N/A,N/A,N/A,N/A,N/A,N/A,N/A,N/A,N/A,N/A,N/A,N/A,2
nsinternal_ss,2020-05-20T01:17:42.947Z,2020-05-20T01:17:42.947Z,,default,12,113.088242,253.725311,Successful,Real,N/A,Mac OS X 10_15_4,799,839,1.16.35,Pacific Standard Time,0,Chrome 81,Desktop,NVIDIA GeForce GT 750M OpenGL Engine,English,1,0,WebGLPlayer,256,0,1,8,"{427, 315}","{446, 61}",N/A,N/A,N/A,N/A,N/A,"{591, 244}","{640, 122}","{456, 183}","{249, 41}","{99, 293}","{230, 224}",N/A,N/A,9084,13000,9000,1233,867,N/A,N/A,N/A,N/A,N/A,1017,900,817,2533,884,833,N/A,N/A,8
nsinternal_ss,2020-05-20T01:17:42.947Z,2020-05-20T01:17:42.947Z,,default,13,112.808975,253.6189,Successful,Real,N/A,Mac OS X 10_15_4,799,839,1.16.35,Pacific Standard Time,0,Chrome 81,Desktop,NVIDIA GeForce GT 750M OpenGL Engine,English,1,0,WebGLPlayer,256,0,1,8,"{446, 61}","{230, 224}",N/A,N/A,N/A,N/A,N/A,"{640, 122}","{456, 183}","{427, 315}","{249, 41}","{49, 102}","{99, 293}",N/A,N/A,7000,13000,9000,1084,666,N/A,N/A,N/A,N/A,N/A,983,634,750,833,683,1367,N/A,N/A,8
nsinternal_ss,2020-05-20T01:17:42.947Z,2020-05-20T01:17:42.947Z,,default,14,112.631073,251.9569,Successful,Real,N/A,Mac OS X 10_15_4,799,839,1.16.35,Pacific Standard Time,0,Chrome 81,Desktop,NVIDIA GeForce GT 750M OpenGL Engine,English,1,0,WebGLPlayer,256,0,0,9,"{446, 61}","{427, 315}",N/A,N/A,N/A,N/A,N/A,"{99, 293}","{456, 183}","{591, 244}","{49, 102}","{230, 224}","{640, 122}","{249, 41}",N/A,1267,14000,10000,783,484,N/A,N/A,N/A,N/A,N/A,N/A,N/A,N/A,N/A,N/A,N/A,N/A,N/A,2
nsinternal_ss,2020-05-20T01:17:42.947Z,2020-05-20T01:17:42.947Z,,default,15,112.303551,255.9315,Successful,Real,N/A,Mac OS X 10_15_4,799,839,1.16.35,Pacific Standard Time,0,Chrome 81,Desktop,NVIDIA GeForce GT 750M OpenGL Engine,English,1,0,WebGLPlayer,256,0,1,9,"{230, 224}","{640, 122}",N/A,N/A,N/A,N/A,N/A,"{427, 315}","{446, 61}","{456, 183}","{591, 244}","{99, 293}","{249, 41}","{49, 102}",N/A,6450,14000,10000,450,634,N/A,N/A,N/A,N/A,N/A,750,783,566,651,733,1283,600,N/A,9
nsinternal_ss,2020-05-20T01:17:42.947Z,2020-05-20T01:17:42.947Z,,default,16,112.019142,256.4488,Successful,Real,N/A,Mac OS X 10_15_4,799,839,1.16.35,Pacific Standard Time,0,Chrome 81,Desktop,NVIDIA GeForce GT 750M OpenGL Engine,English,1,0,WebGLPlayer,256,0,1,9,"{49, 102}","{446, 61}",N/A,N/A,N/A,N/A,N/A,"{640, 122}","{591, 244}","{249, 41}","{99, 293}","{230, 224}","{456, 183}","{427, 315}",N/A,6450,14000,10000,833,617,N/A,N/A,N/A,N/A,N/A,716,717,950,767,567,683,600,N/A,9
nsinternal_vs,2020-05-24T03:53:33.475Z,2020-05-24T03:53:33.475Z,,default,0,120.873383,83.2714157,Successful,Real,N/A,Mac OS X 10_15_4,799,1198,1.16.36,Pacific Standard Time,0,Chrome 81,Desktop,Intel(R) Iris(TM) Plus Graphics 655,English,1,0,WebGLPlayer,256,0,1,3,"{99, 293}","{230, 224}",N/A,N/A,N/A,N/A,N/A,"{446, 61}",N/A,N/A,N/A,N/A,N/A,N/A,N/A,1967,8000,4000,717,567,N/A,N/A,N/A,N/A,N/A,683,N/A,N/A,N/A,N/A,N/A,N/A,N/A,3
nsinternal_vs,2020-05-24T03:53:33.475Z,2020-05-24T03:53:33.475Z,,default,1,120.531517,68.6635361,Successful,Real,N/A,Mac OS X 10_15_4,799,1198,1.16.36,Pacific Standard Time,0,Chrome 81,Desktop,Intel(R) Iris(TM) Plus Graphics 655,English,1,0,WebGLPlayer,256,0,1,3,"{456, 183}","{230, 224}",N/A,N/A,N/A,N/A,N/A,"{591, 244}",N/A,N/A,N/A,N/A,N/A,N/A,N/A,1900,8000,4000,700,583,N/A,N/A,N/A,N/A,N/A,617,N/A,N/A,N/A,N/A,N/A,N/A,N/A,3
nsinternal_vs,2020-05-24T03:53:33.475Z,2020-05-24T03:53:33.475Z,,default,2,120.108383,65.69539,Successful,Real,N/A,Mac OS X 10_15_4,799,1198,1.16.36,Pacific Standard Time,0,Chrome 81,Desktop,Intel(R) Iris(TM) Plus Graphics 655,English,1,0,WebGLPlayer,256,0,1,4,"{456, 183}","{99, 293}",N/A,N/A,N/A,N/A,N/A,"{640, 122}","{230, 224}",N/A,N/A,N/A,N/A,N/A,N/A,2650,9000,5000,234,783,N/A,N/A,N/A,N/A,N/A,700,933,N/A,N/A,N/A,N/A,N/A,N/A,4
nsinternal_vs,2020-05-24T03:53:33.475Z,2020-05-24T03:53:33.475Z,,default,3,119.79464,63.1238632,Successful,Real,N/A,Mac OS X 10_15_4,799,1198,1.16.36,Pacific Standard Time,0,Chrome 81,Desktop,Intel(R) Iris(TM) Plus Graphics 655,English,1,0,WebGLPlayer,256,0,1,4,"{249, 41}","{640, 122}",N/A,N/A,N/A,N/A,N/A,"{99, 293}","{49, 102}",N/A,N/A,N/A,N/A,N/A,N/A,2684,9000,5000,367,733,N/A,N/A,N/A,N/A,N/A,817,767,N/A,N/A,N/A,N/A,N/A,N/A,4
nsinternal_vs,2020-05-24T03:53:33.475Z,2020-05-24T03:53:33.475Z,,default,4,119.935188,65.47492,Successful,Real,N/A,Mac OS X 10_15_4,799,1198,1.16.36,Pacific Standard Time,0,Chrome 81,Desktop,Intel(R) Iris(TM) Plus Graphics 655,English,1,0,WebGLPlayer,256,0,1,5,"{99, 293}","{427, 315}",N/A,N/A,N/A,N/A,N/A,"{591, 244}","{230, 224}","{249, 41}",N/A,N/A,N/A,N/A,N/A,2600,10000,6000,317,617,N/A,N/A,N/A,N/A,N/A,533,567,566,N/A,N/A,N/A,N/A,N/A,5
nsinternal_vs,2020-05-24T03:53:33.475Z,2020-05-24T03:53:33.475Z,,default,5,119.609627,69.80956,Successful,Real,N/A,Mac OS X 10_15_4,799,1198,1.16.36,Pacific Standard Time,0,Chrome 81,Desktop,Intel(R) Iris(TM) Plus Graphics 655,English,1,0,WebGLPlayer,256,0,1,5,"{640, 122}","{230, 224}",N/A,N/A,N/A,N/A,N/A,"{99, 293}","{456, 183}","{446, 61}",N/A,N/A,N/A,N/A,N/A,3317,10000,6000,367,683,N/A,N/A,N/A,N/A,N/A,683,900,684,N/A,N/A,N/A,N/A,N/A,5
nsinternal_vs,2020-05-24T03:53:33.475Z,2020-05-24T03:53:33.475Z,,default,6,119.039169,70.30367,Successful,Real,N/A,Mac OS X 10_15_4,799,1198,1.16.36,Pacific Standard Time,0,Chrome 81,Desktop,Intel(R) Iris(TM) Plus Graphics 655,English,1,0,WebGLPlayer,256,0,1,6,"{446, 61}","{49, 102}",N/A,N/A,N/A,N/A,N/A,"{456, 183}","{230, 224}","{427, 315}","{249, 41}",N/A,N/A,N/A,N/A,3734,11000,7000,417,683,N/A,N/A,N/A,N/A,N/A,684,616,534,800,N/A,N/A,N/A,N/A,6
nsinternal_vs,2020-05-24T03:53:33.475Z,2020-05-24T03:53:33.475Z,,default,7,118.927025,77.08706,Successful,Real,N/A,Mac OS X 10_15_4,799,1198,1.16.36,Pacific Standard Time,0,Chrome 81,Desktop,Intel(R) Iris(TM) Plus Graphics 655,English,1,0,WebGLPlayer,256,0,1,6,"{249, 41}","{446, 61}",N/A,N/A,N/A,N/A,N/A,"{640, 122}","{49, 102}","{99, 293}","{427, 315}",N/A,N/A,N/A,N/A,3900,11000,7000,566,484,N/A,N/A,N/A,N/A,N/A,533,867,683,767,N/A,N/A,N/A,N/A,6
nsinternal_vs,2020-05-24T03:53:33.475Z,2020-05-24T03:53:33.475Z,,default,8,119.228882,77.27472,Successful,Real,N/A,Mac OS X 10_15_4,799,1198,1.16.36,Pacific Standard Time,0,Chrome 81,Desktop,Intel(R) Iris(TM) Plus Graphics 655,English,1,0,WebGLPlayer,256,0,1,7,"{49, 102}","{249, 41}",N/A,N/A,N/A,N/A,N/A,"{230, 224}","{99, 293}","{591, 244}","{456, 183}","{446, 61}",N/A,N/A,N/A,3983,12000,8000,783,567,N/A,N/A,N/A,N/A,N/A,516,517,617,450,533,N/A,N/A,N/A,7
nsinternal_vs,2020-05-24T03:53:33.475Z,2020-05-24T03:53:33.475Z,,default,9,119.038818,82.03105,Successful,Real,N/A,Mac OS X 10_15_4,799,1198,1.16.36,Pacific Standard Time,0,Chrome 81,Desktop,Intel(R) Iris(TM) Plus Graphics 655,English,1,0,WebGLPlayer,256,0,0,7,"{456, 183}","{591, 244}",N/A,N/A,N/A,N/A,N/A,"{99, 293}","{230, 224}","{49, 102}","{427, 315}","{640, 122}",N/A,N/A,N/A,2267,12000,8000,334,550,N/A,N/A,N/A,N/A,N/A,583,800,N/A,N/A,N/A,N/A,N/A,N/A,4
nsinternal_vs,2020-05-24T03:53:33.475Z,2020-05-24T03:53:33.475Z,,default,10,120.175743,74.5875854,Successful,Real,N/A,Mac OS X 10_15_4,799,1198,1.16.36,Pacific Standard Time,0,Chrome 81,Desktop,Intel(R) Iris(TM) Plus Graphics 655,English,1,0,WebGLPlayer,256,0,1,7,"{99, 293}","{640, 122}",N/A,N/A,N/A,N/A,N/A,"{230, 224}","{591, 244}","{456, 183}","{249, 41}","{446, 61}",N/A,N/A,N/A,3817,12000,8000,267,800,N/A,N/A,N/A,N/A,N/A,650,633,484,550,433,N/A,N/A,N/A,7
nsinternal_vs,2020-05-24T03:53:33.475Z,2020-05-24T03:53:33.475Z,,default,11,120.602966,84.4426956,Successful,Real,N/A,Mac OS X 10_15_4,799,1198,1.16.36,Pacific Standard Time,0,Chrome 81,Desktop,Intel(R) Iris(TM) Plus Graphics 655,English,1,0,WebGLPlayer,256,0,1,7,"{249, 41}","{446, 61}",N/A,N/A,N/A,N/A,N/A,"{230, 224}","{456, 183}","{591, 244}","{640, 122}","{99, 293}",N/A,N/A,N/A,4367,12000,8000,900,467,N/A,N/A,N/A,N/A,N/A,633,517,517,550,783,N/A,N/A,N/A,7
nsinternal_vs,2020-05-24T03:53:33.475Z,2020-05-24T03:53:33.475Z,,default,12,120.322144,82.1213455,Successful,Real,N/A,Mac OS X 10_15_4,799,1198,1.16.36,Pacific Standard Time,0,Chrome 81,Desktop,Intel(R) Iris(TM) Plus Graphics 655,English,1,0,WebGLPlayer,256,0,0,8,"{591, 244}","{230, 224}",N/A,N/A,N/A,N/A,N/A,"{49, 102}","{456, 183}","{249, 41}","{427, 315}","{99, 293}","{640, 122}",N/A,N/A,1534,13000,9000,300,450,N/A,N/A,N/A,N/A,N/A,784,N/A,N/A,N/A,N/A,N/A,N/A,N/A,3
nsinternal_vs,2020-05-24T03:53:33.475Z,2020-05-24T03:53:33.475Z,,default,13,120.685188,88.49834,Successful,Real,N/A,Mac OS X 10_15_4,799,1198,1.16.36,Pacific Standard Time,0,Chrome 81,Desktop,Intel(R) Iris(TM) Plus Graphics 655,English,1,0,WebGLPlayer,256,0,0,8,"{591, 244}","{446, 61}",N/A,N/A,N/A,N/A,N/A,"{456, 183}","{427, 315}","{249, 41}","{99, 293}","{49, 102}","{640, 122}",N/A,N/A,1984,13000,9000,950,450,N/A,N/A,N/A,N/A,N/A,584,N/A,N/A,N/A,N/A,N/A,N/A,N/A,3
nsinternal_vs,2020-05-24T03:53:33.475Z,2020-05-24T03:53:33.475Z,,default,14,122.33712,84.617424,Successful,Real,N/A,Mac OS X 10_15_4,799,1198,1.16.36,Pacific Standard Time,0,Chrome 81,Desktop,Intel(R) Iris(TM) Plus Graphics 655,English,1,0,WebGLPlayer,256,0,0,8,"{427, 315}","{446, 61}",N/A,N/A,N/A,N/A,N/A,"{591, 244}","{640, 122}","{456, 183}","{249, 41}","{99, 293}","{230, 224}",N/A,N/A,4117,13000,9000,683,884,N/A,N/A,N/A,N/A,N/A,833,867,850,N/A,N/A,N/A,N/A,N/A,5
nsinternal_vs,2020-05-24T03:53:00.354Z,2020-05-24T03:53:00.354Z,,default,0,119.347672,66.0519943,Successful,StartingWindow,N/A,Mac OS X 10_15_4,799,1198,1.16.36,Pacific Standard Time,0,Chrome 81,Desktop,Intel(R) Iris(TM) Plus Graphics 655,English,1,0,WebGLPlayer,256,0,1,3,"{99, 293}","{230, 224}",N/A,N/A,N/A,N/A,N/A,"{446, 61}",N/A,N/A,N/A,N/A,N/A,N/A,N/A,2200,-1,4000,1100,534,N/A,N/A,N/A,N/A,N/A,566,N/A,N/A,N/A,N/A,N/A,N/A,N/A,3
nsinternal_vs,2020-05-24T03:53:00.354Z,2020-05-24T03:53:00.354Z,,default,1,120.192284,61.1859055,Successful,StartingWindow,N/A,Mac OS X 10_15_4,799,1198,1.16.36,Pacific Standard Time,0,Chrome 81,Desktop,Intel(R) Iris(TM) Plus Graphics 655,English,1,0,WebGLPlayer,256,0,1,3,"{456, 183}","{230, 224}",N/A,N/A,N/A,N/A,N/A,"{591, 244}",N/A,N/A,N/A,N/A,N/A,N/A,N/A,1800,-1,4000,317,716,N/A,N/A,N/A,N/A,N/A,767,N/A,N/A,N/A,N/A,N/A,N/A,N/A,3
nsinternal_vs,2020-05-24T03:53:00.354Z,2020-05-24T03:53:00.354Z,,default,2,119.71965,62.15961,Successful,StartingWindow,N/A,Mac OS X 10_15_4,799,1198,1.16.36,Pacific Standard Time,0,Chrome 81,Desktop,Intel(R) Iris(TM) Plus Graphics 655,English,1,0,WebGLPlayer,256,0,1,4,"{456, 183}","{99, 293}",N/A,N/A,N/A,N/A,N/A,"{640, 122}","{230, 224}",N/A,N/A,N/A,N/A,N/A,N/A,3133,-1,5000,300,833,N/A,N/A,N/A,N/A,N/A,1050,950,N/A,N/A,N/A,N/A,N/A,N/A,4