Participant Id,Time Gameplayed Utc,Time Sent Utc,Detail,Condition,Trial Number,FPS Mean,FPS Variance,Finish Status,Session Type,OS Version,Screen Height,Screen Width,Build,Client Time Zone,Device DPI,Device Model,Device Type,Graphics Device Name,I18n,Processor Count,Processor Frequency,Runtime Platform,System Memory Size,Times Finished Game,Correct Button,Cue Direction,Late Response,Radar Direction,Response Time,Response Window,Trial Type
ucsfww0003,2019-09-12T16:31:28.670Z,2019-09-12T16:31:28.670Z,,default,0,59.2159233,22.9387112,Successful,Initial,iOS 12.4.1,1536,2048,1.11.23,PST,326,"iPad4,7",Handheld,Apple A7 GPU,English,2,0,IPhonePlayer,970,0,1,LEFT,0,LEFT,1234,5000,CONGRUENT
ucsfww0003,2019-09-12T16:31:28.670Z,2019-09-12T16:31:28.670Z,,default,1,59.2159233,22.9387112,Successful,Initial,iOS 12.4.1,1536,2048,1.11.23,PST,326,"iPad4,7",Handheld,Apple A7 GPU,English,2,0,IPhonePlayer,970,0,1,RIGHT,0,LEFT,1184,5000,INCONGRUENT
ucsfww0003,2019-09-12T16:31:28.670Z,2019-09-12T16:31:28.670Z,,default,2,59.2159233,22.9387112,Successful,Initial,iOS 12.4.1,1536,2048,1.11.23,PST,326,"iPad4,7",Handheld,Apple A7 GPU,English,2,0,IPhonePlayer,970,0,1,RIGHT,0,RIGHT,900,5000,CONGRUENT
ucsfww0003,2019-09-12T16:31:28.670Z,2019-09-12T16:31:28.670Z,,default,3,59.2159233,22.9387112,Successful,Initial,iOS 12.4.1,1536,2048,1.11.23,PST,326,"iPad4,7",Handheld,Apple A7 GPU,English,2,0,IPhonePlayer,970,0,1,RIGHT,0,RIGHT,867,5000,CONGRUENT
ucsfww0003,2019-09-12T16:31:28.670Z,2019-09-12T16:31:28.670Z,,default,4,59.2159233,22.9387112,Successful,Initial,iOS 12.4.1,1536,2048,1.11.23,PST,326,"iPad4,7",Handheld,Apple A7 GPU,English,2,0,IPhonePlayer,970,0,1,LEFT,0,LEFT,884,5000,CONGRUENT
ucsfww0003,2019-09-12T16:31:59.151Z,2019-09-12T16:31:59.151Z,,default,0,59.215004,23.0131359,Successful,StartingWindow,iOS 12.4.1,1536,2048,1.11.23,PST,326,"iPad4,7",Handheld,Apple A7 GPU,English,2,0,IPhonePlayer,970,0,1,LEFT,0,LEFT,884,5000,CONGRUENT
ucsfww0003,2019-09-12T16:31:59.151Z,2019-09-12T16:31:59.151Z,,default,1,59.215004,23.0131359,Successful,StartingWindow,iOS 12.4.1,1536,2048,1.11.23,PST,326,"iPad4,7",Handheld,Apple A7 GPU,English,2,0,IPhonePlayer,970,0,1,RIGHT,0,RIGHT,284,5000,CONGRUENT
ucsfww0003,2019-09-12T16:31:59.151Z,2019-09-12T16:31:59.151Z,,default,2,59.215004,23.0131359,Successful,StartingWindow,iOS 12.4.1,1536,2048,1.11.23,PST,326,"iPad4,7",Handheld,Apple A7 GPU,English,2,0,IPhonePlayer,970,0,1,RIGHT,0,RIGHT,617,5000,CONGRUENT
ucsfww0003,2019-09-12T16:31:59.151Z,2019-09-12T16:31:59.151Z,,default,3,59.215004,23.0131359,Successful,StartingWindow,iOS 12.4.1,1536,2048,1.11.23,PST,326,"iPad4,7",Handheld,Apple A7 GPU,English,2,0,IPhonePlayer,970,0,1,RIGHT,0,LEFT,967,5000,INCONGRUENT
ucsfww0003,2019-09-12T16:31:59.151Z,2019-09-12T16:31:59.151Z,,default,4,59.215004,23.0131359,Successful,StartingWindow,iOS 12.4.1,1536,2048,1.11.23,PST,326,"iPad4,7",Handheld,Apple A7 GPU,English,2,0,IPhonePlayer,970,0,1,LEFT,0,LEFT,751,5000,CONGRUENT
ucsfww0003,2019-09-12T16:32:14.935Z,2019-09-12T16:32:14.935Z,,default,0,59.0569229,27.5387688,Successful,Real,iOS 12.4.1,1536,2048,1.11.23,PST,326,"iPad4,7",Handheld,Apple A7 GPU,English,2,0,IPhonePlayer,970,0,1,RIGHT,0,RIGHT,601,867,CONGRUENT
ucsfww0003,2019-09-12T16:32:14.935Z,2019-09-12T16:32:14.935Z,,default,1,59.0569229,27.5387688,Successful,Real,iOS 12.4.1,1536,2048,1.11.23,PST,326,"iPad4,7",Handheld,Apple A7 GPU,English,2,0,IPhonePlayer,970,0,1,LEFT,0,RIGHT,634,867,INCONGRUENT
ucsfww0003,2019-09-12T16:32:14.935Z,2019-09-12T16:32:14.935Z,,default,2,59.0569229,27.5387688,Successful,Real,iOS 12.4.1,1536,2048,1.11.23,PST,326,"iPad4,7",Handheld,Apple A7 GPU,English,2,0,IPhonePlayer,970,0,0,LEFT,0,RIGHT,184,857,INCONGRUENT
ucsfww0003,2019-09-12T16:32:14.935Z,2019-09-12T16:32:14.935Z,,default,3,59.0569229,27.5387688,Successful,Real,iOS 12.4.1,1536,2048,1.11.23,PST,326,"iPad4,7",Handheld,Apple A7 GPU,English,2,0,IPhonePlayer,970,0,1,LEFT,0,LEFT,717,857,CONGRUENT
ucsfww0003,2019-09-12T16:32:14.935Z,2019-09-12T16:32:14.935Z,,default,4,59.0569229,27.5387688,Successful,Real,iOS 12.4.1,1536,2048,1.11.23,PST,326,"iPad4,7",Handheld,Apple A7 GPU,English,2,0,IPhonePlayer,970,0,1,RIGHT,1,LEFT,900,897,INCONGRUENT
ucsfww0003,2019-09-12T16:32:14.935Z,2019-09-12T16:32:14.935Z,,default,5,59.0569229,27.5387688,Successful,Real,iOS 12.4.1,1536,2048,1.11.23,PST,326,"iPad4,7",Handheld,Apple A7 GPU,English,2,0,IPhonePlayer,970,0,1,LEFT,0,RIGHT,884,977,INCONGRUENT
ucsfww0003,2019-09-12T16:32:14.935Z,2019-09-12T16:32:14.935Z,,default,6,59.0569229,27.5387688,Successful,Real,iOS 12.4.1,1536,2048,1.11.23,PST,326,"iPad4,7",Handheld,Apple A7 GPU,English,2,0,IPhonePlayer,970,0,1,LEFT,1,LEFT,1200,837,CONGRUENT
ucsfww0003,2019-09-12T16:32:14.935Z,2019-09-12T16:32:14.935Z,,default,7,59.0569229,27.5387688,Successful,Real,iOS 12.4.1,1536,2048,1.11.23,PST,326,"iPad4,7",Handheld,Apple A7 GPU,English,2,0,IPhonePlayer,970,0,1,LEFT,0,RIGHT,800,967,INCONGRUENT
ucsfww0003,2019-09-12T16:32:14.935Z,2019-09-12T16:32:14.935Z,,default,8,59.0569229,27.5387688,Successful,Real,iOS 12.4.1,1536,2048,1.11.23,PST,326,"iPad4,7",Handheld,Apple A7 GPU,English,2,0,IPhonePlayer,970,0,1,RIGHT,0,RIGHT,734,877,CONGRUENT
ucsfww0003,2019-09-12T16:32:14.935Z,2019-09-12T16:32:14.935Z,,default,9,59.0569229,27.5387688,Successful,Real,iOS 12.4.1,1536,2048,1.11.23,PST,326,"iPad4,7",Handheld,Apple A7 GPU,English,2,0,IPhonePlayer,970,0,1,LEFT,0,LEFT,734,867,CONGRUENT
ucsfww0003,2019-09-12T16:32:14.935Z,2019-09-12T16:32:14.935Z,,default,10,59.0569229,27.5387688,Successful,Real,iOS 12.4.1,1536,2048,1.11.23,PST,326,"iPad4,7",Handheld,Apple A7 GPU,English,2,0,IPhonePlayer,970,0,1,LEFT,1,LEFT,1450,847,CONGRUENT
ucsfww0003,2019-09-12T16:32:14.935Z,2019-09-12T16:32:14.935Z,,default,11,59.0569229,27.5387688,Successful,Real,iOS 12.4.1,1536,2048,1.11.23,PST,326,"iPad4,7",Handheld,Apple A7 GPU,English,2,0,IPhonePlayer,970,0,1,LEFT,1,LEFT,916,887,CONGRUENT
ucsfww0003,2019-09-12T16:32:14.935Z,2019-09-12T16:32:14.935Z,,default,12,59.0569229,27.5387688,Successful,Real,iOS 12.4.1,1536,2048,1.11.23,PST,326,"iPad4,7",Handheld,Apple A7 GPU,English,2,0,IPhonePlayer,970,0,1,RIGHT,0,RIGHT,634,967,CONGRUENT
ucsfww0003,2019-09-12T16:32:14.935Z,2019-09-12T16:32:14.935Z,,default,13,59.0569229,27.5387688,Successful,Real,iOS 12.4.1,1536,2048,1.11.23,PST,326,"iPad4,7",Handheld,Apple A7 GPU,English,2,0,IPhonePlayer,970,0,1,RIGHT,1,RIGHT,1450,957,CONGRUENT
ucsfww0003,2019-09-12T16:32:14.935Z,2019-09-12T16:32:14.935Z,,default,14,59.0569229,27.5387688,Successful,Real,iOS 12.4.1,1536,2048,1.11.23,PST,326,"iPad4,7",Handheld,Apple A7 GPU,English,2,0,IPhonePlayer,970,0,1,RIGHT,1,LEFT,1167,947,INCONGRUENT
ucsfww0003,2019-09-12T16:32:14.935Z,2019-09-12T16:32:14.935Z,,default,15,59.0569229,27.5387688,Successful,Real,iOS 12.4.1,1536,2048,1.11.23,PST,326,"iPad4,7",Handheld,Apple A7 GPU,English,2,0,IPhonePlayer,970,0,1,LEFT,1,LEFT,1334,997,CONGRUENT
ucsfww0003,2019-09-12T16:32:14.935Z,2019-09-12T16:32:14.935Z,,default,16,59.0569229,27.5387688,Successful,Real,iOS 12.4.1,1536,2048,1.11.23,PST,326,"iPad4,7",Handheld,Apple A7 GPU,English,2,0,IPhonePlayer,970,0,0,RIGHT,1,RIGHT,0,1077,CONGRUENT
ucsfww0003,2019-09-12T16:32:14.935Z,2019-09-12T16:32:14.935Z,,default,17,59.0569229,27.5387688,Successful,Real,iOS 12.4.1,1536,2048,1.11.23,PST,326,"iPad4,7",Handheld,Apple A7 GPU,English,2,0,IPhonePlayer,970,0,1,LEFT,0,LEFT,1067,1197,CONGRUENT
ucsfww0003,2019-09-12T16:32:14.935Z,2019-09-12T16:32:14.935Z,,default,18,59.0569229,27.5387688,Successful,Real,iOS 12.4.1,1536,2048,1.11.23,PST,326,"iPad4,7",Handheld,Apple A7 GPU,English,2,0,IPhonePlayer,970,0,1,LEFT,1,LEFT,1650,1187,CONGRUENT
ucsfww0003,2019-09-12T16:32:14.935Z,2019-09-12T16:32:14.935Z,,default,19,59.0569229,27.5387688,Successful,Real,iOS 12.4.1,1536,2048,1.11.23,PST,326,"iPad4,7",Handheld,Apple A7 GPU,English,2,0,IPhonePlayer,970,0,1,LEFT,0,LEFT,951,1227,CONGRUENT
ucsfww0003,2019-09-12T16:32:14.935Z,2019-09-12T16:32:14.935Z,,default,20,59.0569229,27.5387688,Successful,Real,iOS 12.4.1,1536,2048,1.11.23,PST,326,"iPad4,7",Handheld,Apple A7 GPU,English,2,0,IPhonePlayer,970,0,1,RIGHT,0,RIGHT,818,1217,CONGRUENT
ucsfww0003,2019-09-12T16:32:14.935Z,2019-09-12T16:32:14.935Z,,default,21,59.0569229,27.5387688,Successful,Real,iOS 12.4.1,1536,2048,1.11.23,PST,326,"iPad4,7",Handheld,Apple A7 GPU,English,2,0,IPhonePlayer,970,0,1,RIGHT,0,RIGHT,601,1197,CONGRUENT
ucsfww0003,2019-09-12T16:32:14.935Z,2019-09-12T16:32:14.935Z,,default,22,59.0569229,27.5387688,Successful,Real,iOS 12.4.1,1536,2048,1.11.23,PST,326,"iPad4,7",Handheld,Apple A7 GPU,English,2,0,IPhonePlayer,970,0,1,LEFT,0,LEFT,984,1167,CONGRUENT
ucsfww0003,2019-09-12T16:32:14.935Z,2019-09-12T16:32:14.935Z,,default,23,59.0569229,27.5387688,Successful,Real,iOS 12.4.1,1536,2048,1.11.23,PST,326,"iPad4,7",Handheld,Apple A7 GPU,English,2,0,IPhonePlayer,970,0,1,LEFT,0,LEFT,834,1127,CONGRUENT
ucsfww0003,2019-09-12T16:32:14.935Z,2019-09-12T16:32:14.935Z,,default,24,59.0569229,27.5387688,Successful,Real,iOS 12.4.1,1536,2048,1.11.23,PST,326,"iPad4,7",Handheld,Apple A7 GPU,English,2,0,IPhonePlayer,970,0,1,RIGHT,1,RIGHT,1084,1077,CONGRUENT
ucsfww0003,2019-09-12T16:32:14.935Z,2019-09-12T16:32:14.935Z,,default,25,59.0569229,27.5387688,Successful,Real,iOS 12.4.1,1536,2048,1.11.23,PST,326,"iPad4,7",Handheld,Apple A7 GPU,English,2,0,IPhonePlayer,970,0,1,RIGHT,0,LEFT,951,987,INCONGRUENT
ucsfww0003,2019-09-12T16:32:14.935Z,2019-09-12T16:32:14.935Z,,default,26,59.0569229,27.5387688,Successful,Real,iOS 12.4.1,1536,2048,1.11.23,PST,326,"iPad4,7",Handheld,Apple A7 GPU,English,2,0,IPhonePlayer,970,0,1,RIGHT,1,RIGHT,1200,1117,CONGRUENT
ucsfww0003,2019-09-12T16:32:14.935Z,2019-09-12T16:32:14.935Z,,default,27,59.0569229,27.5387688,Successful,Real,iOS 12.4.1,1536,2048,1.11.23,PST,326,"iPad4,7",Handheld,Apple A7 GPU,English,2,0,IPhonePlayer,970,0,1,LEFT,0,LEFT,817,1197,CONGRUENT
ucsfww0003,2019-09-12T16:32:14.935Z,2019-09-12T16:32:14.935Z,,default,28,59.0569229,27.5387688,Successful,Real,iOS 12.4.1,1536,2048,1.11.23,PST,326,"iPad4,7",Handheld,Apple A7 GPU,English,2,0,IPhonePlayer,970,0,1,LEFT,0,LEFT,900,1187,CONGRUENT
ucsfww0003,2019-09-12T16:32:14.935Z,2019-09-12T16:32:14.935Z,,default,29,59.0569229,27.5387688,Successful,Real,iOS 12.4.1,1536,2048,1.11.23,PST,326,"iPad4,7",Handheld,Apple A7 GPU,English,2,0,IPhonePlayer,970,0,1,LEFT,0,LEFT,901,1167,CONGRUENT
ucsfww0003,2019-09-12T16:32:14.935Z,2019-09-12T16:32:14.935Z,,default,30,59.0569229,27.5387688,Successful,Real,iOS 12.4.1,1536,2048,1.11.23,PST,326,"iPad4,7",Handheld,Apple A7 GPU,English,2,0,IPhonePlayer,970,0,0,RIGHT,1,RIGHT,0,1137,CONGRUENT
ucsfww0003,2019-09-12T16:32:14.935Z,2019-09-12T16:32:14.935Z,,default,31,59.0569229,27.5387688,Successful,Real,iOS 12.4.1,1536,2048,1.11.23,PST,326,"iPad4,7",Handheld,Apple A7 GPU,English,2,0,IPhonePlayer,970,0,1,RIGHT,0,LEFT,734,977,INCONGRUENT
ucsfww0003,2019-09-12T16:32:14.935Z,2019-09-12T16:32:14.935Z,,default,32,59.0569229,27.5387688,Successful,Real,iOS 12.4.1,1536,2048,1.11.23,PST,326,"iPad4,7",Handheld,Apple A7 GPU,English,2,0,IPhonePlayer,970,0,1,LEFT,0,LEFT,151,1177,CONGRUENT
ucsfww0003,2019-09-12T16:32:14.935Z,2019-09-12T16:32:14.935Z,,default,33,59.0569229,27.5387688,Successful,Real,iOS 12.4.1,1536,2048,1.11.23,PST,326,"iPad4,7",Handheld,Apple A7 GPU,English,2,0,IPhonePlayer,970,0,1,RIGHT,0,RIGHT,268,1167,CONGRUENT
ucsfww0003,2019-09-12T16:32:14.935Z,2019-09-12T16:32:14.935Z,,default,34,59.0569229,27.5387688,Successful,Real,iOS 12.4.1,1536,2048,1.11.23,PST,326,"iPad4,7",Handheld,Apple A7 GPU,English,2,0,IPhonePlayer,970,0,1,RIGHT,0,RIGHT,900,1147,CONGRUENT
ucsfww0003,2019-09-12T16:32:14.935Z,2019-09-12T16:32:14.935Z,,default,35,59.0569229,27.5387688,Successful,Real,iOS 12.4.1,1536,2048,1.11.23,PST,326,"iPad4,7",Handheld,Apple A7 GPU,English,2,0,IPhonePlayer,970,0,1,RIGHT,0,RIGHT,1068,1117,CONGRUENT
ucsfww0003,2019-09-12T16:32:14.935Z,2019-09-12T16:32:14.935Z,,default,36,59.0569229,27.5387688,Successful,Real,iOS 12.4.1,1536,2048,1.11.23,PST,326,"iPad4,7",Handheld,Apple A7 GPU,English,2,0,IPhonePlayer,970,0,1,LEFT,0,LEFT,651,1077,CONGRUENT
ucsfww0003,2019-09-12T16:32:14.935Z,2019-09-12T16:32:14.935Z,,default,37,59.0569229,27.5387688,Successful,Real,iOS 12.4.1,1536,2048,1.11.23,PST,326,"iPad4,7",Handheld,Apple A7 GPU,English,2,0,IPhonePlayer,970,0,1,RIGHT,0,RIGHT,67,1027,CONGRUENT
ucsfww0003,2019-09-12T16:32:14.935Z,2019-09-12T16:32:14.935Z,,default,38,59.0569229,27.5387688,Successful,Real,iOS 12.4.1,1536,2048,1.11.23,PST,326,"iPad4,7",Handheld,Apple A7 GPU,English,2,0,IPhonePlayer,970,0,1,RIGHT,1,RIGHT,1600,967,CONGRUENT
ucsfww0003,2019-09-12T16:32:14.935Z,2019-09-12T16:32:14.935Z,,default,39,59.0569229,27.5387688,Successful,Real,iOS 12.4.1,1536,2048,1.11.23,PST,326,"iPad4,7",Handheld,Apple A7 GPU,English,2,0,IPhonePlayer,970,0,1,RIGHT,1,RIGHT,1033,1007,CONGRUENT
ucsfww0008,2019-09-12T16:51:30.494Z,2019-09-12T16:51:30.494Z,,default,0,59.7688332,16.01007,Successful,Initial,iOS 12.4.1,1536,2048,1.11.23,PST,326,"iPad4,4",Handheld,Apple A7 GPU,English,2,0,IPhonePlayer,972,0,1,RIGHT,0,LEFT,817,5000,INCONGRUENT
ucsfww0008,2019-09-12T16:51:30.494Z,2019-09-12T16:51:30.494Z,,default,1,59.7688332,16.01007,Successful,Initial,iOS 12.4.1,1536,2048,1.11.23,PST,326,"iPad4,4",Handheld,Apple A7 GPU,English,2,0,IPhonePlayer,972,0,1,RIGHT,0,RIGHT,250,5000,CONGRUENT
ucsfww0008,2019-09-12T16:51:30.494Z,2019-09-12T16:51:30.494Z,,default,2,59.7688332,16.01007,Successful,Initial,iOS 12.4.1,1536,2048,1.11.23,PST,326,"iPad4,4",Handheld,Apple A7 GPU,English,2,0,IPhonePlayer,972,0,1,LEFT,0,LEFT,183,5000,CONGRUENT
ucsfww0008,2019-09-12T16:51:30.494Z,2019-09-12T16:51:30.494Z,,default,3,59.7688332,16.01007,Successful,Initial,iOS 12.4.1,1536,2048,1.11.23,PST,326,"iPad4,4",Handheld,Apple A7 GPU,English,2,0,IPhonePlayer,972,0,1,RIGHT,0,RIGHT,451,5000,CONGRUENT
ucsfww0008,2019-09-12T16:51:30.494Z,2019-09-12T16:51:30.494Z,,default,4,59.7688332,16.01007,Successful,Initial,iOS 12.4.1,1536,2048,1.11.23,PST,326,"iPad4,4",Handheld,Apple A7 GPU,English,2,0,IPhonePlayer,972,0,1,LEFT,0,LEFT,567,5000,CONGRUENT
ucsfww0008,2019-09-12T16:52:03.696Z,2019-09-12T16:52:03.696Z,,default,0,59.4453545,23.3443623,Successful,Real,iOS 12.4.1,1536,2048,1.11.23,PST,326,"iPad4,4",Handheld,Apple A7 GPU,English,2,0,IPhonePlayer,972,0,1,RIGHT,0,LEFT,567,733,INCONGRUENT
ucsfww0008,2019-09-12T16:52:03.696Z,2019-09-12T16:52:03.696Z,,default,1,59.4453545,23.3443623,Successful,Real,iOS 12.4.1,1536,2048,1.11.23,PST,326,"iPad4,4",Handheld,Apple A7 GPU,English,2,0,IPhonePlayer,972,0,1,RIGHT,0,RIGHT,568,733,CONGRUENT
ucsfww0008,2019-09-12T16:52:03.696Z,2019-09-12T16:52:03.696Z,,default,2,59.4453545,23.3443623,Successful,Real,iOS 12.4.1,1536,2048,1.11.23,PST,326,"iPad4,4",Handheld,Apple A7 GPU,English,2,0,IPhonePlayer,972,0,0,LEFT,0,RIGHT,617,723,INCONGRUENT
ucsfww0008,2019-09-12T16:52:03.696Z,2019-09-12T16:52:03.696Z,,default,3,59.4453545,23.3443623,Successful,Real,iOS 12.4.1,1536,2048,1.11.23,PST,326,"iPad4,4",Handheld,Apple A7 GPU,English,2,0,IPhonePlayer,972,0,1,LEFT,0,RIGHT,651,763,INCONGRUENT
ucsfww0008,2019-09-12T16:52:03.696Z,2019-09-12T16:52:03.696Z,,default,4,59.4453545,23.3443623,Successful,Real,iOS 12.4.1,1536,2048,1.11.23,PST,326,"iPad4,4",Handheld,Apple A7 GPU,English,2,0,IPhonePlayer,972,0,1,RIGHT,0,LEFT,717,753,INCONGRUENT
ucsfww0008,2019-09-12T16:52:03.696Z,2019-09-12T16:52:03.696Z,,default,5,59.4453545,23.3443623,Successful,Real,iOS 12.4.1,1536,2048,1.11.23,PST,326,"iPad4,4",Handheld,Apple A7 GPU,English,2,0,IPhonePlayer,972,0,1,RIGHT,0,RIGHT,601,723,CONGRUENT
ucsfww0008,2019-09-12T16:52:03.696Z,2019-09-12T16:52:03.696Z,,default,6,59.4453545,23.3443623,Successful,Real,iOS 12.4.1,1536,2048,1.11.23,PST,326,"iPad4,4",Handheld,Apple A7 GPU,English,2,0,IPhonePlayer,972,0,1,LEFT,1,RIGHT,883,733,INCONGRUENT
ucsfww0008,2019-09-12T16:52:03.696Z,2019-09-12T16:52:03.696Z,,default,7,59.4453545,23.3443623,Successful,Real,iOS 12.4.1,1536,2048,1.11.23,PST,326,"iPad4,4",Handheld,Apple A7 GPU,English,2,0,IPhonePlayer,972,0,1,RIGHT,0,RIGHT,167,703,CONGRUENT
ucsfww0008,2019-09-12T16:52:03.696Z,2019-09-12T16:52:03.696Z,,default,8,59.4453545,23.3443623,Successful,Real,iOS 12.4.1,1536,2048,1.11.23,PST,326,"iPad4,4",Handheld,Apple A7 GPU,English,2,0,IPhonePlayer,972,0,1,RIGHT,0,RIGHT,584,673,CONGRUENT
ucsfww0008,2019-09-12T16:52:03.696Z,2019-09-12T16:52:03.696Z,,default,9,59.4453545,23.3443623,Successful,Real,iOS 12.4.1,1536,2048,1.11.23,PST,326,"iPad4,4",Handheld,Apple A7 GPU,English,2,0,IPhonePlayer,972,0,1,LEFT,0,LEFT,633,633,CONGRUENT
ucsfww0008,2019-09-12T16:52:03.696Z,2019-09-12T16:52:03.696Z,,default,10,59.4453545,23.3443623,Successful,Real,iOS 12.4.1,1536,2048,1.11.23,PST,326,"iPad4,4",Handheld,Apple A7 GPU,English,2,0,IPhonePlayer,972,0,1,RIGHT,0,RIGHT,601,673,CONGRUENT
ucsfww0008,2019-09-12T16:52:03.696Z,2019-09-12T16:52:03.696Z,,default,11,59.4453545,23.3443623,Successful,Real,iOS 12.4.1,1536,2048,1.11.23,PST,326,"iPad4,4",Handheld,Apple A7 GPU,English,2,0,IPhonePlayer,972,0,1,RIGHT,0,RIGHT,401,663,CONGRUENT
ucsfww0008,2019-09-12T16:52:03.696Z,2019-09-12T16:52:03.696Z,,default,12,59.4453545,23.3443623,Successful,Real,iOS 12.4.1,1536,2048,1.11.23,PST,326,"iPad4,4",Handheld,Apple A7 GPU,English,2,0,IPhonePlayer,972,0,1,LEFT,0,LEFT,184,643,CONGRUENT
ucsfww0008,2019-09-12T16:52:03.696Z,2019-09-12T16:52:03.696Z,,default,13,59.4453545,23.3443623,Successful,Real,iOS 12.4.1,1536,2048,1.11.23,PST,326,"iPad4,4",Handheld,Apple A7 GPU,English,2,0,IPhonePlayer,972,0,1,RIGHT,1,RIGHT,900,613,CONGRUENT
ucsfww0008,2019-09-12T16:52:03.696Z,2019-09-12T16:52:03.696Z,,default,14,59.4453545,23.3443623,Successful,Real,iOS 12.4.1,1536,2048,1.11.23,PST,326,"iPad4,4",Handheld,Apple A7 GPU,English,2,0,IPhonePlayer,972,0,0,RIGHT,0,LEFT,200,773,INCONGRUENT
ucsfww0008,2019-09-12T16:52:03.696Z,2019-09-12T16:52:03.696Z,,default,15,59.4453545,23.3443623,Successful,Real,iOS 12.4.1,1536,2048,1.11.23,PST,326,"iPad4,4",Handheld,Apple A7 GPU,English,2,0,IPhonePlayer,972,0,1,LEFT,0,LEFT,501,653,CONGRUENT
ucsfww0008,2019-09-12T16:52:03.696Z,2019-09-12T16:52:03.696Z,,default,16,59.4453545,23.3443623,Successful,Real,iOS 12.4.1,1536,2048,1.11.23,PST,326,"iPad4,4",Handheld,Apple A7 GPU,English,2,0,IPhonePlayer,972,0,1,LEFT,1,LEFT,716,643,CONGRUENT
ucsfww0008,2019-09-12T16:52:03.696Z,2019-09-12T16:52:03.696Z,,default,17,59.4453545,23.3443623,Successful,Real,iOS 12.4.1,1536,2048,1.11.23,PST,326,"iPad4,4",Handheld,Apple A7 GPU,English,2,0,IPhonePlayer,972,0,1,RIGHT,0,RIGHT,401,683,CONGRUENT
ucsfww0008,2019-09-12T16:52:03.696Z,2019-09-12T16:52:03.696Z,,default,18,59.4453545,23.3443623,Successful,Real,iOS 12.4.1,1536,2048,1.11.23,PST,326,"iPad4,4",Handheld,Apple A7 GPU,English,2,0,IPhonePlayer,972,0,0,RIGHT,0,RIGHT,384,673,CONGRUENT
ucsfww0008,2019-09-12T16:52:03.696Z,2019-09-12T16:52:03.696Z,,default,19,59.4453545,23.3443623,Successful,Real,iOS 12.4.1,1536,2048,1.11.23,PST,326,"iPad4,4",Handheld,Apple A7 GPU,English,2,0,IPhonePlayer,972,0,1,LEFT,0,LEFT,534,713,CONGRUENT
ucsfww0008,2019-09-12T16:52:03.696Z,2019-09-12T16:52:03.696Z,,default,20,59.4453545,23.3443623,Successful,Real,iOS 12.4.1,1536,2048,1.11.23,PST,326,"iPad4,4",Handheld,Apple A7 GPU,English,2,0,IPhonePlayer,972,0,1,RIGHT,0,RIGHT,484,703,CONGRUENT
ucsfww0008,2019-09-12T16:52:03.696Z,2019-09-12T16:52:03.696Z,,default,21,59.4453545,23.3443623,Successful,Real,iOS 12.4.1,1536,2048,1.11.23,PST,326,"iPad4,4",Handheld,Apple A7 GPU,English,2,0,IPhonePlayer,972,0,1,LEFT,1,LEFT,783,683,CONGRUENT
ucsfww0008,2019-09-12T16:52:03.696Z,2019-09-12T16:52:03.696Z,,default,22,59.4453545,23.3443623,Successful,Real,iOS 12.4.1,1536,2048,1.11.23,PST,326,"iPad4,4",Handheld,Apple A7 GPU,English,2,0,IPhonePlayer,972,0,1,RIGHT,0,RIGHT,700,723,CONGRUENT
ucsfww0008,2019-09-12T16:52:03.696Z,2019-09-12T16:52:03.696Z,,default,23,59.4453545,23.3443623,Successful,Real,iOS 12.4.1,1536,2048,1.11.23,PST,326,"iPad4,4",Handheld,Apple A7 GPU,English,2,0,IPhonePlayer,972,0,1,RIGHT,0,RIGHT,351,713,CONGRUENT
ucsfww0008,2019-09-12T16:52:03.696Z,2019-09-12T16:52:03.696Z,,default,24,59.4453545,23.3443623,Successful,Real,iOS 12.4.1,1536,2048,1.11.23,PST,326,"iPad4,4",Handheld,Apple A7 GPU,English,2,0,IPhonePlayer,972,0,1,RIGHT,0,RIGHT,134,693,CONGRUENT
ucsfww0008,2019-09-12T16:52:03.696Z,2019-09-12T16:52:03.696Z,,default,25,59.4453545,23.3443623,Successful,Real,iOS 12.4.1,1536,2048,1.11.23,PST,326,"iPad4,4",Handheld,Apple A7 GPU,English,2,0,IPhonePlayer,972,0,1,LEFT,0,RIGHT,700,853,INCONGRUENT
ucsfww0008,2019-09-12T16:52:03.696Z,2019-09-12T16:52:03.696Z,,default,26,59.4453545,23.3443623,Successful,Real,iOS 12.4.1,1536,2048,1.11.23,PST,326,"iPad4,4",Handheld,Apple A7 GPU,English,2,0,IPhonePlayer,972,0,1,RIGHT,0,RIGHT,467,663,CONGRUENT
ucsfww0008,2019-09-12T16:52:03.696Z,2019-09-12T16:52:03.696Z,,default,27,59.4453545,23.3443623,Successful,Real,iOS 12.4.1,1536,2048,1.11.23,PST,326,"iPad4,4",Handheld,Apple A7 GPU,English,2,0,IPhonePlayer,972,0,1,LEFT,0,LEFT,234,623,CONGRUENT
ucsfww0008,2019-09-12T16:52:03.696Z,2019-09-12T16:52:03.696Z,,default,28,59.4453545,23.3443623,Successful,Real,iOS 12.4.1,1536,2048,1.11.23,PST,326,"iPad4,4",Handheld,Apple A7 GPU,English,2,0,IPhonePlayer,972,0,1,LEFT,1,LEFT,617,573,CONGRUENT
ucsfww0008,2019-09-12T16:52:03.696Z,2019-09-12T16:52:03.696Z,,default,29,59.4453545,23.3443623,Successful,Real,iOS 12.4.1,1536,2048,1.11.23,PST,326,"iPad4,4",Handheld,Apple A7 GPU,English,2,0,IPhonePlayer,972,0,1,RIGHT,0,RIGHT,217,613,CONGRUENT
ucsfww0008,2019-09-12T16:52:03.696Z,2019-09-12T16:52:03.696Z,,default,30,59.4453545,23.3443623,Successful,Real,iOS 12.4.1,1536,2048,1.11.23,PST,326,"iPad4,4",Handheld,Apple A7 GPU,English,2,0,IPhonePlayer,972,0,1,LEFT,0,LEFT,184,603,CONGRUENT
ucsfww0008,2019-09-12T16:52:03.696Z,2019-09-12T16:52:03.696Z,,default,31,59.4453545,23.3443623,Successful,Real,iOS 12.4.1,1536,2048,1.11.23,PST,326,"iPad4,4",Handheld,Apple A7 GPU,English,2,0,IPhonePlayer,972,0,1,LEFT,0,LEFT,467,583,CONGRUENT
ucsfww0008,2019-09-12T16:52:03.696Z,2019-09-12T16:52:03.696Z,,default,32,59.4453545,23.3443623,Successful,Real,iOS 12.4.1,1536,2048,1.11.23,PST,326,"iPad4,4",Handheld,Apple A7 GPU,English,2,0,IPhonePlayer,972,0,1,LEFT,0,LEFT,434,553,CONGRUENT
ucsfww0008,2019-09-12T16:52:03.696Z,2019-09-12T16:52:03.696Z,,default,33,59.4453545,23.3443623,Successful,Real,iOS 12.4.1,1536,2048,1.11.23,PST,326,"iPad4,4",Handheld,Apple A7 GPU,English,2,0,IPhonePlayer,972,0,1,RIGHT,0,LEFT,701,843,INCONGRUENT
ucsfww0008,2019-09-12T16:52:03.696Z,2019-09-12T16:52:03.696Z,,default,34,59.4453545,23.3443623,Successful,Real,iOS 12.4.1,1536,2048,1.11.23,PST,326,"iPad4,4",Handheld,Apple A7 GPU,English,2,0,IPhonePlayer,972,0,1,LEFT,0,LEFT,468,513,CONGRUENT
ucsfww0008,2019-09-12T16:52:03.696Z,2019-09-12T16:52:03.696Z,,default,35,59.4453545,23.3443623,Successful,Real,iOS 12.4.1,1536,2048,1.11.23,PST,326,"iPad4,4",Handheld,Apple A7 GPU,English,2,0,IPhonePlayer,972,0,1,LEFT,1,LEFT,617,463,CONGRUENT
ucsfww0008,2019-09-12T16:52:03.696Z,2019-09-12T16:52:03.696Z,,default,36,59.4453545,23.3443623,Successful,Real,iOS 12.4.1,1536,2048,1.11.23,PST,326,"iPad4,4",Handheld,Apple A7 GPU,English,2,0,IPhonePlayer,972,0,1,RIGHT,1,RIGHT,517,503,CONGRUENT
ucsfww0008,2019-09-12T16:52:03.696Z,2019-09-12T16:52:03.696Z,,default,37,59.4453545,23.3443623,Successful,Real,iOS 12.4.1,1536,2048,1.11.23,PST,326,"iPad4,4",Handheld,Apple A7 GPU,English,2,0,IPhonePlayer,972,0,1,LEFT,0,LEFT,450,583,CONGRUENT
ucsfww0008,2019-09-12T16:52:03.696Z,2019-09-12T16:52:03.696Z,,default,38,59.4453545,23.3443623,Successful,Real,iOS 12.4.1,1536,2048,1.11.23,PST,326,"iPad4,4",Handheld,Apple A7 GPU,English,2,0,IPhonePlayer,972,0,1,LEFT,0,LEFT,517,573,CONGRUENT
ucsfww0008,2019-09-12T16:52:03.696Z,2019-09-12T16:52:03.696Z,,default,39,59.4453545,23.3443623,Successful,Real,iOS 12.4.1,1536,2048,1.11.23,PST,326,"iPad4,4",Handheld,Apple A7 GPU,English,2,0,IPhonePlayer,972,0,1,LEFT,1,LEFT,616,553,CONGRUENT
ucsfww0008,2019-09-12T16:51:45.726Z,2019-09-12T16:51:45.726Z,,default,0,59.7724037,15.2222,Successful,StartingWindow,iOS 12.4.1,1536,2048,1.11.23,PST,326,"iPad4,4",Handheld,Apple A7 GPU,English,2,0,IPhonePlayer,972,0,1,LEFT,0,LEFT,34,5000,CONGRUENT
ucsfww0008,2019-09-12T16:51:45.726Z,2019-09-12T16:51:45.726Z,,default,1,59.7724037,15.2222,Successful,StartingWindow,iOS 12.4.1,1536,2048,1.11.23,PST,326,"iPad4,4",Handheld,Apple A7 GPU,English,2,0,IPhonePlayer,972,0,1,RIGHT,0,RIGHT,634,5000,CONGRUENT
ucsfww0008,2019-09-12T16:51:45.726Z,2019-09-12T16:51:45.726Z,,default,2,59.7724037,15.2222,Successful,StartingWindow,iOS 12.4.1,1536,2048,1.11.23,PST,326,"iPad4,4",Handheld,Apple A7 GPU,English,2,0,IPhonePlayer,972,0,1,RIGHT,0,RIGHT,617,5000,CONGRUENT
ucsfww0008,2019-09-12T16:51:45.726Z,2019-09-12T16:51:45.726Z,,default,3,59.7724037,15.2222,Successful,StartingWindow,iOS 12.4.1,1536,2048,1.11.23,PST,326,"iPad4,4",Handheld,Apple A7 GPU,English,2,0,IPhonePlayer,972,0,1,RIGHT,0,LEFT,784,5000,INCONGRUENT
ucsfww0008,2019-09-12T16:51:45.726Z,2019-09-12T16:51:45.726Z,,default,4,59.7724037,15.2222,Successful,StartingWindow,iOS 12.4.1,1536,2048,1.11.23,PST,326,"iPad4,4",Handheld,Apple A7 GPU,English,2,0,IPhonePlayer,972,0,1,LEFT,0,LEFT,617,5000,CONGRUENT
ucsfww0011,2019-09-12T16:21:51.062Z,2019-09-12T16:21:51.062Z,,default,0,59.0205269,30.6571846,Successful,Initial,iOS 12.4.1,1536,2048,1.11.23,PST,326,"iPad4,4",Handheld,Apple A7 GPU,English,2,0,IPhonePlayer,972,0,0,RIGHT,0,LEFT,200,5000,INCONGRUENT
ucsfww0011,2019-09-12T16:21:51.062Z,2019-09-12T16:21:51.062Z,,default,1,59.0205269,30.6571846,Successful,Initial,iOS 12.4.1,1536,2048,1.11.23,PST,326,"iPad4,4",Handheld,Apple A7 GPU,English,2,0,IPhonePlayer,972,0,1,RIGHT,0,RIGHT,68,5000,CONGRUENT
ucsfww0011,2019-09-12T16:21:51.062Z,2019-09-12T16:21:51.062Z,,default,2,59.0205269,30.6571846,Successful,Initial,iOS 12.4.1,1536,2048,1.11.23,PST,326,"iPad4,4",Handheld,Apple A7 GPU,English,2,0,IPhonePlayer,972,0,1,RIGHT,0,RIGHT,1217,5000,CONGRUENT
ucsfww0011,2019-09-12T16:21:51.062Z,2019-09-12T16:21:51.062Z,,default,3,59.0205269,30.6571846,Successful,Initial,iOS 12.4.1,1536,2048,1.11.23,PST,326,"iPad4,4",Handheld,Apple A7 GPU,English,2,0,IPhonePlayer,972,0,1,LEFT,0,LEFT,234,5000,CONGRUENT
ucsfww0011,2019-09-12T16:21:51.062Z,2019-09-12T16:21:51.062Z,,default,4,59.0205269,30.6571846,Successful,Initial,iOS 12.4.1,1536,2048,1.11.23,PST,326,"iPad4,4",Handheld,Apple A7 GPU,English,2,0,IPhonePlayer,972,0,1,LEFT,0,LEFT,184,5000,CONGRUENT
ucsfww0011,2019-09-12T16:22:08.942Z,2019-09-12T16:22:08.942Z,,default,0,58.21593,50.69574,Successful,StartingWindow,iOS 12.4.1,1536,2048,1.11.23,PST,326,"iPad4,4",Handheld,Apple A7 GPU,English,2,0,IPhonePlayer,972,0,1,LEFT,0,LEFT,50,5000,CONGRUENT
ucsfww0011,2019-09-12T16:22:08.942Z,2019-09-12T16:22:08.942Z,,default,1,58.21593,50.69574,Successful,StartingWindow,iOS 12.4.1,1536,2048,1.11.23,PST,326,"iPad4,4",Handheld,Apple A7 GPU,English,2,0,IPhonePlayer,972,0,0,RIGHT,0,LEFT,201,5000,INCONGRUENT
ucsfww0011,2019-09-12T16:22:08.942Z,2019-09-12T16:22:08.942Z,,default,2,58.21593,50.69574,Successful,StartingWindow,iOS 12.4.1,1536,2048,1.11.23,PST,326,"iPad4,4",Handheld,Apple A7 GPU,English,2,0,IPhonePlayer,972,0,1,LEFT,0,LEFT,317,5000,CONGRUENT
ucsfww0011,2019-09-12T16:22:08.942Z,2019-09-12T16:22:08.942Z,,default,3,58.21593,50.69574,Successful,StartingWindow,iOS 12.4.1,1536,2048,1.11.23,PST,326,"iPad4,4",Handheld,Apple A7 GPU,English,2,0,IPhonePlayer,972,0,1,RIGHT,0,RIGHT,67,5000,CONGRUENT
ucsfww0011,2019-09-12T16:22:08.942Z,2019-09-12T16:22:08.942Z,,default,4,58.21593,50.69574,Successful,StartingWindow,iOS 12.4.1,1536,2048,1.11.23,PST,326,"iPad4,4",Handheld,Apple A7 GPU,English,2,0,IPhonePlayer,972,0,1,RIGHT,0,RIGHT,50,5000,CONGRUENT
ucsfww0011,2019-09-12T16:22:29.351Z,2019-09-12T16:22:29.351Z,,default,0,58.827198,35.3332634,Successful,Real,iOS 12.4.1,1536,2048,1.11.23,PST,326,"iPad4,4",Handheld,Apple A7 GPU,English,2,0,IPhonePlayer,972,0,1,RIGHT,1,LEFT,734,183,INCONGRUENT
ucsfww0011,2019-09-12T16:22:29.351Z,2019-09-12T16:22:29.351Z,,default,1,58.827198,35.3332634,Successful,Real,iOS 12.4.1,1536,2048,1.11.23,PST,326,"iPad4,4",Handheld,Apple A7 GPU,English,2,0,IPhonePlayer,972,0,0,LEFT,0,RIGHT,84,223,INCONGRUENT
ucsfww0011,2019-09-12T16:22:29.351Z,2019-09-12T16:22:29.351Z,,default,2,58.827198,35.3332634,Successful,Real,iOS 12.4.1,1536,2048,1.11.23,PST,326,"iPad4,4",Handheld,Apple A7 GPU,English,2,0,IPhonePlayer,972,0,0,RIGHT,0,LEFT,201,303,INCONGRUENT
ucsfww0011,2019-09-12T16:22:29.351Z,2019-09-12T16:22:29.351Z,,default,3,58.827198,35.3332634,Successful,Real,iOS 12.4.1,1536,2048,1.11.23,PST,326,"iPad4,4",Handheld,Apple A7 GPU,English,2,0,IPhonePlayer,972,0,0,LEFT,0,RIGHT,34,423,INCONGRUENT
ucsfww0011,2019-09-12T16:22:29.351Z,2019-09-12T16:22:29.351Z,,default,4,58.827198,35.3332634,Successful,Real,iOS 12.4.1,1536,2048,1.11.23,PST,326,"iPad4,4",Handheld,Apple A7 GPU,English,2,0,IPhonePlayer,972,0,0,RIGHT,0,LEFT,51,583,INCONGRUENT
ucsfww0011,2019-09-12T16:22:29.351Z,2019-09-12T16:22:29.351Z,,default,5,58.827198,35.3332634,Successful,Real,iOS 12.4.1,1536,2048,1.11.23,PST,326,"iPad4,4",Handheld,Apple A7 GPU,English,2,0,IPhonePlayer,972,0,0,RIGHT,0,RIGHT,67,183,CONGRUENT
ucsfww0011,2019-09-12T16:22:29.351Z,2019-09-12T16:22:29.351Z,,default,6,58.827198,35.3332634,Successful,Real,iOS 12.4.1,1536,2048,1.11.23,PST,326,"iPad4,4",Handheld,Apple A7 GPU,English,2,0,IPhonePlayer,972,0,0,LEFT,1,LEFT,517,223,CONGRUENT
ucsfww0011,2019-09-12T16:22:29.351Z,2019-09-12T16:22:29.351Z,,default,7,58.827198,35.3332634,Successful,Real,iOS 12.4.1,1536,2048,1.11.23,PST,326,"iPad4,4",Handheld,Apple A7 GPU,English,2,0,IPhonePlayer,972,0,1,RIGHT,0,RIGHT,234,303,CONGRUENT
ucsfww0011,2019-09-12T16:22:29.351Z,2019-09-12T16:22:29.351Z,,default,8,58.827198,35.3332634,Successful,Real,iOS 12.4.1,1536,2048,1.11.23,PST,326,"iPad4,4",Handheld,Apple A7 GPU,English,2,0,IPhonePlayer,972,0,1,RIGHT,0,RIGHT,67,293,CONGRUENT
ucsfww0011,2019-09-12T16:22:29.351Z,2019-09-12T16:22:29.351Z,,default,9,58.827198,35.3332634,Successful,Real,iOS 12.4.1,1536,2048,1.11.23,PST,326,"iPad4,4",Handheld,Apple A7 GPU,English,2,0,IPhonePlayer,972,0,0,LEFT,1,LEFT,284,273,CONGRUENT
ucsfww0011,2019-09-12T16:22:29.351Z,2019-09-12T16:22:29.351Z,,default,10,58.827198,35.3332634,Successful,Real,iOS 12.4.1,1536,2048,1.11.23,PST,326,"iPad4,4",Handheld,Apple A7 GPU,English,2,0,IPhonePlayer,972,0,0,RIGHT,0,RIGHT,100,313,CONGRUENT
ucsfww0011,2019-09-12T16:22:29.351Z,2019-09-12T16:22:29.351Z,,default,11,58.827198,35.3332634,Successful,Real,iOS 12.4.1,1536,2048,1.11.23,PST,326,"iPad4,4",Handheld,Apple A7 GPU,English,2,0,IPhonePlayer,972,0,1,RIGHT,0,RIGHT,1,393,CONGRUENT
ucsfww0011,2019-09-12T16:22:29.351Z,2019-09-12T16:22:29.351Z,,default,12,58.827198,35.3332634,Successful,Real,iOS 12.4.1,1536,2048,1.11.23,PST,326,"iPad4,4",Handheld,Apple A7 GPU,English,2,0,IPhonePlayer,972,0,1,LEFT,0,LEFT,34,383,CONGRUENT
ucsfww0011,2019-09-12T16:22:29.351Z,2019-09-12T16:22:29.351Z,,default,13,58.827198,35.3332634,Successful,Real,iOS 12.4.1,1536,2048,1.11.23,PST,326,"iPad4,4",Handheld,Apple A7 GPU,English,2,0,IPhonePlayer,972,0,1,RIGHT,0,RIGHT,67,363,CONGRUENT
ucsfww0011,2019-09-12T16:22:29.351Z,2019-09-12T16:22:29.351Z,,default,14,58.827198,35.3332634,Successful,Real,iOS 12.4.1,1536,2048,1.11.23,PST,326,"iPad4,4",Handheld,Apple A7 GPU,English,2,0,IPhonePlayer,972,0,1,RIGHT,0,RIGHT,134,333,CONGRUENT
ucsfww0011,2019-09-12T16:22:29.351Z,2019-09-12T16:22:29.351Z,,default,15,58.827198,35.3332634,Successful,Real,iOS 12.4.1,1536,2048,1.11.23,PST,326,"iPad4,4",Handheld,Apple A7 GPU,English,2,0,IPhonePlayer,972,0,1,LEFT,0,RIGHT,218,783,INCONGRUENT
ucsfww0011,2019-09-12T16:22:29.351Z,2019-09-12T16:22:29.351Z,,default,16,58.827198,35.3332634,Successful,Real,iOS 12.4.1,1536,2048,1.11.23,PST,326,"iPad4,4",Handheld,Apple A7 GPU,English,2,0,IPhonePlayer,972,0,0,LEFT,0,LEFT,68,293,CONGRUENT
ucsfww0011,2019-09-12T16:22:29.351Z,2019-09-12T16:22:29.351Z,,default,17,58.827198,35.3332634,Successful,Real,iOS 12.4.1,1536,2048,1.11.23,PST,326,"iPad4,4",Handheld,Apple A7 GPU,English,2,0,IPhonePlayer,972,0,1,LEFT,0,LEFT,17,333,CONGRUENT
ucsfww0011,2019-09-12T16:22:29.351Z,2019-09-12T16:22:29.351Z,,default,18,58.827198,35.3332634,Successful,Real,iOS 12.4.1,1536,2048,1.11.23,PST,326,"iPad4,4",Handheld,Apple A7 GPU,English,2,0,IPhonePlayer,972,0,1,RIGHT,0,RIGHT,34,323,CONGRUENT
ucsfww0011,2019-09-12T16:22:29.351Z,2019-09-12T16:22:29.351Z,,default,19,58.827198,35.3332634,Successful,Real,iOS 12.4.1,1536,2048,1.11.23,PST,326,"iPad4,4",Handheld,Apple A7 GPU,English,2,0,IPhonePlayer,972,0,1,RIGHT,0,RIGHT,118,303,CONGRUENT
ucsfww0011,2019-09-12T16:22:29.351Z,2019-09-12T16:22:29.351Z,,default,20,58.827198,35.3332634,Successful,Real,iOS 12.4.1,1536,2048,1.11.23,PST,326,"iPad4,4",Handheld,Apple A7 GPU,English,2,0,IPhonePlayer,972,0,1,RIGHT,1,RIGHT,283,273,CONGRUENT
ucsfww0011,2019-09-12T16:22:29.351Z,2019-09-12T16:22:29.351Z,,default,21,58.827198,35.3332634,Successful,Real,iOS 12.4.1,1536,2048,1.11.23,PST,326,"iPad4,4",Handheld,Apple A7 GPU,English,2,0,IPhonePlayer,972,0,1,LEFT,0,LEFT,84,313,CONGRUENT
ucsfww0011,2019-09-12T16:22:29.351Z,2019-09-12T16:22:29.351Z,,default,22,58.827198,35.3332634,Successful,Real,iOS 12.4.1,1536,2048,1.11.23,PST,326,"iPad4,4",Handheld,Apple A7 GPU,English,2,0,IPhonePlayer,972,0,0,LEFT,0,LEFT,34,303,CONGRUENT
ucsfww0011,2019-09-12T16:22:29.351Z,2019-09-12T16:22:29.351Z,,default,23,58.827198,35.3332634,Successful,Real,iOS 12.4.1,1536,2048,1.11.23,PST,326,"iPad4,4",Handheld,Apple A7 GPU,English,2,0,IPhonePlayer,972,0,0,LEFT,0,LEFT,50,343,CONGRUENT
ucsfww0011,2019-09-12T16:22:29.351Z,2019-09-12T16:22:29.351Z,,default,24,58.827198,35.3332634,Successful,Real,iOS 12.4.1,1536,2048,1.11.23,PST,326,"iPad4,4",Handheld,Apple A7 GPU,English,2,0,IPhonePlayer,972,0,1,RIGHT,0,RIGHT,184,423,CONGRUENT
ucsfww0011,2019-09-12T16:22:29.351Z,2019-09-12T16:22:29.351Z,,default,25,58.827198,35.3332634,Successful,Real,iOS 12.4.1,1536,2048,1.11.23,PST,326,"iPad4,4",Handheld,Apple A7 GPU,English,2,0,IPhonePlayer,972,0,1,RIGHT,0,RIGHT,184,413,CONGRUENT
ucsfww0011,2019-09-12T16:22:29.351Z,2019-09-12T16:22:29.351Z,,default,26,58.827198,35.3332634,Successful,Real,iOS 12.4.1,1536,2048,1.11.23,PST,326,"iPad4,4",Handheld,Apple A7 GPU,English,2,0,IPhonePlayer,972,0,1,RIGHT,0,LEFT,1,773,INCONGRUENT
ucsfww0011,2019-09-12T16:22:29.351Z,2019-09-12T16:22:29.351Z,,default,27,58.827198,35.3332634,Successful,Real,iOS 12.4.1,1536,2048,1.11.23,PST,326,"iPad4,4",Handheld,Apple A7 GPU,English,2,0,IPhonePlayer,972,0,1,LEFT,0,LEFT,51,393,CONGRUENT
ucsfww0011,2019-09-12T16:22:29.351Z,2019-09-12T16:22:29.351Z,,default,28,58.827198,35.3332634,Successful,Real,iOS 12.4.1,1536,2048,1.11.23,PST,326,"iPad4,4",Handheld,Apple A7 GPU,English,2,0,IPhonePlayer,972,0,0,LEFT,0,LEFT,167,363,CONGRUENT
ucsfww0011,2019-09-12T16:22:29.351Z,2019-09-12T16:22:29.351Z,,default,29,58.827198,35.3332634,Successful,Real,iOS 12.4.1,1536,2048,1.11.23,PST,326,"iPad4,4",Handheld,Apple A7 GPU,English,2,0,IPhonePlayer,972,0,1,RIGHT,0,RIGHT,367,403,CONGRUENT
ucsfww0011,2019-09-12T16:22:29.351Z,2019-09-12T16:22:29.351Z,,default,30,58.827198,35.3332634,Successful,Real,iOS 12.4.1,1536,2048,1.11.23,PST,326,"iPad4,4",Handheld,Apple A7 GPU,English,2,0,IPhonePlayer,972,0,1,LEFT,1,LEFT,483,393,CONGRUENT
ucsfww0011,2019-09-12T16:22:29.351Z,2019-09-12T16:22:29.351Z,,default,31,58.827198,35.3332634,Successful,Real,iOS 12.4.1,1536,2048,1.11.23,PST,326,"iPad4,4",Handheld,Apple A7 GPU,English,2,0,IPhonePlayer,972,0,1,RIGHT,1,RIGHT,467,433,CONGRUENT
ucsfww0011,2019-09-12T16:22:29.351Z,2019-09-12T16:22:29.351Z,,default,32,58.827198,35.3332634,Successful,Real,iOS 12.4.1,1536,2048,1.11.23,PST,326,"iPad4,4",Handheld,Apple A7 GPU,English,2,0,IPhonePlayer,972,0,1,RIGHT,0,RIGHT,101,513,CONGRUENT
ucsfww0011,2019-09-12T16:22:29.351Z,2019-09-12T16:22:29.351Z,,default,33,58.827198,35.3332634,Successful,Real,iOS 12.4.1,1536,2048,1.11.23,PST,326,"iPad4,4",Handheld,Apple A7 GPU,English,2,0,IPhonePlayer,972,0,0,LEFT,0,LEFT,67,503,CONGRUENT
ucsfww0011,2019-09-12T16:22:29.351Z,2019-09-12T16:22:29.351Z,,default,34,58.827198,35.3332634,Successful,Real,iOS 12.4.1,1536,2048,1.11.23,PST,326,"iPad4,4",Handheld,Apple A7 GPU,English,2,0,IPhonePlayer,972,0,0,LEFT,0,LEFT,117,543,CONGRUENT
ucsfww0011,2019-09-12T16:22:29.351Z,2019-09-12T16:22:29.351Z,,default,35,58.827198,35.3332634,Successful,Real,iOS 12.4.1,1536,2048,1.11.23,PST,326,"iPad4,4",Handheld,Apple A7 GPU,English,2,0,IPhonePlayer,972,0,0,LEFT,0,LEFT,184,623,CONGRUENT
ucsfww0011,2019-09-12T16:22:29.351Z,2019-09-12T16:22:29.351Z,,default,36,58.827198,35.3332634,Successful,Real,iOS 12.4.1,1536,2048,1.11.23,PST,326,"iPad4,4",Handheld,Apple A7 GPU,English,2,0,IPhonePlayer,972,0,0,RIGHT,0,RIGHT,1,743,CONGRUENT
ucsfww0011,2019-09-12T16:22:29.351Z,2019-09-12T16:22:29.351Z,,default,37,58.827198,35.3332634,Successful,Real,iOS 12.4.1,1536,2048,1.11.23,PST,326,"iPad4,4",Handheld,Apple A7 GPU,English,2,0,IPhonePlayer,972,0,0,LEFT,0,RIGHT,134,753,INCONGRUENT
ucsfww0011,2019-09-12T16:22:29.351Z,2019-09-12T16:22:29.351Z,,default,38,58.827198,35.3332634,Successful,Real,iOS 12.4.1,1536,2048,1.11.23,PST,326,"iPad4,4",Handheld,Apple A7 GPU,English,2,0,IPhonePlayer,972,0,0,LEFT,0,LEFT,1,903,CONGRUENT
ucsfww0011,2019-09-12T16:22:29.351Z,2019-09-12T16:22:29.351Z,,default,39,58.827198,35.3332634,Successful,Real,iOS 12.4.1,1536,2048,1.11.23,PST,326,"iPad4,4",Handheld,Apple A7 GPU,English,2,0,IPhonePlayer,972,0,1,LEFT,0,LEFT,518,1103,CONGRUENT
ucsfww0011,2019-09-12T16:40:32.576Z,2019-09-12T16:40:32.576Z,,default,0,59.32268,22.87097,Successful,Initial,iOS 12.4.1,1536,2048,1.11.23,PST,326,"iPad4,4",Handheld,Apple A7 GPU,English,2,0,IPhonePlayer,972,0,0,RIGHT,0,LEFT,183,5000,INCONGRUENT
ucsfww0011,2019-09-12T16:40:32.576Z,2019-09-12T16:40:32.576Z,,default,1,59.32268,22.87097,Successful,Initial,iOS 12.4.1,1536,2048,1.11.23,PST,326,"iPad4,4",Handheld,Apple A7 GPU,English,2,0,IPhonePlayer,972,0,0,LEFT,0,LEFT,16,5000,CONGRUENT
ucsfww0011,2019-09-12T16:40:32.576Z,2019-09-12T16:40:32.576Z,,default,2,59.32268,22.87097,Successful,Initial,iOS 12.4.1,1536,2048,1.11.23,PST,326,"iPad4,4",Handheld,Apple A7 GPU,English,2,0,IPhonePlayer,972,0,1,RIGHT,0,RIGHT,401,5000,CONGRUENT
ucsfww0011,2019-09-12T16:40:32.576Z,2019-09-12T16:40:32.576Z,,default,3,59.32268,22.87097,Successful,Initial,iOS 12.4.1,1536,2048,1.11.23,PST,326,"iPad4,4",Handheld,Apple A7 GPU,English,2,0,IPhonePlayer,972,0,1,LEFT,0,LEFT,717,5000,CONGRUENT
ucsfww0011,2019-09-12T16:40:32.576Z,2019-09-12T16:40:32.576Z,,default,4,59.32268,22.87097,Successful,Initial,iOS 12.4.1,1536,2048,1.11.23,PST,326,"iPad4,4",Handheld,Apple A7 GPU,English,2,0,IPhonePlayer,972,0,1,RIGHT,0,RIGHT,450,5000,CONGRUENT
ucsfww0011,2019-09-12T16:40:49.765Z,2019-09-12T16:40:49.765Z,,default,0,59.3118248,22.3402386,Successful,StartingWindow,iOS 12.4.1,1536,2048,1.11.23,PST,326,"iPad4,4",Handheld,Apple A7 GPU,English,2,0,IPhonePlayer,972,0,1,RIGHT,0,LEFT,418,5000,INCONGRUENT
ucsfww0011,2019-09-12T16:40:49.765Z,2019-09-12T16:40:49.765Z,,default,1,59.3118248,22.3402386,Successful,StartingWindow,iOS 12.4.1,1536,2048,1.11.23,PST,326,"iPad4,4",Handheld,Apple A7 GPU,English,2,0,IPhonePlayer,972,0,1,LEFT,0,LEFT,517,5000,CONGRUENT
ucsfww0011,2019-09-12T16:40:49.765Z,2019-09-12T16:40:49.765Z,,default,2,59.3118248,22.3402386,Successful,StartingWindow,iOS 12.4.1,1536,2048,1.11.23,PST,326,"iPad4,4",Handheld,Apple A7 GPU,English,2,0,IPhonePlayer,972,0,1,RIGHT,0,RIGHT,750,5000,CONGRUENT
ucsfww0011,2019-09-12T16:40:49.765Z,2019-09-12T16:40:49.765Z,,default,3,59.3118248,22.3402386,Successful,StartingWindow,iOS 12.4.1,1536,2048,1.11.23,PST,326,"iPad4,4",Handheld,Apple A7 GPU,English,2,0,IPhonePlayer,972,0,1,RIGHT,0,RIGHT,684,5000,CONGRUENT
ucsfww0011,2019-09-12T16:40:49.765Z,2019-09-12T16:40:49.765Z,,default,4,59.3118248,22.3402386,Successful,StartingWindow,iOS 12.4.1,1536,2048,1.11.23,PST,326,"iPad4,4",Handheld,Apple A7 GPU,English,2,0,IPhonePlayer,972,0,1,LEFT,0,LEFT,368,5000,CONGRUENT
ucsfww0011,2019-09-12T16:41:04.893Z,2019-09-12T16:41:04.893Z,,default,0,59.00337,29.8781414,Successful,Real,iOS 12.4.1,1536,2048,1.11.23,PST,326,"iPad4,4",Handheld,Apple A7 GPU,English,2,0,IPhonePlayer,972,0,0,LEFT,0,LEFT,300,633,CONGRUENT
ucsfww0011,2019-09-12T16:41:04.893Z,2019-09-12T16:41:04.893Z,,default,1,59.00337,29.8781414,Successful,Real,iOS 12.4.1,1536,2048,1.11.23,PST,326,"iPad4,4",Handheld,Apple A7 GPU,English,2,0,IPhonePlayer,972,0,1,LEFT,1,RIGHT,1033,633,INCONGRUENT
ucsfww0011,2019-09-12T16:41:04.893Z,2019-09-12T16:41:04.893Z,,default,2,59.00337,29.8781414,Successful,Real,iOS 12.4.1,1536,2048,1.11.23,PST,326,"iPad4,4",Handheld,Apple A7 GPU,English,2,0,IPhonePlayer,972,0,1,LEFT,0,RIGHT,451,673,INCONGRUENT
ucsfww0011,2019-09-12T16:41:04.893Z,2019-09-12T16:41:04.893Z,,default,3,59.00337,29.8781414,Successful,Real,iOS 12.4.1,1536,2048,1.11.23,PST,326,"iPad4,4",Handheld,Apple A7 GPU,English,2,0,IPhonePlayer,972,0,1,RIGHT,0,RIGHT,417,673,CONGRUENT
ucsfww0011,2019-09-12T16:41:04.893Z,2019-09-12T16:41:04.893Z,,default,4,59.00337,29.8781414,Successful,Real,iOS 12.4.1,1536,2048,1.11.23,PST,326,"iPad4,4",Handheld,Apple A7 GPU,English,2,0,IPhonePlayer,972,0,1,RIGHT,0,LEFT,534,663,INCONGRUENT
ucsfww0011,2019-09-12T16:41:04.893Z,2019-09-12T16:41:04.893Z,,default,5,59.00337,29.8781414,Successful,Real,iOS 12.4.1,1536,2048,1.11.23,PST,326,"iPad4,4",Handheld,Apple A7 GPU,English,2,0,IPhonePlayer,972,0,1,RIGHT,0,LEFT,467,643,INCONGRUENT
ucsfww0011,2019-09-12T16:41:04.893Z,2019-09-12T16:41:04.893Z,,default,6,59.00337,29.8781414,Successful,Real,iOS 12.4.1,1536,2048,1.11.23,PST,326,"iPad4,4",Handheld,Apple A7 GPU,English,2,0,IPhonePlayer,972,0,1,LEFT,0,LEFT,567,663,CONGRUENT
ucsfww0011,2019-09-12T16:41:04.893Z,2019-09-12T16:41:04.893Z,,default,7,59.00337,29.8781414,Successful,Real,iOS 12.4.1,1536,2048,1.11.23,PST,326,"iPad4,4",Handheld,Apple A7 GPU,English,2,0,IPhonePlayer,972,0,1,RIGHT,0,LEFT,501,613,INCONGRUENT
ucsfww0011,2019-09-12T16:41:04.893Z,2019-09-12T16:41:04.893Z,,default,8,59.00337,29.8781414,Successful,Real,iOS 12.4.1,1536,2048,1.11.23,PST,326,"iPad4,4",Handheld,Apple A7 GPU,English,2,0,IPhonePlayer,972,0,1,LEFT,0,LEFT,451,643,CONGRUENT
ucsfww0011,2019-09-12T16:41:04.893Z,2019-09-12T16:41:04.893Z,,default,9,59.00337,29.8781414,Successful,Real,iOS 12.4.1,1536,2048,1.11.23,PST,326,"iPad4,4",Handheld,Apple A7 GPU,English,2,0,IPhonePlayer,972,0,1,LEFT,0,LEFT,451,613,CONGRUENT
ucsfww0011,2019-09-12T16:41:04.893Z,2019-09-12T16:41:04.893Z,,default,10,59.00337,29.8781414,Successful,Real,iOS 12.4.1,1536,2048,1.11.23,PST,326,"iPad4,4",Handheld,Apple A7 GPU,English,2,0,IPhonePlayer,972,0,1,LEFT,0,LEFT,334,573,CONGRUENT
ucsfww0011,2019-09-12T16:41:04.893Z,2019-09-12T16:41:04.893Z,,default,11,59.00337,29.8781414,Successful,Real,iOS 12.4.1,1536,2048,1.11.23,PST,326,"iPad4,4",Handheld,Apple A7 GPU,English,2,0,IPhonePlayer,972,0,1,RIGHT,0,RIGHT,334,523,CONGRUENT
ucsfww0011,2019-09-12T16:41:04.893Z,2019-09-12T16:41:04.893Z,,default,12,59.00337,29.8781414,Successful,Real,iOS 12.4.1,1536,2048,1.11.23,PST,326,"iPad4,4",Handheld,Apple A7 GPU,English,2,0,IPhonePlayer,972,0,1,RIGHT,0,RIGHT,400,463,CONGRUENT
ucsfww0011,2019-09-12T16:41:04.893Z,2019-09-12T16:41:04.893Z,,default,13,59.00337,29.8781414,Successful,Real,iOS 12.4.1,1536,2048,1.11.23,PST,326,"iPad4,4",Handheld,Apple A7 GPU,English,2,0,IPhonePlayer,972,0,1,RIGHT,1,RIGHT,567,393,CONGRUENT
ucsfww0011,2019-09-12T16:41:04.893Z,2019-09-12T16:41:04.893Z,,default,14,59.00337,29.8781414,Successful,Real,iOS 12.4.1,1536,2048,1.11.23,PST,326,"iPad4,4",Handheld,Apple A7 GPU,English,2,0,IPhonePlayer,972,0,1,LEFT,1,LEFT,483,433,CONGRUENT
ucsfww0011,2019-09-12T16:41:04.893Z,2019-09-12T16:41:04.893Z,,default,15,59.00337,29.8781414,Successful,Real,iOS 12.4.1,1536,2048,1.11.23,PST,326,"iPad4,4",Handheld,Apple A7 GPU,English,2,0,IPhonePlayer,972,0,1,LEFT,0,LEFT,351,513,CONGRUENT
ucsfww0011,2019-09-12T16:41:04.893Z,2019-09-12T16:41:04.893Z,,default,16,59.00337,29.8781414,Successful,Real,iOS 12.4.1,1536,2048,1.11.23,PST,326,"iPad4,4",Handheld,Apple A7 GPU,English,2,0,IPhonePlayer,972,0,1,RIGHT,0,LEFT,384,573,INCONGRUENT
ucsfww0011,2019-09-12T16:41:04.893Z,2019-09-12T16:41:04.893Z,,default,17,59.00337,29.8781414,Successful,Real,iOS 12.4.1,1536,2048,1.11.23,PST,326,"iPad4,4",Handheld,Apple A7 GPU,English,2,0,IPhonePlayer,972,0,1,LEFT,1,LEFT,517,503,CONGRUENT
ucsfww0011,2019-09-12T16:41:04.893Z,2019-09-12T16:41:04.893Z,,default,18,59.00337,29.8781414,Successful,Real,iOS 12.4.1,1536,2048,1.11.23,PST,326,"iPad4,4",Handheld,Apple A7 GPU,English,2,0,IPhonePlayer,972,0,1,LEFT,0,LEFT,434,543,CONGRUENT
ucsfww0011,2019-09-12T16:41:04.893Z,2019-09-12T16:41:04.893Z,,default,19,59.00337,29.8781414,Successful,Real,iOS 12.4.1,1536,2048,1.11.23,PST,326,"iPad4,4",Handheld,Apple A7 GPU,English,2,0,IPhonePlayer,972,0,1,LEFT,0,LEFT,401,533,CONGRUENT
ucsfww0011,2019-09-12T16:41:04.893Z,2019-09-12T16:41:04.893Z,,default,20,59.00337,29.8781414,Successful,Real,iOS 12.4.1,1536,2048,1.11.23,PST,326,"iPad4,4",Handheld,Apple A7 GPU,English,2,0,IPhonePlayer,972,0,1,RIGHT,0,RIGHT,417,513,CONGRUENT
ucsfww0011,2019-09-12T16:41:04.893Z,2019-09-12T16:41:04.893Z,,default,21,59.00337,29.8781414,Successful,Real,iOS 12.4.1,1536,2048,1.11.23,PST,326,"iPad4,4",Handheld,Apple A7 GPU,English,2,0,IPhonePlayer,972,0,1,LEFT,0,LEFT,351,483,CONGRUENT
ucsfww0011,2019-09-12T16:41:04.893Z,2019-09-12T16:41:04.893Z,,default,22,59.00337,29.8781414,Successful,Real,iOS 12.4.1,1536,2048,1.11.23,PST,326,"iPad4,4",Handheld,Apple A7 GPU,English,2,0,IPhonePlayer,972,0,1,RIGHT,0,RIGHT,368,443,CONGRUENT
ucsfww0011,2019-09-12T16:41:04.893Z,2019-09-12T16:41:04.893Z,,default,23,59.00337,29.8781414,Successful,Real,iOS 12.4.1,1536,2048,1.11.23,PST,326,"iPad4,4",Handheld,Apple A7 GPU,English,2,0,IPhonePlayer,972,0,1,LEFT,1,LEFT,500,393,CONGRUENT
ucsfww0011,2019-09-12T16:41:04.893Z,2019-09-12T16:41:04.893Z,,default,24,59.00337,29.8781414,Successful,Real,iOS 12.4.1,1536,2048,1.11.23,PST,326,"iPad4,4",Handheld,Apple A7 GPU,English,2,0,IPhonePlayer,972,0,1,LEFT,0,LEFT,317,433,CONGRUENT
ucsfww0011,2019-09-12T16:41:04.893Z,2019-09-12T16:41:04.893Z,,default,25,59.00337,29.8781414,Successful,Real,iOS 12.4.1,1536,2048,1.11.23,PST,326,"iPad4,4",Handheld,Apple A7 GPU,English,2,0,IPhonePlayer,972,0,1,RIGHT,0,RIGHT,317,423,CONGRUENT
ucsfww0011,2019-09-12T16:41:04.893Z,2019-09-12T16:41:04.893Z,,default,26,59.00337,29.8781414,Successful,Real,iOS 12.4.1,1536,2048,1.11.23,PST,326,"iPad4,4",Handheld,Apple A7 GPU,English,2,0,IPhonePlayer,972,0,1,LEFT,0,RIGHT,417,523,INCONGRUENT
ucsfww0011,2019-09-12T16:41:04.893Z,2019-09-12T16:41:04.893Z,,default,27,59.00337,29.8781414,Successful,Real,iOS 12.4.1,1536,2048,1.11.23,PST,326,"iPad4,4",Handheld,Apple A7 GPU,English,2,0,IPhonePlayer,972,0,1,RIGHT,1,RIGHT,484,403,CONGRUENT
ucsfww0011,2019-09-12T16:41:04.893Z,2019-09-12T16:41:04.893Z,,default,28,59.00337,29.8781414,Successful,Real,iOS 12.4.1,1536,2048,1.11.23,PST,326,"iPad4,4",Handheld,Apple A7 GPU,English,2,0,IPhonePlayer,972,0,1,LEFT,0,LEFT,334,443,CONGRUENT
ucsfww0011,2019-09-12T16:41:04.893Z,2019-09-12T16:41:04.893Z,,default,29,59.00337,29.8781414,Successful,Real,iOS 12.4.1,1536,2048,1.11.23,PST,326,"iPad4,4",Handheld,Apple A7 GPU,English,2,0,IPhonePlayer,972,0,1,RIGHT,0,RIGHT,368,433,CONGRUENT
ucsfww0011,2019-09-12T16:41:04.893Z,2019-09-12T16:41:04.893Z,,default,30,59.00337,29.8781414,Successful,Real,iOS 12.4.1,1536,2048,1.11.23,PST,326,"iPad4,4",Handheld,Apple A7 GPU,English,2,0,IPhonePlayer,972,0,1,LEFT,0,RIGHT,384,463,INCONGRUENT
ucsfww0011,2019-09-12T16:41:04.893Z,2019-09-12T16:41:04.893Z,,default,31,59.00337,29.8781414,Successful,Real,iOS 12.4.1,1536,2048,1.11.23,PST,326,"iPad4,4",Handheld,Apple A7 GPU,English,2,0,IPhonePlayer,972,0,1,RIGHT,0,RIGHT,384,413,CONGRUENT
ucsfww0011,2019-09-12T16:41:04.893Z,2019-09-12T16:41:04.893Z,,default,32,59.00337,29.8781414,Successful,Real,iOS 12.4.1,1536,2048,1.11.23,PST,326,"iPad4,4",Handheld,Apple A7 GPU,English,2,0,IPhonePlayer,972,0,1,RIGHT,1,RIGHT,484,383,CONGRUENT
ucsfww0011,2019-09-12T16:41:04.893Z,2019-09-12T16:41:04.893Z,,default,33,59.00337,29.8781414,Successful,Real,iOS 12.4.1,1536,2048,1.11.23,PST,326,"iPad4,4",Handheld,Apple A7 GPU,English,2,0,IPhonePlayer,972,0,1,LEFT,0,LEFT,384,423,CONGRUENT
ucsfww0011,2019-09-12T16:41:04.893Z,2019-09-12T16:41:04.893Z,,default,34,59.00337,29.8781414,Successful,Real,iOS 12.4.1,1536,2048,1.11.23,PST,326,"iPad4,4",Handheld,Apple A7 GPU,English,2,0,IPhonePlayer,972,0,1,RIGHT,1,RIGHT,417,413,CONGRUENT
ucsfww0011,2019-09-12T16:41:04.893Z,2019-09-12T16:41:04.893Z,,default,35,59.00337,29.8781414,Successful,Real,iOS 12.4.1,1536,2048,1.11.23,PST,326,"iPad4,4",Handheld,Apple A7 GPU,English,2,0,IPhonePlayer,972,0,1,RIGHT,1,RIGHT,467,453,CONGRUENT
ucsfww0011,2019-09-12T16:41:04.893Z,2019-09-12T16:41:04.893Z,,default,36,59.00337,29.8781414,Successful,Real,iOS 12.4.1,1536,2048,1.11.23,PST,326,"iPad4,4",Handheld,Apple A7 GPU,English,2,0,IPhonePlayer,972,0,1,RIGHT,0,RIGHT,234,533,CONGRUENT
ucsfww0011,2019-09-12T16:41:04.893Z,2019-09-12T16:41:04.893Z,,default,37,59.00337,29.8781414,Successful,Real,iOS 12.4.1,1536,2048,1.11.23,PST,326,"iPad4,4",Handheld,Apple A7 GPU,English,2,0,IPhonePlayer,972,0,1,LEFT,0,LEFT,351,523,CONGRUENT
ucsfww0011,2019-09-12T16:41:04.893Z,2019-09-12T16:41:04.893Z,,default,38,59.00337,29.8781414,Successful,Real,iOS 12.4.1,1536,2048,1.11.23,PST,326,"iPad4,4",Handheld,Apple A7 GPU,English,2,0,IPhonePlayer,972,0,1,RIGHT,0,RIGHT,334,503,CONGRUENT
ucsfww0011,2019-09-12T16:41:04.893Z,2019-09-12T16:41:04.893Z,,default,39,59.00337,29.8781414,Successful,Real,iOS 12.4.1,1536,2048,1.11.23,PST,326,"iPad4,4",Handheld,Apple A7 GPU,English,2,0,IPhonePlayer,972,0,1,RIGHT,0,RIGHT,350,473,CONGRUENT
ucsfww0018,2019-09-12T16:52:02.533Z,2019-09-12T16:52:02.533Z,,default,0,59.1293259,26.18052,Successful,Initial,iOS 12.4.1,1536,2048,1.11.23,PST,326,"iPad4,4",Handheld,Apple A7 GPU,English,2,0,IPhonePlayer,972,0,1,RIGHT,0,RIGHT,818,5000,CONGRUENT
ucsfww0018,2019-09-12T16:52:02.533Z,2019-09-12T16:52:02.533Z,,default,1,59.1293259,26.18052,Successful,Initial,iOS 12.4.1,1536,2048,1.11.23,PST,326,"iPad4,4",Handheld,Apple A7 GPU,English,2,0,IPhonePlayer,972,0,1,RIGHT,0,RIGHT,668,5000,CONGRUENT
ucsfww0018,2019-09-12T16:52:02.533Z,2019-09-12T16:52:02.533Z,,default,2,59.1293259,26.18052,Successful,Initial,iOS 12.4.1,1536,2048,1.11.23,PST,326,"iPad4,4",Handheld,Apple A7 GPU,English,2,0,IPhonePlayer,972,0,1,RIGHT,0,LEFT,784,5000,INCONGRUENT
ucsfww0018,2019-09-12T16:52:02.533Z,2019-09-12T16:52:02.533Z,,default,3,59.1293259,26.18052,Successful,Initial,iOS 12.4.1,1536,2048,1.11.23,PST,326,"iPad4,4",Handheld,Apple A7 GPU,English,2,0,IPhonePlayer,972,0,1,LEFT,0,LEFT,834,5000,CONGRUENT
ucsfww0018,2019-09-12T16:52:02.533Z,2019-09-12T16:52:02.533Z,,default,4,59.1293259,26.18052,Successful,Initial,iOS 12.4.1,1536,2048,1.11.23,PST,326,"iPad4,4",Handheld,Apple A7 GPU,English,2,0,IPhonePlayer,972,0,1,LEFT,0,LEFT,801,5000,CONGRUENT
ucsfww0018,2019-09-12T16:52:33.934Z,2019-09-12T16:52:33.934Z,,default,0,58.6136551,39.93352,Successful,Real,iOS 12.4.1,1536,2048,1.11.23,PST,326,"iPad4,4",Handheld,Apple A7 GPU,English,2,0,IPhonePlayer,972,0,1,LEFT,0,LEFT,500,800,CONGRUENT
ucsfww0018,2019-09-12T16:52:33.934Z,2019-09-12T16:52:33.934Z,,default,1,58.6136551,39.93352,Successful,Real,iOS 12.4.1,1536,2048,1.11.23,PST,326,"iPad4,4",Handheld,Apple A7 GPU,English,2,0,IPhonePlayer,972,0,1,RIGHT,0,LEFT,701,800,INCONGRUENT
ucsfww0018,2019-09-12T16:52:33.934Z,2019-09-12T16:52:33.934Z,,default,2,58.6136551,39.93352,Successful,Real,iOS 12.4.1,1536,2048,1.11.23,PST,326,"iPad4,4",Handheld,Apple A7 GPU,English,2,0,IPhonePlayer,972,0,1,LEFT,0,RIGHT,650,790,INCONGRUENT
ucsfww0018,2019-09-12T16:52:33.934Z,2019-09-12T16:52:33.934Z,,default,3,58.6136551,39.93352,Successful,Real,iOS 12.4.1,1536,2048,1.11.23,PST,326,"iPad4,4",Handheld,Apple A7 GPU,English,2,0,IPhonePlayer,972,0,1,RIGHT,0,LEFT,567,770,INCONGRUENT
ucsfww0018,2019-09-12T16:52:33.934Z,2019-09-12T16:52:33.934Z,,default,4,58.6136551,39.93352,Successful,Real,iOS 12.4.1,1536,2048,1.11.23,PST,326,"iPad4,4",Handheld,Apple A7 GPU,English,2,0,IPhonePlayer,972,0,1,LEFT,0,RIGHT,701,740,INCONGRUENT
ucsfww0018,2019-09-12T16:52:33.934Z,2019-09-12T16:52:33.934Z,,default,5,58.6136551,39.93352,Successful,Real,iOS 12.4.1,1536,2048,1.11.23,PST,326,"iPad4,4",Handheld,Apple A7 GPU,English,2,0,IPhonePlayer,972,0,1,RIGHT,0,LEFT,518,700,INCONGRUENT
ucsfww0018,2019-09-12T16:52:33.934Z,2019-09-12T16:52:33.934Z,,default,6,58.6136551,39.93352,Successful,Real,iOS 12.4.1,1536,2048,1.11.23,PST,326,"iPad4,4",Handheld,Apple A7 GPU,English,2,0,IPhonePlayer,972,0,1,LEFT,0,LEFT,768,790,CONGRUENT
ucsfww0018,2019-09-12T16:52:33.934Z,2019-09-12T16:52:33.934Z,,default,7,58.6136551,39.93352,Successful,Real,iOS 12.4.1,1536,2048,1.11.23,PST,326,"iPad4,4",Handheld,Apple A7 GPU,English,2,0,IPhonePlayer,972,0,1,LEFT,0,LEFT,634,770,CONGRUENT
ucsfww0018,2019-09-12T16:52:33.934Z,2019-09-12T16:52:33.934Z,,default,8,58.6136551,39.93352,Successful,Real,iOS 12.4.1,1536,2048,1.11.23,PST,326,"iPad4,4",Handheld,Apple A7 GPU,English,2,0,IPhonePlayer,972,0,1,LEFT,0,LEFT,417,740,CONGRUENT
ucsfww0018,2019-09-12T16:52:33.934Z,2019-09-12T16:52:33.934Z,,default,9,58.6136551,39.93352,Successful,Real,iOS 12.4.1,1536,2048,1.11.23,PST,326,"iPad4,4",Handheld,Apple A7 GPU,English,2,0,IPhonePlayer,972,0,1,RIGHT,0,RIGHT,650,700,CONGRUENT
ucsfww0018,2019-09-12T16:52:33.934Z,2019-09-12T16:52:33.934Z,,default,10,58.6136551,39.93352,Successful,Real,iOS 12.4.1,1536,2048,1.11.23,PST,326,"iPad4,4",Handheld,Apple A7 GPU,English,2,0,IPhonePlayer,972,0,1,LEFT,0,LEFT,534,650,CONGRUENT
ucsfww0018,2019-09-12T16:52:33.934Z,2019-09-12T16:52:33.934Z,,default,11,58.6136551,39.93352,Successful,Real,iOS 12.4.1,1536,2048,1.11.23,PST,326,"iPad4,4",Handheld,Apple A7 GPU,English,2,0,IPhonePlayer,972,0,1,RIGHT,0,RIGHT,468,590,CONGRUENT
ucsfww0018,2019-09-12T16:52:33.934Z,2019-09-12T16:52:33.934Z,,default,12,58.6136551,39.93352,Successful,Real,iOS 12.4.1,1536,2048,1.11.23,PST,326,"iPad4,4",Handheld,Apple A7 GPU,English,2,0,IPhonePlayer,972,0,1,RIGHT,1,RIGHT,700,520,CONGRUENT
ucsfww0018,2019-09-12T16:52:33.934Z,2019-09-12T16:52:33.934Z,,default,13,58.6136551,39.93352,Successful,Real,iOS 12.4.1,1536,2048,1.11.23,PST,326,"iPad4,4",Handheld,Apple A7 GPU,English,2,0,IPhonePlayer,972,0,1,RIGHT,0,RIGHT,451,560,CONGRUENT
ucsfww0018,2019-09-12T16:52:33.934Z,2019-09-12T16:52:33.934Z,,default,14,58.6136551,39.93352,Successful,Real,iOS 12.4.1,1536,2048,1.11.23,PST,326,"iPad4,4",Handheld,Apple A7 GPU,English,2,0,IPhonePlayer,972,0,1,LEFT,1,RIGHT,817,650,INCONGRUENT
ucsfww0018,2019-09-12T16:52:33.934Z,2019-09-12T16:52:33.934Z,,default,15,58.6136551,39.93352,Successful,Real,iOS 12.4.1,1536,2048,1.11.23,PST,326,"iPad4,4",Handheld,Apple A7 GPU,English,2,0,IPhonePlayer,972,0,1,LEFT,1,LEFT,733,550,CONGRUENT
ucsfww0018,2019-09-12T16:52:33.934Z,2019-09-12T16:52:33.934Z,,default,16,58.6136551,39.93352,Successful,Real,iOS 12.4.1,1536,2048,1.11.23,PST,326,"iPad4,4",Handheld,Apple A7 GPU,English,2,0,IPhonePlayer,972,0,1,RIGHT,0,RIGHT,84,590,CONGRUENT
ucsfww0018,2019-09-12T16:52:33.934Z,2019-09-12T16:52:33.934Z,,default,17,58.6136551,39.93352,Successful,Real,iOS 12.4.1,1536,2048,1.11.23,PST,326,"iPad4,4",Handheld,Apple A7 GPU,English,2,0,IPhonePlayer,972,0,1,LEFT,0,LEFT,184,580,CONGRUENT
ucsfww0018,2019-09-12T16:52:33.934Z,2019-09-12T16:52:33.934Z,,default,18,58.6136551,39.93352,Successful,Real,iOS 12.4.1,1536,2048,1.11.23,PST,326,"iPad4,4",Handheld,Apple A7 GPU,English,2,0,IPhonePlayer,972,0,1,RIGHT,0,RIGHT,250,560,CONGRUENT
ucsfww0018,2019-09-12T16:52:33.934Z,2019-09-12T16:52:33.934Z,,default,19,58.6136551,39.93352,Successful,Real,iOS 12.4.1,1536,2048,1.11.23,PST,326,"iPad4,4",Handheld,Apple A7 GPU,English,2,0,IPhonePlayer,972,0,0,RIGHT,0,RIGHT,318,530,CONGRUENT
ucsfww0018,2019-09-12T16:52:33.934Z,2019-09-12T16:52:33.934Z,,default,20,58.6136551,39.93352,Successful,Real,iOS 12.4.1,1536,2048,1.11.23,PST,326,"iPad4,4",Handheld,Apple A7 GPU,English,2,0,IPhonePlayer,972,0,1,RIGHT,0,RIGHT,251,570,CONGRUENT
ucsfww0018,2019-09-12T16:52:33.934Z,2019-09-12T16:52:33.934Z,,default,21,58.6136551,39.93352,Successful,Real,iOS 12.4.1,1536,2048,1.11.23,PST,326,"iPad4,4",Handheld,Apple A7 GPU,English,2,0,IPhonePlayer,972,0,1,LEFT,1,LEFT,583,560,CONGRUENT
ucsfww0018,2019-09-12T16:52:33.934Z,2019-09-12T16:52:33.934Z,,default,22,58.6136551,39.93352,Successful,Real,iOS 12.4.1,1536,2048,1.11.23,PST,326,"iPad4,4",Handheld,Apple A7 GPU,English,2,0,IPhonePlayer,972,0,1,RIGHT,0,RIGHT,134,600,CONGRUENT
ucsfww0018,2019-09-12T16:52:33.934Z,2019-09-12T16:52:33.934Z,,default,23,58.6136551,39.93352,Successful,Real,iOS 12.4.1,1536,2048,1.11.23,PST,326,"iPad4,4",Handheld,Apple A7 GPU,English,2,0,IPhonePlayer,972,0,1,RIGHT,0,RIGHT,434,590,CONGRUENT
ucsfww0018,2019-09-12T16:52:33.934Z,2019-09-12T16:52:33.934Z,,default,24,58.6136551,39.93352,Successful,Real,iOS 12.4.1,1536,2048,1.11.23,PST,326,"iPad4,4",Handheld,Apple A7 GPU,English,2,0,IPhonePlayer,972,0,1,LEFT,1,LEFT,750,570,CONGRUENT
ucsfww0018,2019-09-12T16:52:33.934Z,2019-09-12T16:52:33.934Z,,default,25,58.6136551,39.93352,Successful,Real,iOS 12.4.1,1536,2048,1.11.23,PST,326,"iPad4,4",Handheld,Apple A7 GPU,English,2,0,IPhonePlayer,972,0,0,LEFT,0,RIGHT,184,690,INCONGRUENT
ucsfww0018,2019-09-12T16:52:33.934Z,2019-09-12T16:52:33.934Z,,default,26,58.6136551,39.93352,Successful,Real,iOS 12.4.1,1536,2048,1.11.23,PST,326,"iPad4,4",Handheld,Apple A7 GPU,English,2,0,IPhonePlayer,972,0,1,RIGHT,1,RIGHT,766,610,CONGRUENT
ucsfww0018,2019-09-12T16:52:33.934Z,2019-09-12T16:52:33.934Z,,default,27,58.6136551,39.93352,Successful,Real,iOS 12.4.1,1536,2048,1.11.23,PST,326,"iPad4,4",Handheld,Apple A7 GPU,English,2,0,IPhonePlayer,972,0,1,RIGHT,0,RIGHT,150,690,CONGRUENT
ucsfww0018,2019-09-12T16:52:33.934Z,2019-09-12T16:52:33.934Z,,default,28,58.6136551,39.93352,Successful,Real,iOS 12.4.1,1536,2048,1.11.23,PST,326,"iPad4,4",Handheld,Apple A7 GPU,English,2,0,IPhonePlayer,972,0,1,LEFT,0,LEFT,651,680,CONGRUENT
ucsfww0018,2019-09-12T16:52:33.934Z,2019-09-12T16:52:33.934Z,,default,29,58.6136551,39.93352,Successful,Real,iOS 12.4.1,1536,2048,1.11.23,PST,326,"iPad4,4",Handheld,Apple A7 GPU,English,2,0,IPhonePlayer,972,0,1,RIGHT,0,LEFT,568,770,INCONGRUENT
ucsfww0018,2019-09-12T16:52:33.934Z,2019-09-12T16:52:33.934Z,,default,30,58.6136551,39.93352,Successful,Real,iOS 12.4.1,1536,2048,1.11.23,PST,326,"iPad4,4",Handheld,Apple A7 GPU,English,2,0,IPhonePlayer,972,0,1,LEFT,0,LEFT,517,660,CONGRUENT
ucsfww0018,2019-09-12T16:52:33.934Z,2019-09-12T16:52:33.934Z,,default,31,58.6136551,39.93352,Successful,Real,iOS 12.4.1,1536,2048,1.11.23,PST,326,"iPad4,4",Handheld,Apple A7 GPU,English,2,0,IPhonePlayer,972,0,1,LEFT,0,LEFT,433,630,CONGRUENT
ucsfww0018,2019-09-12T16:52:33.934Z,2019-09-12T16:52:33.934Z,,default,32,58.6136551,39.93352,Successful,Real,iOS 12.4.1,1536,2048,1.11.23,PST,326,"iPad4,4",Handheld,Apple A7 GPU,English,2,0,IPhonePlayer,972,0,1,RIGHT,0,RIGHT,568,590,CONGRUENT
ucsfww0018,2019-09-12T16:52:33.934Z,2019-09-12T16:52:33.934Z,,default,33,58.6136551,39.93352,Successful,Real,iOS 12.4.1,1536,2048,1.11.23,PST,326,"iPad4,4",Handheld,Apple A7 GPU,English,2,0,IPhonePlayer,972,0,1,RIGHT,1,RIGHT,650,540,CONGRUENT
ucsfww0018,2019-09-12T16:52:33.934Z,2019-09-12T16:52:33.934Z,,default,34,58.6136551,39.93352,Successful,Real,iOS 12.4.1,1536,2048,1.11.23,PST,326,"iPad4,4",Handheld,Apple A7 GPU,English,2,0,IPhonePlayer,972,0,1,RIGHT,1,RIGHT,1117,580,CONGRUENT
ucsfww0018,2019-09-12T16:52:33.934Z,2019-09-12T16:52:33.934Z,,default,35,58.6136551,39.93352,Successful,Real,iOS 12.4.1,1536,2048,1.11.23,PST,326,"iPad4,4",Handheld,Apple A7 GPU,English,2,0,IPhonePlayer,972,0,0,LEFT,0,LEFT,33,660,CONGRUENT
ucsfww0018,2019-09-12T16:52:33.934Z,2019-09-12T16:52:33.934Z,,default,36,58.6136551,39.93352,Successful,Real,iOS 12.4.1,1536,2048,1.11.23,PST,326,"iPad4,4",Handheld,Apple A7 GPU,English,2,0,IPhonePlayer,972,0,1,RIGHT,0,RIGHT,451,780,CONGRUENT
ucsfww0018,2019-09-12T16:52:33.934Z,2019-09-12T16:52:33.934Z,,default,37,58.6136551,39.93352,Successful,Real,iOS 12.4.1,1536,2048,1.11.23,PST,326,"iPad4,4",Handheld,Apple A7 GPU,English,2,0,IPhonePlayer,972,0,1,LEFT,0,LEFT,551,770,CONGRUENT
ucsfww0018,2019-09-12T16:52:33.934Z,2019-09-12T16:52:33.934Z,,default,38,58.6136551,39.93352,Successful,Real,iOS 12.4.1,1536,2048,1.11.23,PST,326,"iPad4,4",Handheld,Apple A7 GPU,English,2,0,IPhonePlayer,972,0,1,LEFT,0,LEFT,134,750,CONGRUENT
ucsfww0018,2019-09-12T16:52:33.934Z,2019-09-12T16:52:33.934Z,,default,39,58.6136551,39.93352,Successful,Real,iOS 12.4.1,1536,2048,1.11.23,PST,326,"iPad4,4",Handheld,Apple A7 GPU,English,2,0,IPhonePlayer,972,0,1,LEFT,0,LEFT,634,720,CONGRUENT
ucsfww0018,2019-09-12T16:52:17.617Z,2019-09-12T16:52:17.617Z,,default,0,59.1591835,25.1145859,Successful,StartingWindow,iOS 12.4.1,1536,2048,1.11.23,PST,326,"iPad4,4",Handheld,Apple A7 GPU,English,2,0,IPhonePlayer,972,0,1,LEFT,0,LEFT,384,5000,CONGRUENT
ucsfww0018,2019-09-12T16:52:17.617Z,2019-09-12T16:52:17.617Z,,default,1,59.1591835,25.1145859,Successful,StartingWindow,iOS 12.4.1,1536,2048,1.11.23,PST,326,"iPad4,4",Handheld,Apple A7 GPU,English,2,0,IPhonePlayer,972,0,1,RIGHT,0,RIGHT,684,5000,CONGRUENT
ucsfww0018,2019-09-12T16:52:17.617Z,2019-09-12T16:52:17.617Z,,default,2,59.1591835,25.1145859,Successful,StartingWindow,iOS 12.4.1,1536,2048,1.11.23,PST,326,"iPad4,4",Handheld,Apple A7 GPU,English,2,0,IPhonePlayer,972,0,1,LEFT,0,LEFT,684,5000,CONGRUENT
ucsfww0018,2019-09-12T16:52:17.617Z,2019-09-12T16:52:17.617Z,,default,3,59.1591835,25.1145859,Successful,StartingWindow,iOS 12.4.1,1536,2048,1.11.23,PST,326,"iPad4,4",Handheld,Apple A7 GPU,English,2,0,IPhonePlayer,972,0,1,RIGHT,0,RIGHT,734,5000,CONGRUENT
ucsfww0018,2019-09-12T16:52:17.617Z,2019-09-12T16:52:17.617Z,,default,4,59.1591835,25.1145859,Successful,StartingWindow,iOS 12.4.1,1536,2048,1.11.23,PST,326,"iPad4,4",Handheld,Apple A7 GPU,English,2,0,IPhonePlayer,972,0,1,RIGHT,0,LEFT,784,5000,INCONGRUENT