Participant Id,Time Gameplayed Utc,Time Sent Utc,Detail,Condition,Trial Number,FPS Mean,FPS Variance,Finish Status,Session Type,OS Version,Screen Height,Screen Width,Build,Client Time Zone,Device DPI,Device Model,Device Type,Graphics Device Name,I18n,Processor Count,Processor Frequency,Runtime Platform,System Memory Size,Times Finished Game,Correct Button,Displayed Cue,First Button,Flanking Cue,Late Response,Response Time,Response Window,Second Button,Trial Type
ucsfww0003,2019-09-12T16:40:04.126Z,2019-09-12T16:40:04.126Z,,default,0,59.5520744,19.15713,TimeOut,StartingWindow,iOS 12.4.1,1536,2048,1.11.23,PST,326,"iPad4,7",Handheld,Apple A7 GPU,English,2,0,IPhonePlayer,970,0,1,A,YES,A,0,2250,5000,NO,CONGRUENT
ucsfww0003,2019-09-12T16:40:04.126Z,2019-09-12T16:40:04.126Z,,default,1,59.5520744,19.15713,TimeOut,StartingWindow,iOS 12.4.1,1536,2048,1.11.23,PST,326,"iPad4,7",Handheld,Apple A7 GPU,English,2,0,IPhonePlayer,970,0,0,A,NO,B,1,0,5000,NO,INCONGRUENT
ucsfww0003,2019-09-12T16:41:25.165Z,2019-09-12T16:41:25.165Z,,default,0,59.49283,18.6422653,Successful,StartingWindow,iOS 12.4.1,1536,2048,1.11.23,PST,326,"iPad4,7",Handheld,Apple A7 GPU,English,2,0,IPhonePlayer,970,0,0,A,NO,A,0,634,5000,YES,CONGRUENT
ucsfww0003,2019-09-12T16:41:25.165Z,2019-09-12T16:41:25.165Z,,default,1,59.49283,18.6422653,Successful,StartingWindow,iOS 12.4.1,1536,2048,1.11.23,PST,326,"iPad4,7",Handheld,Apple A7 GPU,English,2,0,IPhonePlayer,970,0,0,A,NO,B,0,3568,5000,YES,INCONGRUENT
ucsfww0003,2019-09-12T16:41:25.165Z,2019-09-12T16:41:25.165Z,,default,2,59.49283,18.6422653,Successful,StartingWindow,iOS 12.4.1,1536,2048,1.11.23,PST,326,"iPad4,7",Handheld,Apple A7 GPU,English,2,0,IPhonePlayer,970,0,1,B,NO,B,0,2034,5000,YES,CONGRUENT
ucsfww0003,2019-09-12T16:41:25.165Z,2019-09-12T16:41:25.165Z,,default,3,59.49283,18.6422653,Successful,StartingWindow,iOS 12.4.1,1536,2048,1.11.23,PST,326,"iPad4,7",Handheld,Apple A7 GPU,English,2,0,IPhonePlayer,970,0,0,A,NO,B,0,2500,5000,YES,INCONGRUENT
ucsfww0003,2019-09-12T16:41:25.165Z,2019-09-12T16:41:25.165Z,,default,4,59.49283,18.6422653,Successful,StartingWindow,iOS 12.4.1,1536,2048,1.11.23,PST,326,"iPad4,7",Handheld,Apple A7 GPU,English,2,0,IPhonePlayer,970,0,1,B,NO,A,0,2368,5000,YES,INCONGRUENT
ucsfww0003,2019-09-12T16:41:25.165Z,2019-09-12T16:41:25.165Z,,default,5,59.49283,18.6422653,Successful,StartingWindow,iOS 12.4.1,1536,2048,1.11.23,PST,326,"iPad4,7",Handheld,Apple A7 GPU,English,2,0,IPhonePlayer,970,0,1,A,YES,A,0,1851,5000,NO,CONGRUENT
ucsfww0003,2019-09-12T16:41:55.436Z,2019-09-12T16:41:55.436Z,,default,0,59.4473152,20.8012257,Successful,StartingWindow,iOS 12.4.1,1536,2048,1.11.23,PST,326,"iPad4,7",Handheld,Apple A7 GPU,English,2,0,IPhonePlayer,970,0,1,A,YES,A,0,1117,5000,NO,CONGRUENT
ucsfww0003,2019-09-12T16:41:55.436Z,2019-09-12T16:41:55.436Z,,default,1,59.4473152,20.8012257,Successful,StartingWindow,iOS 12.4.1,1536,2048,1.11.23,PST,326,"iPad4,7",Handheld,Apple A7 GPU,English,2,0,IPhonePlayer,970,0,0,A,NO,B,0,984,5000,YES,INCONGRUENT
ucsfww0003,2019-09-12T16:41:55.436Z,2019-09-12T16:41:55.436Z,,default,2,59.4473152,20.8012257,Successful,StartingWindow,iOS 12.4.1,1536,2048,1.11.23,PST,326,"iPad4,7",Handheld,Apple A7 GPU,English,2,0,IPhonePlayer,970,0,1,B,NO,B,0,1201,5000,YES,CONGRUENT
ucsfww0003,2019-09-12T16:41:55.436Z,2019-09-12T16:41:55.436Z,,default,3,59.4473152,20.8012257,Successful,StartingWindow,iOS 12.4.1,1536,2048,1.11.23,PST,326,"iPad4,7",Handheld,Apple A7 GPU,English,2,0,IPhonePlayer,970,0,0,A,NO,B,0,2268,5000,YES,INCONGRUENT
ucsfww0003,2019-09-12T16:41:55.436Z,2019-09-12T16:41:55.436Z,,default,4,59.4473152,20.8012257,Successful,StartingWindow,iOS 12.4.1,1536,2048,1.11.23,PST,326,"iPad4,7",Handheld,Apple A7 GPU,English,2,0,IPhonePlayer,970,0,1,B,NO,A,0,900,5000,YES,INCONGRUENT
ucsfww0003,2019-09-12T16:41:55.436Z,2019-09-12T16:41:55.436Z,,default,5,59.4473152,20.8012257,Successful,StartingWindow,iOS 12.4.1,1536,2048,1.11.23,PST,326,"iPad4,7",Handheld,Apple A7 GPU,English,2,0,IPhonePlayer,970,0,1,A,YES,A,0,1068,5000,NO,CONGRUENT
ucsfww0003,2019-09-12T16:42:14.054Z,2019-09-12T16:42:14.054Z,,default,0,59.4099426,21.4885,TimeOut,StartingWindow,iOS 12.4.1,1536,2048,1.11.23,PST,326,"iPad4,7",Handheld,Apple A7 GPU,English,2,0,IPhonePlayer,970,0,1,A,YES,A,0,2817,5000,NO,CONGRUENT
ucsfww0003,2019-09-12T16:42:14.054Z,2019-09-12T16:42:14.054Z,,default,1,59.4099426,21.4885,TimeOut,StartingWindow,iOS 12.4.1,1536,2048,1.11.23,PST,326,"iPad4,7",Handheld,Apple A7 GPU,English,2,0,IPhonePlayer,970,0,0,A,NO,B,1,0,5000,NO,INCONGRUENT
ucsfww0003,2019-09-12T16:40:19.347Z,2019-09-12T16:40:19.347Z,,default,0,59.53123,18.9712868,Successful,StartingWindow,iOS 12.4.1,1536,2048,1.11.23,PST,326,"iPad4,7",Handheld,Apple A7 GPU,English,2,0,IPhonePlayer,970,0,0,A,NO,A,0,1100,5000,YES,CONGRUENT
ucsfww0003,2019-09-12T16:40:19.347Z,2019-09-12T16:40:19.347Z,,default,1,59.53123,18.9712868,Successful,StartingWindow,iOS 12.4.1,1536,2048,1.11.23,PST,326,"iPad4,7",Handheld,Apple A7 GPU,English,2,0,IPhonePlayer,970,0,0,A,NO,B,0,1718,5000,YES,INCONGRUENT
ucsfww0003,2019-09-12T16:40:19.347Z,2019-09-12T16:40:19.347Z,,default,2,59.53123,18.9712868,Successful,StartingWindow,iOS 12.4.1,1536,2048,1.11.23,PST,326,"iPad4,7",Handheld,Apple A7 GPU,English,2,0,IPhonePlayer,970,0,1,B,NO,B,0,34,5000,YES,CONGRUENT
ucsfww0003,2019-09-12T16:40:19.347Z,2019-09-12T16:40:19.347Z,,default,3,59.53123,18.9712868,Successful,StartingWindow,iOS 12.4.1,1536,2048,1.11.23,PST,326,"iPad4,7",Handheld,Apple A7 GPU,English,2,0,IPhonePlayer,970,0,0,A,NO,B,0,2001,5000,YES,INCONGRUENT
ucsfww0003,2019-09-12T16:40:19.347Z,2019-09-12T16:40:19.347Z,,default,4,59.53123,18.9712868,Successful,StartingWindow,iOS 12.4.1,1536,2048,1.11.23,PST,326,"iPad4,7",Handheld,Apple A7 GPU,English,2,0,IPhonePlayer,970,0,1,B,NO,A,0,2601,5000,YES,INCONGRUENT
ucsfww0003,2019-09-12T16:40:19.347Z,2019-09-12T16:40:19.347Z,,default,5,59.53123,18.9712868,Successful,StartingWindow,iOS 12.4.1,1536,2048,1.11.23,PST,326,"iPad4,7",Handheld,Apple A7 GPU,English,2,0,IPhonePlayer,970,0,1,A,YES,A,0,1801,5000,NO,CONGRUENT
ucsfww0003,2019-09-12T16:42:32.256Z,2019-09-12T16:42:32.256Z,,default,0,59.3638229,22.8974133,TimeOut,StartingWindow,iOS 12.4.1,1536,2048,1.11.23,PST,326,"iPad4,7",Handheld,Apple A7 GPU,English,2,0,IPhonePlayer,970,0,1,A,YES,A,0,1418,5000,NO,CONGRUENT
ucsfww0003,2019-09-12T16:42:32.256Z,2019-09-12T16:42:32.256Z,,default,1,59.3638229,22.8974133,TimeOut,StartingWindow,iOS 12.4.1,1536,2048,1.11.23,PST,326,"iPad4,7",Handheld,Apple A7 GPU,English,2,0,IPhonePlayer,970,0,0,A,NO,B,1,0,5000,NO,INCONGRUENT
ucsfww0003,2019-09-12T16:40:42.932Z,2019-09-12T16:40:42.932Z,,default,0,59.4773979,19.8941669,TimeOut,StartingWindow,iOS 12.4.1,1536,2048,1.11.23,PST,326,"iPad4,7",Handheld,Apple A7 GPU,English,2,0,IPhonePlayer,970,0,1,A,YES,A,0,767,5000,NO,CONGRUENT
ucsfww0003,2019-09-12T16:40:42.932Z,2019-09-12T16:40:42.932Z,,default,1,59.4773979,19.8941669,TimeOut,StartingWindow,iOS 12.4.1,1536,2048,1.11.23,PST,326,"iPad4,7",Handheld,Apple A7 GPU,English,2,0,IPhonePlayer,970,0,0,A,NO,B,0,3434,5000,YES,INCONGRUENT
ucsfww0003,2019-09-12T16:40:42.932Z,2019-09-12T16:40:42.932Z,,default,2,59.4773979,19.8941669,TimeOut,StartingWindow,iOS 12.4.1,1536,2048,1.11.23,PST,326,"iPad4,7",Handheld,Apple A7 GPU,English,2,0,IPhonePlayer,970,0,0,B,NO,B,1,0,5000,NO,CONGRUENT
ucsfww0003,2019-09-12T16:42:58.287Z,2019-09-12T16:42:58.287Z,,default,0,59.40452,22.1072865,Successful,StartingWindow,iOS 12.4.1,1536,2048,1.11.23,PST,326,"iPad4,7",Handheld,Apple A7 GPU,English,2,0,IPhonePlayer,970,0,1,A,YES,A,0,1067,5000,NO,CONGRUENT
ucsfww0003,2019-09-12T16:42:58.287Z,2019-09-12T16:42:58.287Z,,default,1,59.40452,22.1072865,Successful,StartingWindow,iOS 12.4.1,1536,2048,1.11.23,PST,326,"iPad4,7",Handheld,Apple A7 GPU,English,2,0,IPhonePlayer,970,0,0,A,NO,B,0,2884,5000,YES,INCONGRUENT
ucsfww0003,2019-09-12T16:42:58.287Z,2019-09-12T16:42:58.287Z,,default,2,59.40452,22.1072865,Successful,StartingWindow,iOS 12.4.1,1536,2048,1.11.23,PST,326,"iPad4,7",Handheld,Apple A7 GPU,English,2,0,IPhonePlayer,970,0,1,B,NO,B,0,917,5000,YES,CONGRUENT
ucsfww0003,2019-09-12T16:42:58.287Z,2019-09-12T16:42:58.287Z,,default,3,59.40452,22.1072865,Successful,StartingWindow,iOS 12.4.1,1536,2048,1.11.23,PST,326,"iPad4,7",Handheld,Apple A7 GPU,English,2,0,IPhonePlayer,970,0,1,A,YES,B,0,651,5000,NO,INCONGRUENT
ucsfww0003,2019-09-12T16:42:58.287Z,2019-09-12T16:42:58.287Z,,default,4,59.40452,22.1072865,Successful,StartingWindow,iOS 12.4.1,1536,2048,1.11.23,PST,326,"iPad4,7",Handheld,Apple A7 GPU,English,2,0,IPhonePlayer,970,0,1,B,NO,A,0,1117,5000,YES,INCONGRUENT
ucsfww0003,2019-09-12T16:42:58.287Z,2019-09-12T16:42:58.287Z,,default,5,59.40452,22.1072865,Successful,StartingWindow,iOS 12.4.1,1536,2048,1.11.23,PST,326,"iPad4,7",Handheld,Apple A7 GPU,English,2,0,IPhonePlayer,970,0,1,A,YES,A,0,1067,5000,NO,CONGRUENT
ucsfww0003,2019-09-12T16:41:14.250Z,2019-09-12T16:41:14.250Z,,default,0,59.4635925,20.2738,TimeOut,StartingWindow,iOS 12.4.1,1536,2048,1.11.23,PST,326,"iPad4,7",Handheld,Apple A7 GPU,English,2,0,IPhonePlayer,970,0,1,A,YES,A,0,367,5000,NO,CONGRUENT
ucsfww0003,2019-09-12T16:41:14.250Z,2019-09-12T16:41:14.250Z,,default,1,59.4635925,20.2738,TimeOut,StartingWindow,iOS 12.4.1,1536,2048,1.11.23,PST,326,"iPad4,7",Handheld,Apple A7 GPU,English,2,0,IPhonePlayer,970,0,0,A,NO,B,1,0,5000,NO,INCONGRUENT
ucsfww0003,2019-09-12T16:43:18.588Z,2019-09-12T16:43:18.588Z,,default,0,59.4413528,20.5446339,Successful,Real,iOS 12.4.1,1536,2048,1.11.23,PST,326,"iPad4,7",Handheld,Apple A7 GPU,English,2,0,IPhonePlayer,970,0,1,A,YES,A,0,884,1183,NO,CONGRUENT
ucsfww0003,2019-09-12T16:43:18.588Z,2019-09-12T16:43:18.588Z,,default,1,59.4413528,20.5446339,Successful,Real,iOS 12.4.1,1536,2048,1.11.23,PST,326,"iPad4,7",Handheld,Apple A7 GPU,English,2,0,IPhonePlayer,970,0,0,A,NO,B,0,884,1183,YES,INCONGRUENT
ucsfww0003,2019-09-12T16:43:18.588Z,2019-09-12T16:43:18.588Z,,default,2,59.4413528,20.5446339,Successful,Real,iOS 12.4.1,1536,2048,1.11.23,PST,326,"iPad4,7",Handheld,Apple A7 GPU,English,2,0,IPhonePlayer,970,0,0,A,NO,B,0,1168,1223,YES,INCONGRUENT
ucsfww0003,2019-09-12T16:43:18.588Z,2019-09-12T16:43:18.588Z,,default,3,59.4413528,20.5446339,Successful,Real,iOS 12.4.1,1536,2048,1.11.23,PST,326,"iPad4,7",Handheld,Apple A7 GPU,English,2,0,IPhonePlayer,970,0,0,B,YES,B,0,551,1173,NO,CONGRUENT
ucsfww0003,2019-09-12T16:43:18.588Z,2019-09-12T16:43:18.588Z,,default,4,59.4413528,20.5446339,Successful,Real,iOS 12.4.1,1536,2048,1.11.23,PST,326,"iPad4,7",Handheld,Apple A7 GPU,English,2,0,IPhonePlayer,970,0,0,A,YES,B,1,2067,1303,NO,INCONGRUENT
ucsfww0003,2019-09-12T16:43:18.588Z,2019-09-12T16:43:18.588Z,,default,5,59.4413528,20.5446339,Successful,Real,iOS 12.4.1,1536,2048,1.11.23,PST,326,"iPad4,7",Handheld,Apple A7 GPU,English,2,0,IPhonePlayer,970,0,0,A,NO,B,1,1667,1423,YES,INCONGRUENT
ucsfww0003,2019-09-12T16:43:18.588Z,2019-09-12T16:43:18.588Z,,default,6,59.4413528,20.5446339,Successful,Real,iOS 12.4.1,1536,2048,1.11.23,PST,326,"iPad4,7",Handheld,Apple A7 GPU,English,2,0,IPhonePlayer,970,0,0,A,NO,B,0,1000,1583,YES,INCONGRUENT
ucsfww0003,2019-09-12T16:43:18.588Z,2019-09-12T16:43:18.588Z,,default,7,59.4413528,20.5446339,Successful,Real,iOS 12.4.1,1536,2048,1.11.23,PST,326,"iPad4,7",Handheld,Apple A7 GPU,English,2,0,IPhonePlayer,970,0,1,B,NO,B,0,1084,1213,YES,CONGRUENT
ucsfww0003,2019-09-12T16:43:18.588Z,2019-09-12T16:43:18.588Z,,default,8,59.4413528,20.5446339,Successful,Real,iOS 12.4.1,1536,2048,1.11.23,PST,326,"iPad4,7",Handheld,Apple A7 GPU,English,2,0,IPhonePlayer,970,0,1,A,YES,A,0,851,1203,NO,CONGRUENT
ucsfww0003,2019-09-12T16:43:18.588Z,2019-09-12T16:43:18.588Z,,default,9,59.4413528,20.5446339,Successful,Real,iOS 12.4.1,1536,2048,1.11.23,PST,326,"iPad4,7",Handheld,Apple A7 GPU,English,2,0,IPhonePlayer,970,0,0,B,NO,A,1,0,1783,NO,INCONGRUENT
ucsfww0003,2019-09-12T16:43:18.588Z,2019-09-12T16:43:18.588Z,,default,10,59.4413528,20.5446339,Successful,Real,iOS 12.4.1,1536,2048,1.11.23,PST,326,"iPad4,7",Handheld,Apple A7 GPU,English,2,0,IPhonePlayer,970,0,0,A,NO,B,1,0,2023,NO,INCONGRUENT
ucsfww0003,2019-09-12T16:43:18.588Z,2019-09-12T16:43:18.588Z,,default,11,59.4413528,20.5446339,Successful,Real,iOS 12.4.1,1536,2048,1.11.23,PST,326,"iPad4,7",Handheld,Apple A7 GPU,English,2,0,IPhonePlayer,970,0,0,A,NO,B,1,0,2303,NO,INCONGRUENT
ucsfww0003,2019-09-12T16:43:18.588Z,2019-09-12T16:43:18.588Z,,default,12,59.4413528,20.5446339,Successful,Real,iOS 12.4.1,1536,2048,1.11.23,PST,326,"iPad4,7",Handheld,Apple A7 GPU,English,2,0,IPhonePlayer,970,0,1,B,NO,B,0,851,1183,YES,CONGRUENT
ucsfww0003,2019-09-12T16:43:18.588Z,2019-09-12T16:43:18.588Z,,default,13,59.4413528,20.5446339,Successful,Real,iOS 12.4.1,1536,2048,1.11.23,PST,326,"iPad4,7",Handheld,Apple A7 GPU,English,2,0,IPhonePlayer,970,0,0,B,NO,B,1,2017,1153,YES,CONGRUENT
ucsfww0003,2019-09-12T16:43:18.588Z,2019-09-12T16:43:18.588Z,,default,14,59.4413528,20.5446339,Successful,Real,iOS 12.4.1,1536,2048,1.11.23,PST,326,"iPad4,7",Handheld,Apple A7 GPU,English,2,0,IPhonePlayer,970,0,0,A,NO,A,1,1784,1193,YES,CONGRUENT
ucsfww0003,2019-09-12T16:43:18.588Z,2019-09-12T16:43:18.588Z,,default,15,59.4413528,20.5446339,Successful,Real,iOS 12.4.1,1536,2048,1.11.23,PST,326,"iPad4,7",Handheld,Apple A7 GPU,English,2,0,IPhonePlayer,970,0,1,B,NO,A,0,168,2623,YES,INCONGRUENT
ucsfww0003,2019-09-12T16:43:18.588Z,2019-09-12T16:43:18.588Z,,default,16,59.4413528,20.5446339,Successful,Real,iOS 12.4.1,1536,2048,1.11.23,PST,326,"iPad4,7",Handheld,Apple A7 GPU,English,2,0,IPhonePlayer,970,0,1,B,NO,A,0,1117,2613,YES,INCONGRUENT
ucsfww0003,2019-09-12T16:43:18.588Z,2019-09-12T16:43:18.588Z,,default,17,59.4413528,20.5446339,Successful,Real,iOS 12.4.1,1536,2048,1.11.23,PST,326,"iPad4,7",Handheld,Apple A7 GPU,English,2,0,IPhonePlayer,970,0,0,A,NO,A,0,234,1273,YES,CONGRUENT
ucsfww0003,2019-09-12T16:43:18.588Z,2019-09-12T16:43:18.588Z,,default,18,59.4413528,20.5446339,Successful,Real,iOS 12.4.1,1536,2048,1.11.23,PST,326,"iPad4,7",Handheld,Apple A7 GPU,English,2,0,IPhonePlayer,970,0,1,B,NO,A,0,617,2593,YES,INCONGRUENT
ucsfww0003,2019-09-12T16:43:18.588Z,2019-09-12T16:43:18.588Z,,default,19,59.4413528,20.5446339,Successful,Real,iOS 12.4.1,1536,2048,1.11.23,PST,326,"iPad4,7",Handheld,Apple A7 GPU,English,2,0,IPhonePlayer,970,0,1,B,NO,A,0,734,2563,YES,INCONGRUENT
ucsfww0003,2019-09-12T16:43:18.588Z,2019-09-12T16:43:18.588Z,,default,20,59.4413528,20.5446339,Successful,Real,iOS 12.4.1,1536,2048,1.11.23,PST,326,"iPad4,7",Handheld,Apple A7 GPU,English,2,0,IPhonePlayer,970,0,0,A,NO,A,0,934,1393,YES,CONGRUENT
ucsfww0003,2019-09-12T16:43:18.588Z,2019-09-12T16:43:18.588Z,,default,21,59.4413528,20.5446339,Successful,Real,iOS 12.4.1,1536,2048,1.11.23,PST,326,"iPad4,7",Handheld,Apple A7 GPU,English,2,0,IPhonePlayer,970,0,1,A,YES,A,0,1185,1553,NO,CONGRUENT
ucsfww0003,2019-09-12T16:43:18.588Z,2019-09-12T16:43:18.588Z,,default,22,59.4413528,20.5446339,Successful,Real,iOS 12.4.1,1536,2048,1.11.23,PST,326,"iPad4,7",Handheld,Apple A7 GPU,English,2,0,IPhonePlayer,970,0,1,B,NO,B,0,984,1543,YES,CONGRUENT
ucsfww0003,2019-09-12T16:43:18.588Z,2019-09-12T16:43:18.588Z,,default,23,59.4413528,20.5446339,Successful,Real,iOS 12.4.1,1536,2048,1.11.23,PST,326,"iPad4,7",Handheld,Apple A7 GPU,English,2,0,IPhonePlayer,970,0,0,B,NO,A,1,3067,2523,YES,INCONGRUENT
ucsfww0003,2019-09-12T16:43:18.588Z,2019-09-12T16:43:18.588Z,,default,24,59.4413528,20.5446339,Successful,Real,iOS 12.4.1,1536,2048,1.11.23,PST,326,"iPad4,7",Handheld,Apple A7 GPU,English,2,0,IPhonePlayer,970,0,1,B,NO,B,0,967,1523,YES,CONGRUENT
ucsfww0003,2019-09-12T16:43:18.588Z,2019-09-12T16:43:18.588Z,,default,25,59.4413528,20.5446339,Successful,Real,iOS 12.4.1,1536,2048,1.11.23,PST,326,"iPad4,7",Handheld,Apple A7 GPU,English,2,0,IPhonePlayer,970,0,1,A,YES,A,0,1001,1493,NO,CONGRUENT
ucsfww0003,2019-09-12T16:43:18.588Z,2019-09-12T16:43:18.588Z,,default,26,59.4413528,20.5446339,Successful,Real,iOS 12.4.1,1536,2048,1.11.23,PST,326,"iPad4,7",Handheld,Apple A7 GPU,English,2,0,IPhonePlayer,970,0,1,B,NO,B,0,1117,1453,YES,CONGRUENT
ucsfww0003,2019-09-12T16:43:18.588Z,2019-09-12T16:43:18.588Z,,default,27,59.4413528,20.5446339,Successful,Real,iOS 12.4.1,1536,2048,1.11.23,PST,326,"iPad4,7",Handheld,Apple A7 GPU,English,2,0,IPhonePlayer,970,0,0,B,NO,A,1,0,2563,NO,INCONGRUENT
ucsfww0005,2019-09-12T16:33:23.840Z,2019-09-12T16:33:23.840Z,,default,0,53.8789635,143.665436,Successful,StartingWindow,iOS 12.4.1,1536,2048,1.11.23,PST,326,"iPad4,4",Handheld,Apple A7 GPU,English,2,0,IPhonePlayer,972,0,1,A,YES,A,0,1734,5000,NO,CONGRUENT
ucsfww0005,2019-09-12T16:33:23.840Z,2019-09-12T16:33:23.840Z,,default,1,53.8789635,143.665436,Successful,StartingWindow,iOS 12.4.1,1536,2048,1.11.23,PST,326,"iPad4,4",Handheld,Apple A7 GPU,English,2,0,IPhonePlayer,972,0,0,A,NO,B,0,3734,5000,YES,INCONGRUENT
ucsfww0005,2019-09-12T16:33:23.840Z,2019-09-12T16:33:23.840Z,,default,2,53.8789635,143.665436,Successful,StartingWindow,iOS 12.4.1,1536,2048,1.11.23,PST,326,"iPad4,4",Handheld,Apple A7 GPU,English,2,0,IPhonePlayer,972,0,1,A,YES,B,0,884,5000,NO,INCONGRUENT
ucsfww0005,2019-09-12T16:33:23.840Z,2019-09-12T16:33:23.840Z,,default,3,53.8789635,143.665436,Successful,StartingWindow,iOS 12.4.1,1536,2048,1.11.23,PST,326,"iPad4,4",Handheld,Apple A7 GPU,English,2,0,IPhonePlayer,972,0,1,B,NO,B,0,1517,5000,YES,CONGRUENT
ucsfww0005,2019-09-12T16:33:23.840Z,2019-09-12T16:33:23.840Z,,default,4,53.8789635,143.665436,Successful,StartingWindow,iOS 12.4.1,1536,2048,1.11.23,PST,326,"iPad4,4",Handheld,Apple A7 GPU,English,2,0,IPhonePlayer,972,0,1,B,NO,B,0,1035,5000,YES,CONGRUENT
ucsfww0005,2019-09-12T16:33:23.840Z,2019-09-12T16:33:23.840Z,,default,5,53.8789635,143.665436,Successful,StartingWindow,iOS 12.4.1,1536,2048,1.11.23,PST,326,"iPad4,4",Handheld,Apple A7 GPU,English,2,0,IPhonePlayer,972,0,1,B,NO,A,0,1534,5000,YES,INCONGRUENT
ucsfww0005,2019-09-12T16:33:47.404Z,2019-09-12T16:33:47.404Z,,default,0,55.61206,110.612595,Successful,Real,iOS 12.4.1,1536,2048,1.11.23,PST,326,"iPad4,4",Handheld,Apple A7 GPU,English,2,0,IPhonePlayer,972,0,1,A,YES,A,0,1167,1641,NO,CONGRUENT
ucsfww0005,2019-09-12T16:33:47.404Z,2019-09-12T16:33:47.404Z,,default,1,55.61206,110.612595,Successful,Real,iOS 12.4.1,1536,2048,1.11.23,PST,326,"iPad4,4",Handheld,Apple A7 GPU,English,2,0,IPhonePlayer,972,0,0,B,NO,A,1,0,1641,NO,INCONGRUENT
ucsfww0005,2019-09-12T16:33:47.404Z,2019-09-12T16:33:47.404Z,,default,2,55.61206,110.612595,Successful,Real,iOS 12.4.1,1536,2048,1.11.23,PST,326,"iPad4,4",Handheld,Apple A7 GPU,English,2,0,IPhonePlayer,972,0,0,B,YES,A,0,917,1681,NO,INCONGRUENT
ucsfww0005,2019-09-12T16:33:47.404Z,2019-09-12T16:33:47.404Z,,default,3,55.61206,110.612595,Successful,Real,iOS 12.4.1,1536,2048,1.11.23,PST,326,"iPad4,4",Handheld,Apple A7 GPU,English,2,0,IPhonePlayer,972,0,1,B,NO,B,0,701,1631,YES,CONGRUENT
ucsfww0005,2019-09-12T16:33:47.404Z,2019-09-12T16:33:47.404Z,,default,4,55.61206,110.612595,Successful,Real,iOS 12.4.1,1536,2048,1.11.23,PST,326,"iPad4,4",Handheld,Apple A7 GPU,English,2,0,IPhonePlayer,972,0,1,A,YES,A,0,800,1611,NO,CONGRUENT
ucsfww0005,2019-09-12T16:33:47.404Z,2019-09-12T16:33:47.404Z,,default,5,55.61206,110.612595,Successful,Real,iOS 12.4.1,1536,2048,1.11.23,PST,326,"iPad4,4",Handheld,Apple A7 GPU,English,2,0,IPhonePlayer,972,0,1,B,NO,B,0,851,1581,YES,CONGRUENT
ucsfww0005,2019-09-12T16:33:47.404Z,2019-09-12T16:33:47.404Z,,default,6,55.61206,110.612595,Successful,Real,iOS 12.4.1,1536,2048,1.11.23,PST,326,"iPad4,4",Handheld,Apple A7 GPU,English,2,0,IPhonePlayer,972,0,0,A,NO,B,1,0,1761,NO,INCONGRUENT
ucsfww0005,2019-09-12T16:33:47.404Z,2019-09-12T16:33:47.404Z,,default,7,55.61206,110.612595,Successful,Real,iOS 12.4.1,1536,2048,1.11.23,PST,326,"iPad4,4",Handheld,Apple A7 GPU,English,2,0,IPhonePlayer,972,0,1,A,YES,A,0,901,1541,NO,CONGRUENT
ucsfww0005,2019-09-12T16:33:47.404Z,2019-09-12T16:33:47.404Z,,default,8,55.61206,110.612595,Successful,Real,iOS 12.4.1,1536,2048,1.11.23,PST,326,"iPad4,4",Handheld,Apple A7 GPU,English,2,0,IPhonePlayer,972,0,0,A,NO,B,0,450,1881,YES,INCONGRUENT
ucsfww0005,2019-09-12T16:33:47.404Z,2019-09-12T16:33:47.404Z,,default,9,55.61206,110.612595,Successful,Real,iOS 12.4.1,1536,2048,1.11.23,PST,326,"iPad4,4",Handheld,Apple A7 GPU,English,2,0,IPhonePlayer,972,0,0,B,YES,B,1,1534,1491,NO,CONGRUENT
ucsfww0005,2019-09-12T16:33:47.404Z,2019-09-12T16:33:47.404Z,,default,10,55.61206,110.612595,Successful,Real,iOS 12.4.1,1536,2048,1.11.23,PST,326,"iPad4,4",Handheld,Apple A7 GPU,English,2,0,IPhonePlayer,972,0,1,B,NO,B,0,668,1531,YES,CONGRUENT
ucsfww0005,2019-09-12T16:33:47.404Z,2019-09-12T16:33:47.404Z,,default,11,55.61206,110.612595,Successful,Real,iOS 12.4.1,1536,2048,1.11.23,PST,326,"iPad4,4",Handheld,Apple A7 GPU,English,2,0,IPhonePlayer,972,0,0,B,YES,B,0,850,1521,NO,CONGRUENT
ucsfww0005,2019-09-12T16:33:47.404Z,2019-09-12T16:33:47.404Z,,default,12,55.61206,110.612595,Successful,Real,iOS 12.4.1,1536,2048,1.11.23,PST,326,"iPad4,4",Handheld,Apple A7 GPU,English,2,0,IPhonePlayer,972,0,0,A,NO,B,1,0,2041,NO,INCONGRUENT
ucsfww0005,2019-09-12T16:33:47.404Z,2019-09-12T16:33:47.404Z,,default,13,55.61206,110.612595,Successful,Real,iOS 12.4.1,1536,2048,1.11.23,PST,326,"iPad4,4",Handheld,Apple A7 GPU,English,2,0,IPhonePlayer,972,0,0,A,NO,B,0,817,2241,YES,INCONGRUENT
ucsfww0005,2019-09-12T16:33:47.404Z,2019-09-12T16:33:47.404Z,,default,14,55.61206,110.612595,Successful,Real,iOS 12.4.1,1536,2048,1.11.23,PST,326,"iPad4,4",Handheld,Apple A7 GPU,English,2,0,IPhonePlayer,972,0,1,A,YES,B,0,734,2481,NO,INCONGRUENT
ucsfww0005,2019-09-12T16:33:47.404Z,2019-09-12T16:33:47.404Z,,default,15,55.61206,110.612595,Successful,Real,iOS 12.4.1,1536,2048,1.11.23,PST,326,"iPad4,4",Handheld,Apple A7 GPU,English,2,0,IPhonePlayer,972,0,1,B,NO,B,0,917,1561,YES,CONGRUENT
ucsfww0005,2019-09-12T16:33:47.404Z,2019-09-12T16:33:47.404Z,,default,16,55.61206,110.612595,Successful,Real,iOS 12.4.1,1536,2048,1.11.23,PST,326,"iPad4,4",Handheld,Apple A7 GPU,English,2,0,IPhonePlayer,972,0,1,A,YES,B,0,684,2471,NO,INCONGRUENT
ucsfww0005,2019-09-12T16:33:47.404Z,2019-09-12T16:33:47.404Z,,default,17,55.61206,110.612595,Successful,Real,iOS 12.4.1,1536,2048,1.11.23,PST,326,"iPad4,4",Handheld,Apple A7 GPU,English,2,0,IPhonePlayer,972,0,0,A,NO,A,0,484,1551,YES,CONGRUENT
ucsfww0005,2019-09-12T16:33:47.404Z,2019-09-12T16:33:47.404Z,,default,18,55.61206,110.612595,Successful,Real,iOS 12.4.1,1536,2048,1.11.23,PST,326,"iPad4,4",Handheld,Apple A7 GPU,English,2,0,IPhonePlayer,972,0,1,A,YES,B,0,918,2451,NO,INCONGRUENT
ucsfww0005,2019-09-12T16:33:47.404Z,2019-09-12T16:33:47.404Z,,default,19,55.61206,110.612595,Successful,Real,iOS 12.4.1,1536,2048,1.11.23,PST,326,"iPad4,4",Handheld,Apple A7 GPU,English,2,0,IPhonePlayer,972,0,1,B,NO,A,0,451,2421,YES,INCONGRUENT
ucsfww0005,2019-09-12T16:33:47.404Z,2019-09-12T16:33:47.404Z,,default,20,55.61206,110.612595,Successful,Real,iOS 12.4.1,1536,2048,1.11.23,PST,326,"iPad4,4",Handheld,Apple A7 GPU,English,2,0,IPhonePlayer,972,0,0,B,YES,B,0,484,1591,NO,CONGRUENT
ucsfww0005,2019-09-12T16:33:47.404Z,2019-09-12T16:33:47.404Z,,default,21,55.61206,110.612595,Successful,Real,iOS 12.4.1,1536,2048,1.11.23,PST,326,"iPad4,4",Handheld,Apple A7 GPU,English,2,0,IPhonePlayer,972,0,0,B,YES,A,0,634,2381,NO,INCONGRUENT
ucsfww0005,2019-09-12T16:33:47.404Z,2019-09-12T16:33:47.404Z,,default,22,55.61206,110.612595,Successful,Real,iOS 12.4.1,1536,2048,1.11.23,PST,326,"iPad4,4",Handheld,Apple A7 GPU,English,2,0,IPhonePlayer,972,0,1,A,YES,A,0,650,1671,NO,CONGRUENT
ucsfww0005,2019-09-12T16:33:47.404Z,2019-09-12T16:33:47.404Z,,default,23,55.61206,110.612595,Successful,Real,iOS 12.4.1,1536,2048,1.11.23,PST,326,"iPad4,4",Handheld,Apple A7 GPU,English,2,0,IPhonePlayer,972,0,0,A,NO,A,0,401,1661,YES,CONGRUENT
ucsfww0005,2019-09-12T16:33:47.404Z,2019-09-12T16:33:47.404Z,,default,24,55.61206,110.612595,Successful,Real,iOS 12.4.1,1536,2048,1.11.23,PST,326,"iPad4,4",Handheld,Apple A7 GPU,English,2,0,IPhonePlayer,972,0,1,A,YES,A,0,484,1701,NO,CONGRUENT
ucsfww0005,2019-09-12T16:33:47.404Z,2019-09-12T16:33:47.404Z,,default,25,55.61206,110.612595,Successful,Real,iOS 12.4.1,1536,2048,1.11.23,PST,326,"iPad4,4",Handheld,Apple A7 GPU,English,2,0,IPhonePlayer,972,0,1,B,NO,A,0,418,2421,YES,INCONGRUENT
ucsfww0005,2019-09-12T16:33:47.404Z,2019-09-12T16:33:47.404Z,,default,26,55.61206,110.612595,Successful,Real,iOS 12.4.1,1536,2048,1.11.23,PST,326,"iPad4,4",Handheld,Apple A7 GPU,English,2,0,IPhonePlayer,972,0,0,B,YES,A,0,600,2411,NO,INCONGRUENT
ucsfww0005,2019-09-12T16:33:47.404Z,2019-09-12T16:33:47.404Z,,default,27,55.61206,110.612595,Successful,Real,iOS 12.4.1,1536,2048,1.11.23,PST,326,"iPad4,4",Handheld,Apple A7 GPU,English,2,0,IPhonePlayer,972,0,0,B,YES,A,0,718,2451,NO,INCONGRUENT
ucsfww0007,2019-09-12T16:28:26.016Z,2019-09-12T16:28:26.016Z,,default,0,58.7378845,35.768856,TimeOut,StartingWindow,iOS 12.4.1,1536,2048,1.11.23,PST,326,"iPad4,4",Handheld,Apple A7 GPU,English,2,0,IPhonePlayer,972,0,1,A,YES,A,0,1434,5000,NO,CONGRUENT
ucsfww0007,2019-09-12T16:28:26.016Z,2019-09-12T16:28:26.016Z,,default,1,58.7378845,35.768856,TimeOut,StartingWindow,iOS 12.4.1,1536,2048,1.11.23,PST,326,"iPad4,4",Handheld,Apple A7 GPU,English,2,0,IPhonePlayer,972,0,1,B,NO,B,0,1251,5000,YES,CONGRUENT
ucsfww0007,2019-09-12T16:28:26.016Z,2019-09-12T16:28:26.016Z,,default,2,58.7378845,35.768856,TimeOut,StartingWindow,iOS 12.4.1,1536,2048,1.11.23,PST,326,"iPad4,4",Handheld,Apple A7 GPU,English,2,0,IPhonePlayer,972,0,1,B,NO,B,0,600,5000,YES,CONGRUENT
ucsfww0007,2019-09-12T16:28:26.016Z,2019-09-12T16:28:26.016Z,,default,3,58.7378845,35.768856,TimeOut,StartingWindow,iOS 12.4.1,1536,2048,1.11.23,PST,326,"iPad4,4",Handheld,Apple A7 GPU,English,2,0,IPhonePlayer,972,0,1,A,YES,B,0,851,5000,NO,INCONGRUENT
ucsfww0007,2019-09-12T16:28:26.016Z,2019-09-12T16:28:26.016Z,,default,4,58.7378845,35.768856,TimeOut,StartingWindow,iOS 12.4.1,1536,2048,1.11.23,PST,326,"iPad4,4",Handheld,Apple A7 GPU,English,2,0,IPhonePlayer,972,0,0,B,NO,A,1,0,5000,NO,INCONGRUENT
ucsfww0007,2019-09-12T16:28:46.706Z,2019-09-12T16:28:46.706Z,,default,0,56.3204727,94.5489349,Successful,StartingWindow,iOS 12.4.1,1536,2048,1.11.23,PST,326,"iPad4,4",Handheld,Apple A7 GPU,English,2,0,IPhonePlayer,972,0,1,A,YES,A,0,1051,5000,NO,CONGRUENT
ucsfww0007,2019-09-12T16:28:46.706Z,2019-09-12T16:28:46.706Z,,default,1,56.3204727,94.5489349,Successful,StartingWindow,iOS 12.4.1,1536,2048,1.11.23,PST,326,"iPad4,4",Handheld,Apple A7 GPU,English,2,0,IPhonePlayer,972,0,1,B,NO,B,0,600,5000,YES,CONGRUENT
ucsfww0007,2019-09-12T16:28:46.706Z,2019-09-12T16:28:46.706Z,,default,2,56.3204727,94.5489349,Successful,StartingWindow,iOS 12.4.1,1536,2048,1.11.23,PST,326,"iPad4,4",Handheld,Apple A7 GPU,English,2,0,IPhonePlayer,972,0,1,B,NO,B,0,1051,5000,YES,CONGRUENT
ucsfww0007,2019-09-12T16:28:46.706Z,2019-09-12T16:28:46.706Z,,default,3,56.3204727,94.5489349,Successful,StartingWindow,iOS 12.4.1,1536,2048,1.11.23,PST,326,"iPad4,4",Handheld,Apple A7 GPU,English,2,0,IPhonePlayer,972,0,1,A,YES,B,0,984,5000,NO,INCONGRUENT
ucsfww0007,2019-09-12T16:28:46.706Z,2019-09-12T16:28:46.706Z,,default,4,56.3204727,94.5489349,Successful,StartingWindow,iOS 12.4.1,1536,2048,1.11.23,PST,326,"iPad4,4",Handheld,Apple A7 GPU,English,2,0,IPhonePlayer,972,0,1,B,NO,A,0,934,5000,YES,INCONGRUENT
ucsfww0007,2019-09-12T16:28:46.706Z,2019-09-12T16:28:46.706Z,,default,5,56.3204727,94.5489349,Successful,StartingWindow,iOS 12.4.1,1536,2048,1.11.23,PST,326,"iPad4,4",Handheld,Apple A7 GPU,English,2,0,IPhonePlayer,972,0,1,A,YES,B,0,600,5000,NO,INCONGRUENT
ucsfww0007,2019-09-12T16:29:03.086Z,2019-09-12T16:29:03.086Z,,default,0,57.6264038,64.52007,Successful,Real,iOS 12.4.1,1536,2048,1.11.23,PST,326,"iPad4,4",Handheld,Apple A7 GPU,English,2,0,IPhonePlayer,972,0,1,A,YES,A,0,1050,1075,NO,CONGRUENT
ucsfww0007,2019-09-12T16:29:03.086Z,2019-09-12T16:29:03.086Z,,default,1,57.6264038,64.52007,Successful,Real,iOS 12.4.1,1536,2048,1.11.23,PST,326,"iPad4,4",Handheld,Apple A7 GPU,English,2,0,IPhonePlayer,972,0,1,B,NO,B,0,468,1065,YES,CONGRUENT
ucsfww0007,2019-09-12T16:29:03.086Z,2019-09-12T16:29:03.086Z,,default,2,57.6264038,64.52007,Successful,Real,iOS 12.4.1,1536,2048,1.11.23,PST,326,"iPad4,4",Handheld,Apple A7 GPU,English,2,0,IPhonePlayer,972,0,0,B,YES,B,0,434,1045,NO,CONGRUENT
ucsfww0007,2019-09-12T16:29:03.086Z,2019-09-12T16:29:03.086Z,,default,3,57.6264038,64.52007,Successful,Real,iOS 12.4.1,1536,2048,1.11.23,PST,326,"iPad4,4",Handheld,Apple A7 GPU,English,2,0,IPhonePlayer,972,0,0,A,NO,B,1,1916,1075,YES,INCONGRUENT
ucsfww0007,2019-09-12T16:29:03.086Z,2019-09-12T16:29:03.086Z,,default,4,57.6264038,64.52007,Successful,Real,iOS 12.4.1,1536,2048,1.11.23,PST,326,"iPad4,4",Handheld,Apple A7 GPU,English,2,0,IPhonePlayer,972,0,0,B,NO,B,1,0,1085,NO,CONGRUENT
ucsfww0007,2019-09-12T16:29:03.086Z,2019-09-12T16:29:03.086Z,,default,5,57.6264038,64.52007,Successful,Real,iOS 12.4.1,1536,2048,1.11.23,PST,326,"iPad4,4",Handheld,Apple A7 GPU,English,2,0,IPhonePlayer,972,0,0,A,YES,B,1,1200,1115,NO,INCONGRUENT
ucsfww0007,2019-09-12T16:29:03.086Z,2019-09-12T16:29:03.086Z,,default,6,57.6264038,64.52007,Successful,Real,iOS 12.4.1,1536,2048,1.11.23,PST,326,"iPad4,4",Handheld,Apple A7 GPU,English,2,0,IPhonePlayer,972,0,0,A,NO,B,0,1001,1195,YES,INCONGRUENT
ucsfww0007,2019-09-12T16:29:03.086Z,2019-09-12T16:29:03.086Z,,default,7,57.6264038,64.52007,Successful,Real,iOS 12.4.1,1536,2048,1.11.23,PST,326,"iPad4,4",Handheld,Apple A7 GPU,English,2,0,IPhonePlayer,972,0,1,B,NO,A,0,1017,1315,YES,INCONGRUENT
ucsfww0007,2019-09-12T16:29:03.086Z,2019-09-12T16:29:03.086Z,,default,8,57.6264038,64.52007,Successful,Real,iOS 12.4.1,1536,2048,1.11.23,PST,326,"iPad4,4",Handheld,Apple A7 GPU,English,2,0,IPhonePlayer,972,0,0,B,YES,B,0,451,1165,NO,CONGRUENT
ucsfww0007,2019-09-12T16:29:03.086Z,2019-09-12T16:29:03.086Z,,default,9,57.6264038,64.52007,Successful,Real,iOS 12.4.1,1536,2048,1.11.23,PST,326,"iPad4,4",Handheld,Apple A7 GPU,English,2,0,IPhonePlayer,972,0,1,B,NO,B,0,634,1285,YES,CONGRUENT
ucsfww0007,2019-09-12T16:29:03.086Z,2019-09-12T16:29:03.086Z,,default,10,57.6264038,64.52007,Successful,Real,iOS 12.4.1,1536,2048,1.11.23,PST,326,"iPad4,4",Handheld,Apple A7 GPU,English,2,0,IPhonePlayer,972,0,0,A,YES,B,1,1783,1305,NO,INCONGRUENT
ucsfww0007,2019-09-12T16:29:03.086Z,2019-09-12T16:29:03.086Z,,default,11,57.6264038,64.52007,Successful,Real,iOS 12.4.1,1536,2048,1.11.23,PST,326,"iPad4,4",Handheld,Apple A7 GPU,English,2,0,IPhonePlayer,972,0,1,B,NO,A,0,484,1345,YES,INCONGRUENT
ucsfww0007,2019-09-12T16:29:03.086Z,2019-09-12T16:29:03.086Z,,default,12,57.6264038,64.52007,Successful,Real,iOS 12.4.1,1536,2048,1.11.23,PST,326,"iPad4,4",Handheld,Apple A7 GPU,English,2,0,IPhonePlayer,972,0,1,B,NO,B,0,684,1275,YES,CONGRUENT
ucsfww0007,2019-09-12T16:29:03.086Z,2019-09-12T16:29:03.086Z,,default,13,57.6264038,64.52007,Successful,Real,iOS 12.4.1,1536,2048,1.11.23,PST,326,"iPad4,4",Handheld,Apple A7 GPU,English,2,0,IPhonePlayer,972,0,1,B,NO,B,0,484,1255,YES,CONGRUENT
ucsfww0007,2019-09-12T16:29:03.086Z,2019-09-12T16:29:03.086Z,,default,14,57.6264038,64.52007,Successful,Real,iOS 12.4.1,1536,2048,1.11.23,PST,326,"iPad4,4",Handheld,Apple A7 GPU,English,2,0,IPhonePlayer,972,0,0,A,NO,B,0,1134,1335,YES,INCONGRUENT
ucsfww0007,2019-09-12T16:29:03.086Z,2019-09-12T16:29:03.086Z,,default,15,57.6264038,64.52007,Successful,Real,iOS 12.4.1,1536,2048,1.11.23,PST,326,"iPad4,4",Handheld,Apple A7 GPU,English,2,0,IPhonePlayer,972,0,0,A,YES,A,1,1233,1225,NO,CONGRUENT
ucsfww0007,2019-09-12T16:29:03.086Z,2019-09-12T16:29:03.086Z,,default,16,57.6264038,64.52007,Successful,Real,iOS 12.4.1,1536,2048,1.11.23,PST,326,"iPad4,4",Handheld,Apple A7 GPU,English,2,0,IPhonePlayer,972,0,0,A,NO,B,0,534,1375,YES,INCONGRUENT
ucsfww0007,2019-09-12T16:29:03.086Z,2019-09-12T16:29:03.086Z,,default,17,57.6264038,64.52007,Successful,Real,iOS 12.4.1,1536,2048,1.11.23,PST,326,"iPad4,4",Handheld,Apple A7 GPU,English,2,0,IPhonePlayer,972,0,0,B,YES,A,0,650,1455,NO,INCONGRUENT
ucsfww0007,2019-09-12T16:29:03.086Z,2019-09-12T16:29:03.086Z,,default,18,57.6264038,64.52007,Successful,Real,iOS 12.4.1,1536,2048,1.11.23,PST,326,"iPad4,4",Handheld,Apple A7 GPU,English,2,0,IPhonePlayer,972,0,0,A,NO,B,0,568,1575,YES,INCONGRUENT
ucsfww0007,2019-09-12T16:29:03.086Z,2019-09-12T16:29:03.086Z,,default,19,57.6264038,64.52007,Successful,Real,iOS 12.4.1,1536,2048,1.11.23,PST,326,"iPad4,4",Handheld,Apple A7 GPU,English,2,0,IPhonePlayer,972,0,0,A,NO,A,1,1500,1265,YES,CONGRUENT
ucsfww0007,2019-09-12T16:29:03.086Z,2019-09-12T16:29:03.086Z,,default,20,57.6264038,64.52007,Successful,Real,iOS 12.4.1,1536,2048,1.11.23,PST,326,"iPad4,4",Handheld,Apple A7 GPU,English,2,0,IPhonePlayer,972,0,1,A,YES,A,0,751,1345,NO,CONGRUENT
ucsfww0007,2019-09-12T16:29:03.086Z,2019-09-12T16:29:03.086Z,,default,21,57.6264038,64.52007,Successful,Real,iOS 12.4.1,1536,2048,1.11.23,PST,326,"iPad4,4",Handheld,Apple A7 GPU,English,2,0,IPhonePlayer,972,0,0,B,YES,A,0,734,1735,NO,INCONGRUENT
ucsfww0007,2019-09-12T16:29:03.086Z,2019-09-12T16:29:03.086Z,,default,22,57.6264038,64.52007,Successful,Real,iOS 12.4.1,1536,2048,1.11.23,PST,326,"iPad4,4",Handheld,Apple A7 GPU,English,2,0,IPhonePlayer,972,0,0,B,YES,A,0,1184,1935,NO,INCONGRUENT
ucsfww0007,2019-09-12T16:29:03.086Z,2019-09-12T16:29:03.086Z,,default,23,57.6264038,64.52007,Successful,Real,iOS 12.4.1,1536,2048,1.11.23,PST,326,"iPad4,4",Handheld,Apple A7 GPU,English,2,0,IPhonePlayer,972,0,0,A,NO,A,0,918,1335,YES,CONGRUENT
ucsfww0007,2019-09-12T16:29:03.086Z,2019-09-12T16:29:03.086Z,,default,24,57.6264038,64.52007,Successful,Real,iOS 12.4.1,1536,2048,1.11.23,PST,326,"iPad4,4",Handheld,Apple A7 GPU,English,2,0,IPhonePlayer,972,0,0,A,YES,A,1,1466,1375,NO,CONGRUENT
ucsfww0007,2019-09-12T16:29:03.086Z,2019-09-12T16:29:03.086Z,,default,25,57.6264038,64.52007,Successful,Real,iOS 12.4.1,1536,2048,1.11.23,PST,326,"iPad4,4",Handheld,Apple A7 GPU,English,2,0,IPhonePlayer,972,0,1,B,NO,A,0,484,2175,YES,INCONGRUENT
ucsfww0007,2019-09-12T16:29:03.086Z,2019-09-12T16:29:03.086Z,,default,26,57.6264038,64.52007,Successful,Real,iOS 12.4.1,1536,2048,1.11.23,PST,326,"iPad4,4",Handheld,Apple A7 GPU,English,2,0,IPhonePlayer,972,0,0,B,YES,A,0,1167,2165,NO,INCONGRUENT
ucsfww0007,2019-09-12T16:29:03.086Z,2019-09-12T16:29:03.086Z,,default,27,57.6264038,64.52007,Successful,Real,iOS 12.4.1,1536,2048,1.11.23,PST,326,"iPad4,4",Handheld,Apple A7 GPU,English,2,0,IPhonePlayer,972,0,0,A,YES,A,1,2400,1455,NO,CONGRUENT
ucsfww0008,2019-09-12T16:29:28.147Z,2019-09-12T16:29:28.147Z,,default,0,59.3271828,23.7720165,Successful,StartingWindow,iOS 12.4.1,1536,2048,1.11.23,PST,326,"iPad4,4",Handheld,Apple A7 GPU,English,2,0,IPhonePlayer,972,0,1,A,YES,A,0,2084,5000,NO,CONGRUENT
ucsfww0008,2019-09-12T16:29:28.147Z,2019-09-12T16:29:28.147Z,,default,1,59.3271828,23.7720165,Successful,StartingWindow,iOS 12.4.1,1536,2048,1.11.23,PST,326,"iPad4,4",Handheld,Apple A7 GPU,English,2,0,IPhonePlayer,972,0,1,B,NO,B,0,834,5000,YES,CONGRUENT
ucsfww0008,2019-09-12T16:29:28.147Z,2019-09-12T16:29:28.147Z,,default,2,59.3271828,23.7720165,Successful,StartingWindow,iOS 12.4.1,1536,2048,1.11.23,PST,326,"iPad4,4",Handheld,Apple A7 GPU,English,2,0,IPhonePlayer,972,0,1,B,NO,B,0,867,5000,YES,CONGRUENT
ucsfww0008,2019-09-12T16:29:28.147Z,2019-09-12T16:29:28.147Z,,default,3,59.3271828,23.7720165,Successful,StartingWindow,iOS 12.4.1,1536,2048,1.11.23,PST,326,"iPad4,4",Handheld,Apple A7 GPU,English,2,0,IPhonePlayer,972,0,1,B,NO,A,0,2251,5000,YES,INCONGRUENT
ucsfww0008,2019-09-12T16:29:28.147Z,2019-09-12T16:29:28.147Z,,default,4,59.3271828,23.7720165,Successful,StartingWindow,iOS 12.4.1,1536,2048,1.11.23,PST,326,"iPad4,4",Handheld,Apple A7 GPU,English,2,0,IPhonePlayer,972,0,0,A,NO,B,0,1317,5000,YES,INCONGRUENT
ucsfww0008,2019-09-12T16:29:28.147Z,2019-09-12T16:29:28.147Z,,default,5,59.3271828,23.7720165,Successful,StartingWindow,iOS 12.4.1,1536,2048,1.11.23,PST,326,"iPad4,4",Handheld,Apple A7 GPU,English,2,0,IPhonePlayer,972,0,0,A,NO,B,0,384,5000,YES,INCONGRUENT
ucsfww0008,2019-09-12T16:29:46.813Z,2019-09-12T16:29:46.813Z,,default,0,59.2474747,25.0511322,Successful,StartingWindow,iOS 12.4.1,1536,2048,1.11.23,PST,326,"iPad4,4",Handheld,Apple A7 GPU,English,2,0,IPhonePlayer,972,0,1,A,YES,A,0,1484,5000,NO,CONGRUENT
ucsfww0008,2019-09-12T16:29:46.813Z,2019-09-12T16:29:46.813Z,,default,1,59.2474747,25.0511322,Successful,StartingWindow,iOS 12.4.1,1536,2048,1.11.23,PST,326,"iPad4,4",Handheld,Apple A7 GPU,English,2,0,IPhonePlayer,972,0,1,B,NO,B,0,401,5000,YES,CONGRUENT
ucsfww0008,2019-09-12T16:29:46.813Z,2019-09-12T16:29:46.813Z,,default,2,59.2474747,25.0511322,Successful,StartingWindow,iOS 12.4.1,1536,2048,1.11.23,PST,326,"iPad4,4",Handheld,Apple A7 GPU,English,2,0,IPhonePlayer,972,0,1,B,NO,B,0,917,5000,YES,CONGRUENT
ucsfww0008,2019-09-12T16:29:46.813Z,2019-09-12T16:29:46.813Z,,default,3,59.2474747,25.0511322,Successful,StartingWindow,iOS 12.4.1,1536,2048,1.11.23,PST,326,"iPad4,4",Handheld,Apple A7 GPU,English,2,0,IPhonePlayer,972,0,1,B,NO,A,0,1235,5000,YES,INCONGRUENT
ucsfww0008,2019-09-12T16:29:46.813Z,2019-09-12T16:29:46.813Z,,default,4,59.2474747,25.0511322,Successful,StartingWindow,iOS 12.4.1,1536,2048,1.11.23,PST,326,"iPad4,4",Handheld,Apple A7 GPU,English,2,0,IPhonePlayer,972,0,1,A,YES,B,0,850,5000,NO,INCONGRUENT
ucsfww0008,2019-09-12T16:29:46.813Z,2019-09-12T16:29:46.813Z,,default,5,59.2474747,25.0511322,Successful,StartingWindow,iOS 12.4.1,1536,2048,1.11.23,PST,326,"iPad4,4",Handheld,Apple A7 GPU,English,2,0,IPhonePlayer,972,0,1,A,YES,B,0,601,5000,NO,INCONGRUENT
ucsfww0008,2019-09-12T16:30:04.282Z,2019-09-12T16:30:04.282Z,,default,0,59.21535,25.6417179,Successful,Real,iOS 12.4.1,1536,2048,1.11.23,PST,326,"iPad4,4",Handheld,Apple A7 GPU,English,2,0,IPhonePlayer,972,0,0,A,YES,A,1,1117,999,NO,CONGRUENT
ucsfww0008,2019-09-12T16:30:04.282Z,2019-09-12T16:30:04.282Z,,default,1,59.21535,25.6417179,Successful,Real,iOS 12.4.1,1536,2048,1.11.23,PST,326,"iPad4,4",Handheld,Apple A7 GPU,English,2,0,IPhonePlayer,972,0,0,A,NO,B,1,1033,999,YES,INCONGRUENT
ucsfww0008,2019-09-12T16:30:04.282Z,2019-09-12T16:30:04.282Z,,default,2,59.21535,25.6417179,Successful,Real,iOS 12.4.1,1536,2048,1.11.23,PST,326,"iPad4,4",Handheld,Apple A7 GPU,English,2,0,IPhonePlayer,972,0,0,A,NO,B,0,600,1039,YES,INCONGRUENT
ucsfww0008,2019-09-12T16:30:04.282Z,2019-09-12T16:30:04.282Z,,default,3,59.21535,25.6417179,Successful,Real,iOS 12.4.1,1536,2048,1.11.23,PST,326,"iPad4,4",Handheld,Apple A7 GPU,English,2,0,IPhonePlayer,972,0,1,B,NO,A,0,484,1119,YES,INCONGRUENT
ucsfww0008,2019-09-12T16:30:04.282Z,2019-09-12T16:30:04.282Z,,default,4,59.21535,25.6417179,Successful,Real,iOS 12.4.1,1536,2048,1.11.23,PST,326,"iPad4,4",Handheld,Apple A7 GPU,English,2,0,IPhonePlayer,972,0,1,B,NO,B,0,651,1039,YES,CONGRUENT
ucsfww0008,2019-09-12T16:30:04.282Z,2019-09-12T16:30:04.282Z,,default,5,59.21535,25.6417179,Successful,Real,iOS 12.4.1,1536,2048,1.11.23,PST,326,"iPad4,4",Handheld,Apple A7 GPU,English,2,0,IPhonePlayer,972,0,1,B,NO,A,0,317,1109,YES,INCONGRUENT
ucsfww0008,2019-09-12T16:30:04.282Z,2019-09-12T16:30:04.282Z,,default,6,59.21535,25.6417179,Successful,Real,iOS 12.4.1,1536,2048,1.11.23,PST,326,"iPad4,4",Handheld,Apple A7 GPU,English,2,0,IPhonePlayer,972,0,0,A,NO,B,0,468,1089,YES,INCONGRUENT
ucsfww0008,2019-09-12T16:30:04.282Z,2019-09-12T16:30:04.282Z,,default,7,59.21535,25.6417179,Successful,Real,iOS 12.4.1,1536,2048,1.11.23,PST,326,"iPad4,4",Handheld,Apple A7 GPU,English,2,0,IPhonePlayer,972,0,1,B,NO,B,0,317,1029,YES,CONGRUENT
ucsfww0008,2019-09-12T16:30:04.282Z,2019-09-12T16:30:04.282Z,,default,8,59.21535,25.6417179,Successful,Real,iOS 12.4.1,1536,2048,1.11.23,PST,326,"iPad4,4",Handheld,Apple A7 GPU,English,2,0,IPhonePlayer,972,0,0,A,YES,A,1,1050,1009,NO,CONGRUENT
ucsfww0008,2019-09-12T16:30:04.282Z,2019-09-12T16:30:04.282Z,,default,9,59.21535,25.6417179,Successful,Real,iOS 12.4.1,1536,2048,1.11.23,PST,326,"iPad4,4",Handheld,Apple A7 GPU,English,2,0,IPhonePlayer,972,0,0,A,NO,B,0,284,1129,YES,INCONGRUENT
ucsfww0008,2019-09-12T16:30:04.282Z,2019-09-12T16:30:04.282Z,,default,10,59.21535,25.6417179,Successful,Real,iOS 12.4.1,1536,2048,1.11.23,PST,326,"iPad4,4",Handheld,Apple A7 GPU,English,2,0,IPhonePlayer,972,0,1,B,NO,B,0,267,1049,YES,CONGRUENT
ucsfww0008,2019-09-12T16:30:04.282Z,2019-09-12T16:30:04.282Z,,default,11,59.21535,25.6417179,Successful,Real,iOS 12.4.1,1536,2048,1.11.23,PST,326,"iPad4,4",Handheld,Apple A7 GPU,English,2,0,IPhonePlayer,972,0,1,B,NO,B,0,367,1039,YES,CONGRUENT
ucsfww0008,2019-09-12T16:30:04.282Z,2019-09-12T16:30:04.282Z,,default,12,59.21535,25.6417179,Successful,Real,iOS 12.4.1,1536,2048,1.11.23,PST,326,"iPad4,4",Handheld,Apple A7 GPU,English,2,0,IPhonePlayer,972,0,0,A,NO,B,0,434,1209,YES,INCONGRUENT
ucsfww0008,2019-09-12T16:30:04.282Z,2019-09-12T16:30:04.282Z,,default,13,59.21535,25.6417179,Successful,Real,iOS 12.4.1,1536,2048,1.11.23,PST,326,"iPad4,4",Handheld,Apple A7 GPU,English,2,0,IPhonePlayer,972,0,1,B,NO,B,0,535,1019,YES,CONGRUENT
ucsfww0008,2019-09-12T16:30:04.282Z,2019-09-12T16:30:04.282Z,,default,14,59.21535,25.6417179,Successful,Real,iOS 12.4.1,1536,2048,1.11.23,PST,326,"iPad4,4",Handheld,Apple A7 GPU,English,2,0,IPhonePlayer,972,0,1,B,NO,B,0,484,989,YES,CONGRUENT
ucsfww0008,2019-09-12T16:30:04.282Z,2019-09-12T16:30:04.282Z,,default,15,59.21535,25.6417179,Successful,Real,iOS 12.4.1,1536,2048,1.11.23,PST,326,"iPad4,4",Handheld,Apple A7 GPU,English,2,0,IPhonePlayer,972,0,1,B,NO,B,0,434,949,YES,CONGRUENT
ucsfww0008,2019-09-12T16:30:04.282Z,2019-09-12T16:30:04.282Z,,default,16,59.21535,25.6417179,Successful,Real,iOS 12.4.1,1536,2048,1.11.23,PST,326,"iPad4,4",Handheld,Apple A7 GPU,English,2,0,IPhonePlayer,972,0,0,A,NO,B,0,350,1329,YES,INCONGRUENT
ucsfww0008,2019-09-12T16:30:04.282Z,2019-09-12T16:30:04.282Z,,default,17,59.21535,25.6417179,Successful,Real,iOS 12.4.1,1536,2048,1.11.23,PST,326,"iPad4,4",Handheld,Apple A7 GPU,English,2,0,IPhonePlayer,972,0,0,A,NO,B,0,784,1489,YES,INCONGRUENT
ucsfww0008,2019-09-12T16:30:04.282Z,2019-09-12T16:30:04.282Z,,default,18,59.21535,25.6417179,Successful,Real,iOS 12.4.1,1536,2048,1.11.23,PST,326,"iPad4,4",Handheld,Apple A7 GPU,English,2,0,IPhonePlayer,972,0,0,B,YES,A,0,617,1689,NO,INCONGRUENT
ucsfww0008,2019-09-12T16:30:04.282Z,2019-09-12T16:30:04.282Z,,default,19,59.21535,25.6417179,Successful,Real,iOS 12.4.1,1536,2048,1.11.23,PST,326,"iPad4,4",Handheld,Apple A7 GPU,English,2,0,IPhonePlayer,972,0,0,A,NO,A,1,900,899,YES,CONGRUENT
ucsfww0008,2019-09-12T16:30:04.282Z,2019-09-12T16:30:04.282Z,,default,20,59.21535,25.6417179,Successful,Real,iOS 12.4.1,1536,2048,1.11.23,PST,326,"iPad4,4",Handheld,Apple A7 GPU,English,2,0,IPhonePlayer,972,0,1,B,NO,A,0,1267,1929,YES,INCONGRUENT
ucsfww0008,2019-09-12T16:30:04.282Z,2019-09-12T16:30:04.282Z,,default,21,59.21535,25.6417179,Successful,Real,iOS 12.4.1,1536,2048,1.11.23,PST,326,"iPad4,4",Handheld,Apple A7 GPU,English,2,0,IPhonePlayer,972,0,0,B,YES,A,0,834,1919,NO,INCONGRUENT
ucsfww0008,2019-09-12T16:30:04.282Z,2019-09-12T16:30:04.282Z,,default,22,59.21535,25.6417179,Successful,Real,iOS 12.4.1,1536,2048,1.11.23,PST,326,"iPad4,4",Handheld,Apple A7 GPU,English,2,0,IPhonePlayer,972,0,1,A,YES,A,0,901,939,NO,CONGRUENT
ucsfww0008,2019-09-12T16:30:04.282Z,2019-09-12T16:30:04.282Z,,default,23,59.21535,25.6417179,Successful,Real,iOS 12.4.1,1536,2048,1.11.23,PST,326,"iPad4,4",Handheld,Apple A7 GPU,English,2,0,IPhonePlayer,972,0,0,A,NO,A,1,934,929,YES,CONGRUENT
ucsfww0008,2019-09-12T16:30:04.282Z,2019-09-12T16:30:04.282Z,,default,24,59.21535,25.6417179,Successful,Real,iOS 12.4.1,1536,2048,1.11.23,PST,326,"iPad4,4",Handheld,Apple A7 GPU,English,2,0,IPhonePlayer,972,0,1,A,YES,A,0,917,969,NO,CONGRUENT
ucsfww0008,2019-09-12T16:30:04.282Z,2019-09-12T16:30:04.282Z,,default,25,59.21535,25.6417179,Successful,Real,iOS 12.4.1,1536,2048,1.11.23,PST,326,"iPad4,4",Handheld,Apple A7 GPU,English,2,0,IPhonePlayer,972,0,0,B,YES,A,0,951,1959,NO,INCONGRUENT
ucsfww0008,2019-09-12T16:30:04.282Z,2019-09-12T16:30:04.282Z,,default,26,59.21535,25.6417179,Successful,Real,iOS 12.4.1,1536,2048,1.11.23,PST,326,"iPad4,4",Handheld,Apple A7 GPU,English,2,0,IPhonePlayer,972,0,1,B,NO,A,0,834,2039,YES,INCONGRUENT
ucsfww0008,2019-09-12T16:30:04.282Z,2019-09-12T16:30:04.282Z,,default,27,59.21535,25.6417179,Successful,Real,iOS 12.4.1,1536,2048,1.11.23,PST,326,"iPad4,4",Handheld,Apple A7 GPU,English,2,0,IPhonePlayer,972,0,0,A,YES,A,1,1150,959,NO,CONGRUENT